subject,file,trial,sequence,label,movement_sample_1based,displacement_sample_1based,movement_to_displacement_ms,target_to_movement_ms
spe30,20180717152415_spe30_pre_run1_EEG.easy,1,100 200 300 400 500,2,3750,3753,6,288
spe30,20180717152415_spe30_pre_run1_EEG.easy,2,100 200 300 400,1,5513,0,,234
spe30,20180717152415_spe30_pre_run1_EEG.easy,3,100 200 300 400,1,7115,0,,242
spe30,20180717152415_spe30_pre_run1_EEG.easy,4,100 200 300 400 500,2,8552,8555,6,248
spe30,20180717152415_spe30_pre_run1_EEG.easy,5,100 200 300 400 500,2,10598,10601,6,232
spe30,20180717152415_spe30_pre_run1_EEG.easy,6,100 200 300 400,1,13151,0,,264
spe30,20180717152415_spe30_pre_run1_EEG.easy,7,100 200 300 400,1,14861,0,,240
spe30,20180717152415_spe30_pre_run1_EEG.easy,8,100 200 300 400,1,16418,0,,316
spe30,20180717152415_spe30_pre_run1_EEG.easy,9,100 200 300 400 500,2,17791,17794,6,272
spe30,20180717152415_spe30_pre_run1_EEG.easy,10,100 200 300 400,1,19365,0,,236
spe30,20180717152415_spe30_pre_run1_EEG.easy,11,100 200 300 400,1,20753,0,,238
spe30,20180717152415_spe30_pre_run1_EEG.easy,12,100 200 300 400 500,2,22104,22107,6,256
spe30,20180717152415_spe30_pre_run1_EEG.easy,13,100 200 300 400,1,23818,0,,232
spe30,20180717152415_spe30_pre_run1_EEG.easy,14,100 200 300 400,1,25426,0,,224
spe30,20180717152415_spe30_pre_run1_EEG.easy,15,100 200 300 400,1,27677,0,,220
spe30,20180717152415_spe30_pre_run1_EEG.easy,16,100 200 300 400,1,29073,0,,282
spe30,20180717152415_spe30_pre_run1_EEG.easy,17,100 200 300 400,1,30460,0,,238
spe30,20180717152415_spe30_pre_run1_EEG.easy,18,100 200 300 400,1,32015,0,,224
spe30,20180717152415_spe30_pre_run1_EEG.easy,19,100 200 300 400 500,2,33452,33455,6,334
spe30,20180717152415_spe30_pre_run1_EEG.easy,20,100 200 300 400,1,35147,0,,228
spe30,20180717152415_spe30_pre_run1_EEG.easy,21,100 200 300 400,1,36814,0,,218
spe30,20180717152415_spe30_pre_run1_EEG.easy,22,100 200 300 400,1,38449,0,,238
spe30,20180717152415_spe30_pre_run1_EEG.easy,23,100 200 300 400,1,39818,0,,234
spe30,20180717152415_spe30_pre_run1_EEG.easy,24,100 200 300 400,1,41144,0,,238
spe30,20180717152415_spe30_pre_run1_EEG.easy,25,100 200 300 400 500,2,42775,42778,6,238
spe30,20180717152415_spe30_pre_run1_EEG.easy,26,100 200 300 400,1,44562,0,,220
spe30,20180717152415_spe30_pre_run1_EEG.easy,27,100 200 300 400,1,45994,0,,212
spe30,20180717152415_spe30_pre_run1_EEG.easy,28,100 200 300 400 500,2,47706,47709,6,216
spe30,20180717152415_spe30_pre_run1_EEG.easy,29,100 200 300 400 500,2,50298,50301,6,214
spe30,20180717152415_spe30_pre_run1_EEG.easy,30,100 200 300 400,1,52137,0,,226
spe30,20180717152415_spe30_pre_run1_EEG.easy,31,100 200 300 400,1,53800,0,,228
spe30,20180717152415_spe30_pre_run1_EEG.easy,32,100 200 300 400,1,55498,0,,246
spe30,20180717152415_spe30_pre_run1_EEG.easy,33,100 200 300 400 500,2,57039,57042,6,220
spe30,20180717152415_spe30_pre_run1_EEG.easy,34,100 200 300 400,1,58481,0,,222
spe30,20180717152415_spe30_pre_run1_EEG.easy,35,100 200 300 400,1,59822,0,,220
spe30,20180717152415_spe30_pre_run1_EEG.easy,36,100 200 300 400,1,61526,0,,220
spe30,20180717152415_spe30_pre_run1_EEG.easy,37,100 200 300 400 500,2,62958,62961,6,230
spe30,20180717152415_spe30_pre_run1_EEG.easy,38,100 200 300 400,1,64689,0,,226
spe30,20180717152415_spe30_pre_run1_EEG.easy,39,100 200 300 400 500,2,66049,66052,6,240
spe30,20180717152415_spe30_pre_run1_EEG.easy,40,100 200 300 400,1,67709,0,,210
spe30,20180717152415_spe30_pre_run1_EEG.easy,41,100 200 300 400 500,2,70230,70233,6,240
spe30,20180717152415_spe30_pre_run1_EEG.easy,42,100 200 300 400 500,2,71835,71838,6,256
spe30,20180717152415_spe30_pre_run1_EEG.easy,43,100 200 300 400,1,73652,0,,224
spe30,20180717152415_spe30_pre_run1_EEG.easy,44,100 200 300 400,1,75413,0,,228
spe30,20180717152415_spe30_pre_run1_EEG.easy,45,100 200 300 400,1,77371,0,,204
spe30,20180717152415_spe30_pre_run1_EEG.easy,46,100 200 300 400,1,78870,0,,236
spe30,20180717152415_spe30_pre_run1_EEG.easy,47,100 200 300 400 500,2,80367,80370,6,254
spe30,20180717152415_spe30_pre_run1_EEG.easy,48,100 200 300 400 500,2,82023,82026,6,224
spe30,20180717152415_spe30_pre_run1_EEG.easy,49,100 200 300 400,1,83542,0,,230
spe30,20180717152415_spe30_pre_run1_EEG.easy,50,100 200 300 400,1,84988,0,,226
spe30,20180717152415_spe30_pre_run1_EEG.easy,51,100 200 300 400 500,2,87435,87438,6,226
spe30,20180717152415_spe30_pre_run1_EEG.easy,52,100 200 300 400,1,88662,0,,242
spe30,20180717152415_spe30_pre_run1_EEG.easy,53,100 200 300 400,1,90094,0,,234
spe30,20180717152415_spe30_pre_run1_EEG.easy,54,100 200 300 400,1,91837,0,,222
spe30,20180717152415_spe30_pre_run1_EEG.easy,55,100 200 300 400,1,93419,0,,238
spe30,20180717152415_spe30_pre_run1_EEG.easy,56,100 200 300 400,1,95311,0,,234
spe30,20180717152415_spe30_pre_run1_EEG.easy,57,100 200 300 400,1,96376,0,,396
spe30,20180717152415_spe30_pre_run1_EEG.easy,58,100 200 300 400,1,98519,0,,222
spe30,20180717152415_spe30_pre_run1_EEG.easy,59,100 200 300 400,1,100430,0,,226
spe30,20180717152415_spe30_pre_run1_EEG.easy,60,100 200 300 400 500,2,102548,102551,6,248
spe30,20180717152415_spe30_pre_run1_EEG.easy,61,100 200 300 400 500,2,104036,104039,6,234
spe30,20180717152415_spe30_pre_run1_EEG.easy,62,100 200 300 400,1,105495,0,,236
spe30,20180717152415_spe30_pre_run1_EEG.easy,63,100 200 300 400,1,107029,0,,60
spe30,20180717152415_spe30_pre_run1_EEG.easy,64,100 200 300 400,1,108405,0,,234
spe30,20180717152415_spe30_pre_run1_EEG.easy,65,100 200 300 400,1,109770,0,,232
spe30,20180717152415_spe30_pre_run1_EEG.easy,66,100 200 300 400,1,111074,0,,216
spe30,20180717152415_spe30_pre_run1_EEG.easy,67,100 200 300 400,1,112468,0,,86
spe30,20180717152415_spe30_pre_run1_EEG.easy,68,100 200 300 400,1,114287,0,,250
spe30,20180717152415_spe30_pre_run1_EEG.easy,69,100 200 300 400 500,2,115940,115943,6,230
spe30,20180717152415_spe30_pre_run1_EEG.easy,70,100 200 300 400,1,117102,0,,290
spe30,20180717152415_spe30_pre_run1_EEG.easy,71,100 200 300 400 500,2,118501,118504,6,234
spe30,20180717152415_spe30_pre_run1_EEG.easy,72,100 200 300 400 500,2,120415,120418,6,240
spe30,20180717152415_spe30_pre_run1_EEG.easy,73,100 200 300 400,1,122104,0,,242
spe30,20180717152415_spe30_pre_run1_EEG.easy,74,100 200 300 400,1,123564,0,,234
spe30,20180717152415_spe30_pre_run1_EEG.easy,75,100 255 200 300 400,1,124917,0,,230
spe30,20180717152415_spe30_pre_run1_EEG.easy,76,100 200 300 400,1,126251,0,,228
spe30,20180717152415_spe30_pre_run1_EEG.easy,77,100 200 300 400,1,128044,0,,246
spe30,20180717152415_spe30_pre_run1_EEG.easy,78,100 200 300 400 500,2,129733,129736,6,248
spe30,20180717152415_spe30_pre_run1_EEG.easy,79,100 200 300 400 500,2,131066,131069,6,226
spe30,20180717152415_spe30_pre_run1_EEG.easy,80,100 200 300 400 500,2,132221,132224,6,226
spe30,20180717152415_spe30_pre_run1_EEG.easy,81,100 200 300 400,1,134429,0,,244
spe30,20180717152415_spe30_pre_run1_EEG.easy,82,100 200 300 400 500,2,135940,135943,6,232
spe30,20180717152415_spe30_pre_run1_EEG.easy,83,100 200 300 400 500,2,138202,138205,6,230
spe30,20180717152415_spe30_pre_run1_EEG.easy,84,100 200 300 400,1,139618,0,,222
spe30,20180717152415_spe30_pre_run1_EEG.easy,85,100 200 300 400,1,141289,0,,6
spe30,20180717152415_spe30_pre_run1_EEG.easy,86,100 200 300 400,1,143168,0,,264
spe30,20180717152415_spe30_pre_run1_EEG.easy,87,100 200 300 400 500,2,144820,144831,22,6
spe30,20180717152415_spe30_pre_run1_EEG.easy,88,100 200 300 400,1,147466,0,,222
spe30,20180717152415_spe30_pre_run1_EEG.easy,89,100 200 300 400 500,2,148420,148423,6,328
spe30,20180717152415_spe30_pre_run1_EEG.easy,90,100 200 300 400,1,150274,0,,240
spe30,20180717152415_spe30_pre_run1_EEG.easy,91,100 200 300 400 500,2,151701,151704,6,232
spe30,20180717152415_spe30_pre_run1_EEG.easy,92,100 200 300 400,1,153227,0,,226
spe30,20180717152415_spe30_pre_run1_EEG.easy,93,100 200 300 400 500,2,154772,154775,6,228
spe30,20180717152415_spe30_pre_run1_EEG.easy,94,100 200 300 400,1,156172,0,,212
spe30,20180717152415_spe30_pre_run1_EEG.easy,95,100 200 300 400,1,157646,0,,228
spe30,20180717152415_spe30_pre_run1_EEG.easy,96,100 200 300 400,1,159817,0,,234
spe30,20180717152415_spe30_pre_run1_EEG.easy,97,100 200 300 400 500,2,161273,161275,4,254
spe30,20180717152415_spe30_pre_run1_EEG.easy,98,100 200 300 400,1,163665,0,,244
spe30,20180717152415_spe30_pre_run1_EEG.easy,99,100 200 300 400 500,2,165310,165313,6,234
spe30,20180717152415_spe30_pre_run1_EEG.easy,100,100 200 300 400 500,2,167162,167166,8,222
spe30,20180717153038_spe30_pre_run2_EEG.easy,1,100 200 300 400 255,1,82020,0,,260
spe30,20180717153038_spe30_pre_run2_EEG.easy,2,100 200 300 400 500,2,84233,84236,6,244
spe30,20180717153038_spe30_pre_run2_EEG.easy,3,100 200 300 400 500,2,85390,85393,6,304
spe30,20180717153038_spe30_pre_run2_EEG.easy,4,100 200 300 400,1,86820,0,,220
spe30,20180717153038_spe30_pre_run2_EEG.easy,5,100 200 300 400,1,88022,0,,226
spe30,20180717153038_spe30_pre_run2_EEG.easy,6,100 200 300 400 500,2,89748,89751,6,234
spe30,20180717153038_spe30_pre_run2_EEG.easy,7,100 200 300 400,1,91073,0,,240
spe30,20180717153038_spe30_pre_run2_EEG.easy,8,100 200 300 400,1,92847,0,,244
spe30,20180717153038_spe30_pre_run2_EEG.easy,9,100 200 300 400,1,94681,0,,234
spe30,20180717153038_spe30_pre_run2_EEG.easy,10,100 200 300 400 500,2,96125,96127,4,246
spe30,20180717153038_spe30_pre_run2_EEG.easy,11,100 200 300 400,1,97636,0,,236
spe30,20180717153038_spe30_pre_run2_EEG.easy,12,100 200 300 400,1,99019,0,,236
spe30,20180717153038_spe30_pre_run2_EEG.easy,13,100 200 300 400,1,100388,0,,30
spe30,20180717153038_spe30_pre_run2_EEG.easy,14,100 200 300 400,1,102430,0,,226
spe30,20180717153038_spe30_pre_run2_EEG.easy,15,100 200 300 400,1,104354,0,,222
spe30,20180717153038_spe30_pre_run2_EEG.easy,16,100 200 300 400,1,105890,0,,234
spe30,20180717153038_spe30_pre_run2_EEG.easy,17,100 200 300 400,1,107534,0,,252
spe30,20180717153038_spe30_pre_run2_EEG.easy,18,100 200 300 400 500,2,109314,109317,6,232
spe30,20180717153038_spe30_pre_run2_EEG.easy,19,100 200 300 400,1,112205,0,,280
spe30,20180717153038_spe30_pre_run2_EEG.easy,20,100 200 300 400,1,113594,0,,142
spe30,20180717153038_spe30_pre_run2_EEG.easy,21,100 200 300 400 500,2,115127,115129,4,246
spe30,20180717153038_spe30_pre_run2_EEG.easy,22,100 200 300 400,1,116634,0,,244
spe30,20180717153038_spe30_pre_run2_EEG.easy,23,100 200 300 400 500,2,118041,118045,8,240
spe30,20180717153038_spe30_pre_run2_EEG.easy,24,100 200 300 400 500,2,119522,119525,6,238
spe30,20180717153038_spe30_pre_run2_EEG.easy,25,100 200 300 400 500,2,121184,121187,6,238
spe30,20180717153038_spe30_pre_run2_EEG.easy,26,100 200 300 400 500,2,123224,123227,6,230
spe30,20180717153038_spe30_pre_run2_EEG.easy,27,100 200 300 400 500,2,125658,125661,6,230
spe30,20180717153038_spe30_pre_run2_EEG.easy,28,100 200 300 400,1,127326,0,,246
spe30,20180717153038_spe30_pre_run2_EEG.easy,29,100 200 300 400,1,129325,0,,242
spe30,20180717153038_spe30_pre_run2_EEG.easy,30,100 200 300 400,1,131199,0,,230
spe30,20180717153038_spe30_pre_run2_EEG.easy,31,100 200 300 400,1,132903,0,,242
spe30,20180717153038_spe30_pre_run2_EEG.easy,32,100 200 300 400,1,134531,0,,238
spe30,20180717153038_spe30_pre_run2_EEG.easy,33,100 200 300 400,1,136217,0,,232
spe30,20180717153038_spe30_pre_run2_EEG.easy,34,100 200 300 400 500,2,137823,137826,6,250
spe30,20180717153038_spe30_pre_run2_EEG.easy,35,100 200 300 400,1,140481,0,,230
spe30,20180717153038_spe30_pre_run2_EEG.easy,36,100 200 300 400,1,141402,0,,352
spe30,20180717153038_spe30_pre_run2_EEG.easy,37,100 200 300 400 500,2,142765,142768,6,258
spe30,20180717153038_spe30_pre_run2_EEG.easy,38,100 200 300 400,1,144791,0,,246
spe30,20180717153038_spe30_pre_run2_EEG.easy,39,100 200 300 400,1,146557,0,,244
spe30,20180717153038_spe30_pre_run2_EEG.easy,40,100 200 300 400,1,148283,0,,238
spe30,20180717153038_spe30_pre_run2_EEG.easy,41,100 200 300 400,1,149962,0,,252
spe30,20180717153038_spe30_pre_run2_EEG.easy,42,100 200 300 400,1,151680,0,,240
spe30,20180717153038_spe30_pre_run2_EEG.easy,43,100 200 300 400 500,2,153211,153214,6,250
spe30,20180717153038_spe30_pre_run2_EEG.easy,44,100 200 300 400 500,2,154586,154589,6,250
spe30,20180717153038_spe30_pre_run2_EEG.easy,45,100 200 300 400,1,155813,0,,270
spe30,20180717153038_spe30_pre_run2_EEG.easy,46,100 200 300 400,1,157210,0,,248
spe30,20180717153038_spe30_pre_run2_EEG.easy,47,100 200 300 400 500,2,158568,158570,4,222
spe30,20180717153038_spe30_pre_run2_EEG.easy,48,100 200 300 400,1,160198,0,,240
spe30,20180717153038_spe30_pre_run2_EEG.easy,49,100 200 300 400,1,161590,0,,162
spe30,20180717153038_spe30_pre_run2_EEG.easy,50,100 200 300 400,1,163368,0,,260
spe30,20180717153038_spe30_pre_run2_EEG.easy,51,100 200 300 400,1,164736,0,,228
spe30,20180717153038_spe30_pre_run2_EEG.easy,52,100 200 300 400 500,2,166343,166346,6,236
spe30,20180717153038_spe30_pre_run2_EEG.easy,53,100 200 300 400,1,167703,0,,240
spe30,20180717153038_spe30_pre_run2_EEG.easy,54,100 200 300 400 500,2,169125,169128,6,232
spe30,20180717153038_spe30_pre_run2_EEG.easy,55,100 200 300 400 500,2,171008,171011,6,220
spe30,20180717153038_spe30_pre_run2_EEG.easy,56,100 200 300 400 500,2,172947,172951,8,232
spe30,20180717153038_spe30_pre_run2_EEG.easy,57,100 200 300 400 500,2,175385,175388,6,256
spe30,20180717153038_spe30_pre_run2_EEG.easy,58,100 200 300 400 500,2,177586,177589,6,250
spe30,20180717153038_spe30_pre_run2_EEG.easy,59,100 200 300 400,1,179114,0,,228
spe30,20180717153038_spe30_pre_run2_EEG.easy,60,100 200 300 400 500,2,180818,180821,6,224
spe30,20180717153038_spe30_pre_run2_EEG.easy,61,100 200 300 400,1,182232,0,,248
spe30,20180717153038_spe30_pre_run2_EEG.easy,62,100 200 300 400,1,183872,0,,218
spe30,20180717153038_spe30_pre_run2_EEG.easy,63,100 200 300 400 500,2,185587,185590,6,242
spe30,20180717153038_spe30_pre_run2_EEG.easy,64,100 200 300 400,1,187093,0,,162
spe30,20180717153038_spe30_pre_run2_EEG.easy,65,100 200 300 400 500,2,188912,188915,6,248
spe30,20180717153038_spe30_pre_run2_EEG.easy,66,100 200 300 400,1,190728,0,,24
spe30,20180717153038_spe30_pre_run2_EEG.easy,67,100 200 300 400,1,192438,0,,86
spe30,20180717153038_spe30_pre_run2_EEG.easy,68,100 200 300 400,1,195228,0,,248
spe30,20180717153038_spe30_pre_run2_EEG.easy,69,100 200 300 400 500,2,196539,196542,6,234
spe30,20180717153038_spe30_pre_run2_EEG.easy,70,100 200 300 400,1,198700,0,,232
spe30,20180717153038_spe30_pre_run2_EEG.easy,71,100 200 300 400,1,200115,0,,242
spe30,20180717153038_spe30_pre_run2_EEG.easy,72,100 200 300 400,1,201845,0,,240
spe30,20180717153038_spe30_pre_run2_EEG.easy,73,100 200 300 400,1,203277,0,,280
spe30,20180717153038_spe30_pre_run2_EEG.easy,74,100 200 300 400,1,204656,0,,260
spe30,20180717153038_spe30_pre_run2_EEG.easy,75,100 200 300 400,1,206334,0,,250
spe30,20180717153038_spe30_pre_run2_EEG.easy,76,100 200 300 400 500,2,207936,207939,6,236
spe30,20180717153038_spe30_pre_run2_EEG.easy,77,100 200 300 400 500,2,209807,209810,6,250
spe30,20180717153038_spe30_pre_run2_EEG.easy,78,100 200 300 400,1,211376,0,,242
spe30,20180717153038_spe30_pre_run2_EEG.easy,79,100 200 300 400,1,213175,0,,6
spe30,20180717153038_spe30_pre_run2_EEG.easy,80,100 200 300 400,1,214768,0,,240
spe30,20180717153038_spe30_pre_run2_EEG.easy,81,100 200 300 400,1,216813,0,,234
spe30,20180717153038_spe30_pre_run2_EEG.easy,82,100 200 300 400,1,218297,0,,192
spe30,20180717153038_spe30_pre_run2_EEG.easy,83,100 200 300 400 500,2,219684,219687,6,226
spe30,20180717153038_spe30_pre_run2_EEG.easy,84,100 200 300 400,1,221174,0,,214
spe30,20180717153038_spe30_pre_run2_EEG.easy,85,100 200 300 400,1,222562,0,,72
spe30,20180717153038_spe30_pre_run2_EEG.easy,86,100 200 300 400,1,224269,0,,734
spe30,20180717153038_spe30_pre_run2_EEG.easy,87,100 200 300 400,1,225932,0,,134
spe30,20180717153038_spe30_pre_run2_EEG.easy,88,100 200 300 400 500,2,228888,228891,6,230
spe30,20180717153038_spe30_pre_run2_EEG.easy,89,100 200 300 400,1,230094,0,,320
spe30,20180717153038_spe30_pre_run2_EEG.easy,90,100 200 300 400,1,231487,0,,222
spe30,20180717153038_spe30_pre_run2_EEG.easy,91,100 200 300 400 500,2,233133,233136,6,216
spe30,20180717153038_spe30_pre_run2_EEG.easy,92,100 200 300 400,1,234468,0,,296
spe30,20180717153038_spe30_pre_run2_EEG.easy,93,100 200 300 400 500,2,236163,236169,12,34
spe30,20180717153038_spe30_pre_run2_EEG.easy,94,100 200 300 400,1,237743,0,,150
spe30,20180717153038_spe30_pre_run2_EEG.easy,95,100 200 300 400,1,239197,0,,148
spe30,20180717153038_spe30_pre_run2_EEG.easy,96,100 200 300 400 500,2,240708,240710,4,222
spe30,20180717153038_spe30_pre_run2_EEG.easy,97,100 200 300 400,1,242224,0,,92
spe30,20180717153038_spe30_pre_run2_EEG.easy,98,100 200 300 400,1,244086,0,,208
spe30,20180717153038_spe30_pre_run2_EEG.easy,99,100 200 300 400 500,2,245520,245523,6,224
spe30,20180717153038_spe30_pre_run2_EEG.easy,100,100 200 300 400,1,248077,0,,370
spe30,20180717154033_spe30_pre_run3_EEG.easy,2,100 200 300 400,1,10803,0,,388
spe30,20180717154033_spe30_pre_run3_EEG.easy,3,100 200 300 400,1,13355,0,,280
spe30,20180717154033_spe30_pre_run3_EEG.easy,4,100 200 300 400,1,14943,0,,236
spe30,20180717154033_spe30_pre_run3_EEG.easy,5,100 200 300 400 500,2,16689,16692,6,242
spe30,20180717154033_spe30_pre_run3_EEG.easy,6,100 200 300 400,1,18501,0,,240
spe30,20180717154033_spe30_pre_run3_EEG.easy,7,100 200 300 400,1,20092,0,,240
spe30,20180717154033_spe30_pre_run3_EEG.easy,8,100 200 300 400 500,2,21782,21785,6,226
spe30,20180717154033_spe30_pre_run3_EEG.easy,9,100 200 300 400 500,2,23625,23628,6,240
spe30,20180717154033_spe30_pre_run3_EEG.easy,10,100 200 300 400,1,25267,0,,248
spe30,20180717154033_spe30_pre_run3_EEG.easy,11,100 200 300 400 255,1,26635,0,,248
spe30,20180717154033_spe30_pre_run3_EEG.easy,12,100 255 255 255 255 255 255 255 255 255 255 255 255 255 255 255 255 255 255 255 255 255 255 255 255 255 255 255 255 255 255 255 255 255 255 255 255 255 255 255 255 255 255 255 255 255 255 255 255 255 255 255 255 255 255 255 255 255 255 255 255 255 255 255 255 255 255 255 255 255 255 255 255 255 255 255 255 255 255 255 255 255 255 255 255 255 255 255 255 255 255 255 255 255 255 255 255 255 255 255 255 255 255 255 255 255 255 255 255 255 255 255 255 255 255 255 255 255 255 255 255 255 255 255 255 255 255 255 255 255 255 255 255 255 255 255 255 255 255 255 255 255 255 255 255 255 255 255 255 255 255 255 255 255 255 200 255 255 255 255 255 255 255 255 255 255 255 255 255 255 255 255 255 255 255 255 255 255 255 255 255 255 255 255 255 255 255 255 255 255 255 255 255 255 255 255 255 255 255 255 255 255 255 255 255 255 255 255 255 255 255 255 255 255 255 255 255 255 255 255 255 255 255 255 255 255 255 255 255 255 255 255 255 255 255 255 255 255 255 255 255 255 255 255 255 255 255 255 255 255 255 255 255 255 255 255 255 255 255 255 255 255 255 255 255 255 255 255 255 255 255 255 255 255 255 255 255 255 255 255 255 255 255 255 255 255 255 255 255 255 255 300 255 255 255 255 255 255 255 255 255 255 255 255 255 255 255 255 255 255 255 255 255 255 255 255 400,1,28200,0,,228
spe30,20180717154033_spe30_pre_run3_EEG.easy,13,100 255 255 255 255 255 255 255 255 255 255 255 255 255 255 255 255 255 255 255 255 255 255 255 255 255 255 255 255 255 255 255 255 255 255 255 255 255 255 255 255 255 255 255 255 255 255 255 255 255 255 255 255 255 255 255 255 255 255 255 255 255 255 255 255 255 255 255 255 255 255 255 255 255 255 255 255 255 255 255 255 255 255 255 255 255 255 255 255 255 255 255 255 255 255 255 255 255 255 255 255 255 255 255 255 255 255 255 255 255 255 255 255 255 255 255 255 255 255 255 255 255 255 255 255 200 255 255 255 255 255 255 255 255 255 255 255 255 255 255 255 255 255 255 255 255 255 255 255 255 255 255 255 255 255 255 255 255 255 255 255 255 255 255 255 255 255 255 255 255 255 255 255 255 255 255 255 255 255 255 255 255 255 255 255 255 255 255 255 255 255 255 255 255 255 255 255 255 255 255 255 255 255 255 255 255 255 255 255 255 255 255 255 255 255 255 300 255 255 255 255 255 255 255 255 255 255 255 255 255 255 255 255 255 255 255 255 255 255 255 255 255 255 255 255 255 255 255 255 400 500 255 255 255 255 255 255 255 255,2,30146,30149,6,234
spe30,20180717154033_spe30_pre_run3_EEG.easy,14,100 255 255 255 255 255 255 255 255 255 255 255 255 255 255 200 300 255 255 255 255 255 255 255 255 255 255 255 255 255 255 255 255 255 255 400 500 255 255,2,31638,31641,6,232
spe30,20180717154033_spe30_pre_run3_EEG.easy,15,100 255 255 255 255 255 255 255 200 255 255 300 400 255 255,1,32979,0,,84
spe30,20180717154033_spe30_pre_run3_EEG.easy,16,100 255 255 255 255 255 255 255 255 255 255 255 255 255 255 255 255 255 255 255 255 255 255 255 255 255 255 255 255 255 255 255 255 255 255 255 255 255 255 255 255 255 255 255 255 255 255 255 255 255 255 255 255 255 255 255 255 255 255 255 255 255 255 255 255 255 255 255 255 255 255 255 255 255 255 255 255 255 255 255 255 255 255 255 255 255 255 255 255 255 255 255 255 255 255 255 255 255 255 255 255 255 255 255 255 255 255 255 255 255 255 255 255 255 255 255 255 255 255 255 255 255 255 255 255 255 255 255 255 255 255 255 255 255 255 255 255 255 255 255 255 255 255 255 255 255 255 200 300 400 255 255 255 255 255 255 255 255 255 255 255 255 255 255 255 255 255 255,1,34460,0,,98
spe30,20180717154033_spe30_pre_run3_EEG.easy,17,100 255 255 255 255 255 255 255 255 255 255 255 255 255 255 200 255 255 255 255 255 255 255 255 255 255 255 255 255 255 255 255 300 400 500,2,36047,36053,12,158
spe30,20180717154033_spe30_pre_run3_EEG.easy,18,100 255 255 255 255 255 255 255 255 255 255 255 255 255 255 255 255 255 255 255 255 255 255 255 255 255 255 255 255 255 255 255 255 255 255 255 255 255 255 255 255 255 255 255 255 255 255 255 255 255 255 255 255 255 255 255 255 255 255 255 255 255 255 255 255 255 255 255 255 255 255 255 255 255 255 255 255 255 255 255 255 255 255 255 255 255 255 255 255 255 255 255 255 255 255 255 255 255 255 255 255 255 255 255 255 255 255 255 255 255 255 255 255 255 255 200 300 400 500,2,37793,37796,6,40
spe30,20180717154033_spe30_pre_run3_EEG.easy,19,100 200 300 400,1,39499,0,,256
spe30,20180717154033_spe30_pre_run3_EEG.easy,20,100 200 300 400 500,2,41159,41162,6,220
spe30,20180717154033_spe30_pre_run3_EEG.easy,21,100 200 300 400 500,2,42756,42759,6,252
spe30,20180717154033_spe30_pre_run3_EEG.easy,22,100 200 300 400,1,44639,0,,198
spe30,20180717154033_spe30_pre_run3_EEG.easy,23,100 200 300 400,1,46177,0,,252
spe30,20180717154033_spe30_pre_run3_EEG.easy,24,100 200 300 400 500,2,47736,47739,6,268
spe30,20180717154033_spe30_pre_run3_EEG.easy,25,100 255 255 255 255 255 255 255 255 255 255 255 255 255 255 255 255 255 255 255 255 255 255 255 255 255 255 255 255 255 255 255 255 255 255 255 255 255 255 255 255 255 255 255 255 255 255 255 255 255 255 255 255 255 255 255 255 255 255 255 255 255 255 255 255 255 255 255 255 255 255 255 255 255 255 200 255 255 255 255 255 255 255 255 255 255 255 255 255 255 255 255 255 255 255 255 255 255 255 255 255 255 255 255 255 255 255 255 255 255 255 255 255 255 255 255 255 255 255 255 255 255 255 255 255 255 255 255 255 255 255 255 255 255 255 255 255 255 255 255 255 255 255 255 255 255 255 255 255 255 255 255 255 255 255 255 255 255 255 255 255 255 255 255 255 255 255 255 255 255 255 255 255 255 255 255 255 255 255 255 255 255 300 400 500,2,49606,49612,12,158
spe30,20180717154033_spe30_pre_run3_EEG.easy,26,100 255 255 200 300 400,1,51396,0,,48
spe30,20180717154033_spe30_pre_run3_EEG.easy,27,100 200 255 255 255 255 255 255 255 255 255 255 255 255 255 255 255 255 255 255 255 255 255 255 300 400,1,53113,0,,244
spe30,20180717154033_spe30_pre_run3_EEG.easy,28,100 200 300 400,1,54893,0,,216
spe30,20180717154033_spe30_pre_run3_EEG.easy,29,100 200 300 400,1,56490,0,,112
spe30,20180717154033_spe30_pre_run3_EEG.easy,30,100 200 300 400,1,58255,0,,222
spe30,20180717154033_spe30_pre_run3_EEG.easy,31,100 200 300 400,1,59718,0,,248
spe30,20180717154033_spe30_pre_run3_EEG.easy,32,100 200 300 400 255 255 255 255 255 255 255 255 255 255 255 255 255 255 255 255 255 255 255 255 255 255,1,61130,0,,216
spe30,20180717154033_spe30_pre_run3_EEG.easy,33,100 255 255 255 255 255 255 255 255 255 255 255 255 255 255 255 255 255 255 255 255 255 255 255 255 255 255 255 255 255 255 255 255 255 255 255 255 255 255 255 255 255 255 255 255 255 255 255 255 255 255 255 255 255 255 255 255 255 255 255 255 255 255 255 255 255 255 255 255 255 255 255 255 255 255 255 255 255 255 255 255 255 255 255 255 255 255 255 255 255 255 255 255 255 255 255 255 255 255 255 255 255 255 255 255 255 255 255 255 255 255 255 255 255 255 255 255 255 255 255 255 255 255 255 255 255 255 255 255 255 255 255 255 255 255 255 255 255 255 255 255 255 255 255 255 255 255 255 255 255 255 255 255 255 255 255 255 255 255 255 255 255 255 255 255 255 255 255 255 255 255 255 255 255 255 255 255 255 255 255 255 255 255 255 255 255 255 255 255 255 255 255 255 255 255 255 255 255 255 255 255 255 255 255 255 255 255 255 255 255 255 255 255 255 255 255 255 255 255 255 255 255 255 255 255 255 255 255 255 255 255 255 255 255 255 255 255 255 255 255 255 255 255 255 255 255 255 255 255 255 255 255 255 255 255 255 255 255 255 255 255 255 255 255 255 200 255 255 255 255 255 255 255 255 255 255 255 255 255 255 255 255 255 255 255 255 255 255 255 255 255 255 255 255 300 255 255 255 255 255 255 255 255 255 255 400 255 255 255 255 255 255 255 255 255 255 255 255 255 255 255,1,62723,0,,102
spe30,20180717154033_spe30_pre_run3_EEG.easy,34,100 255 255 255 255 255 255 255 255 255 255 255 255 255 255 255 255 255 255 255 255 255 255 255 255 255 255 255 255 255 255 255 255 255 255 255 255 255 255 255 255 255 255 255 255 255 255 255 255 255 255 255 255 255 255 255 255 255 255 255 255 255 255 255 255 255 255 255 255 255 255 255 255 255 255 255 255 200 255 255 255 255 255 255 255 255 255 255 255 255 255 255 255 255 255 255 255 300 400 500 255 255 255 255 255 255 255 255 255 255 255 255 255 255 255 255 255 255 255 255 255 255 255 255 255 255 255 255 255 255 255 255 255 255 255 255 255 255,2,64344,64347,6,214
spe30,20180717154033_spe30_pre_run3_EEG.easy,35,100 255 255 255 255 255 255 255 255 255 255 255 255 255 255 255 255 255 255 255 255 255 255 255 255 255 255 255 255 255 255 255 255 255 255 255 255 255 255 255 255 255 255 255 255 255 255 255 255 255 255 255 255 255 255 255 255 255 255 255 255 255 255 255 255 255 255 255 255 255 255 255 255 255 255 255 255 255 255 255 255 255 255 255 255 255 255 255 255 255 255 255 255 255 255 255 255 255 255 255 255 255 255 255 255 255 255 255 255 255 255 255 255 255 255 255 255 255 255 255 255 255 255 255 255 255 255 255 255 255 255 255 255 255 255 255 255 255 255 255 255 255 255 255 255 255 255 255 255 255 255 255 255 255 255 255 255 255 255 255 255 255 255 255 255 255 255 255 255 255 255 255 255 255 255 200 255 255 255 255 255 255 255 255 255 255 255 255 255 255 255 255 255 255 255 255 255 255 255 255 255 255 255 255 255 255 255 255 255 255 255 255 300 400 255 255 255 255 255 255 255 255 255 255 255 255 255 255 255 255 255 255,1,66120,0,,42
spe30,20180717154033_spe30_pre_run3_EEG.easy,36,100 255 255 255 255 255 255 255 255 255 255 255 255 255 255 255 255 255 255 255 255 255 255 255 255 255 255 255 255 255 255 255 255 255 255 255 255 255 255 255 255 255 255 255 255 255 255 255 255 255 255 255 255 255 255 255 255 255 255 255 255 255 255 255 255 255 255 255 255 255 255 255 255 255 255 255 255 255 255 255 255 255 255 255 255 255 255 255 255 255 255 255 255 255 255 255 255 255 255 255 255 255 255 255 255 255 255 255 255 255 255 255 255 255 255 255 255 255 255 255 255 255 255 255 255 255 255 255 255 255 255 255 255 255 255 255 255 255 255 255 255 255 255 255 255 255 255 255 255 255 255 255 255 255 255 200 300 255 255 255 255 400 255 255 255 255 255 255 255 255 255 255 255 255 255 255 255 255 255 255 255 255 255 255 255 255,1,68003,0,,238
spe30,20180717154033_spe30_pre_run3_EEG.easy,37,100 255 255 255 255 255 255 255 255 255 255 255 255 255 255 255 255 255 255 255 255 255 255 255 255 255 255 255 255 255 255 255 255 255 255 255 255 255 255 255 255 255 255 255 255 255 255 255 255 255 255 255 255 255 255 255 255 255 255 255 255 255 255 255 255 255 255 255 255 255 255 255 255 255 255 255 255 255 255 255 255 255 255 255 255 255 255 255 255 255 255 200 255 255 255 255 255 255 255 255 255 255 255 255 255 255 255 255 255 255 255 255 255 255 255 255 255 255 255 255 255 255 255 255 255 255 255 255 255 255 255 255 255 255 255 255 255 255 255 255 255 255 255 255 255 255 255 255 300 400 500,2,70878,70881,6,214
spe30,20180717154033_spe30_pre_run3_EEG.easy,38,100 200 300 400 500,2,72388,72391,6,236
spe30,20180717154033_spe30_pre_run3_EEG.easy,39,100 200 300 400,1,73841,0,,218
spe30,20180717154033_spe30_pre_run3_EEG.easy,40,100 200 300 400,1,75095,0,,282
spe30,20180717154033_spe30_pre_run3_EEG.easy,41,100 200 300 400,1,76078,0,,440
spe30,20180717154033_spe30_pre_run3_EEG.easy,42,100 255 255 200 255 255 255 255 300 400 500 255 255,2,77506,77509,6,226
spe30,20180717154033_spe30_pre_run3_EEG.easy,43,100 255 255 255 255 255 255 255 255 255 255 255 255 255 255 255 255 255 255 255 255 255 255 255 255 255 255 255 255 255 255 255 255 255 255 255 255 255 255 255 255 255 255 255 255 255 255 255 255 255 255 255 255 255 255 255 255 255 255 255 255 255 255 255 255 255 255 255 255 255 255 255 255 255 255 255 255 255 255 255 255 255 255 255 255 255 255 255 255 255 255 255 255 255 255 255 255 255 255 255 255 255 255 255 255 255 255 255 255 255 255 255 255 255 255 255 255 255 255 255 255 255 255 255 255 255 255 255 255 255 255 255 255 200 255 255 255 255 255 255 255 255 255 255 255 255 255 255 255 255 255 255 255 255 255 255 255 255 255 255 255 255 255 255 255 255 255 255 255 255 255 255 255 255 255 255 300 400 255 255 255 255 255 255 255 255 255 255 255 255 255 255 255 255 255 255 255 255 255 255 255 255 255 255 255 255 255 255 255 255 255 255 255 255 255 255 255 255 255 255 255 255 255 255 255 255 255 255,1,78924,0,,232
spe30,20180717154033_spe30_pre_run3_EEG.easy,44,100 255 255 255 255 200 300 400,1,79891,0,,396
spe30,20180717154033_spe30_pre_run3_EEG.easy,45,100 200 300 400,1,81229,0,,52
spe30,20180717154033_spe30_pre_run3_EEG.easy,46,100 255 255 255 255 255 255 255 255 255 255 255 255 255 255 255 255 255 255 255 255 255 255 255 255 255 255 255 255 255 255 255 255 255 255 255 255 255 255 255 255 255 255 255 255 255 255 255 255 255 255 255 255 255 255 255 255 255 255 255 255 255 255 255 255 255 255 255 255 255 255 255 255 255 255 255 255 255 255 255 255 255 255 255 255 255 255 255 255 255 255 255 255 255 255 255 255 255 255 255 255 255 255 255 255 255 255 255 255 255 255 255 255 255 255 255 255 255 255 255 255 255 255 255 255 255 255 255 255 255 255 255 255 255 255 255 255 255 255 255 255 255 255 255 255 255 255 255 255 255 255 255 255 255 255 255 255 255 255 255 255 255 255 255 255 255 255 255 255 255 255 255 255 255 255 255 255 255 255 255 255 255 255 255 255 255 255 255 255 255 255 255 255 255 255 255 255 200 255 255 255 255 255 255 255 255 255 255 255 255 255 255 255 255 255 255 255 255 255 300 400 500 255 255 255 255 255 255 255 255 255 255 255 255 255 255 255 255 255 255 255 255 255 255 255 255 255 255 255 255,2,82654,82657,6,34
spe30,20180717154033_spe30_pre_run3_EEG.easy,47,100 255 255 255 255 255 255 255 255 255 255 255 255 255 255 255 255 255 255 255 255 255 255 255 255 255 255 255 255 255 255 255 255 255 255 255 255 255 255 255 255 255 255 255 255 255 255 255 255 255 255 255 255 255 255 255 255 255 255 255 255 255 255 200 300 400,1,84201,0,,234
spe30,20180717154033_spe30_pre_run3_EEG.easy,48,100 200 300 400,1,86217,0,,148
spe30,20180717154033_spe30_pre_run3_EEG.easy,49,100 200 300 400,1,87932,0,,78
spe30,20180717154033_spe30_pre_run3_EEG.easy,50,100 200 300 400,1,89324,0,,254
spe30,20180717154033_spe30_pre_run3_EEG.easy,51,100 200 300 400 500,2,91639,91642,6,216
spe30,20180717154033_spe30_pre_run3_EEG.easy,52,100 200 300 400,1,93460,0,,224
spe30,20180717154033_spe30_pre_run3_EEG.easy,53,100 255 255 255 255 255 255 255 255 255 255 255 255 255 255 255 255 255 255 255 255 255 255 255 255 255 255 255 255 255 255 255 255 255 255 255 255 255 255 255 255 255 255 255 255 255 255 255 255 255 255 255 255 255 255 255 255 255 255 255 255 255 255 255 255 255 255 255 255 255 255 255 255 255 255 255 255 255 255 255 255 255 255 255 255 255 255 255 255 255 255 255 255 255 255 255 255 255 255 255 255 200 300 255 255 255 255 255 255 255 255 255 255 255 255 255 255 255 255 255 255 400 255 255 255 255 255 255 255 255 255 255 255 255 255 255 255 255 255 255 255 255 255,1,94878,0,,200
spe30,20180717154033_spe30_pre_run3_EEG.easy,54,100 255 255 255 255 255 255 255 255 255 255 255 255 200 300 400,1,97583,0,,214
spe30,20180717154033_spe30_pre_run3_EEG.easy,55,100 200 300 400,1,100176,0,,216
spe30,20180717154033_spe30_pre_run3_EEG.easy,56,100 200 300 400,1,101646,0,,246
spe30,20180717154033_spe30_pre_run3_EEG.easy,57,100 255 255 255 255 255 255 255 255 255 255 255 255 255 255 255 255 255 255 255 255 255 255 255 255 255 255 255 255 255 255 255 255 200 300 400,1,102994,0,,258
spe30,20180717154033_spe30_pre_run3_EEG.easy,58,100 200 300 400,1,104372,0,,238
spe30,20180717154033_spe30_pre_run3_EEG.easy,59,100 200 300 400,1,105698,0,,120
spe30,20180717154033_spe30_pre_run3_EEG.easy,60,100 200 300 400 500,2,107334,107337,6,200
spe30,20180717154033_spe30_pre_run3_EEG.easy,61,100 200 300 400,1,109747,0,,232
spe30,20180717154033_spe30_pre_run3_EEG.easy,62,100 200 300 400 500,2,111215,111218,6,234
spe30,20180717154033_spe30_pre_run3_EEG.easy,63,100 200 300 400 500,2,112197,112200,6,310
spe30,20180717154033_spe30_pre_run3_EEG.easy,64,100 200 300 400,1,113812,0,,232
spe30,20180717154033_spe30_pre_run3_EEG.easy,65,100 255 200 300 400,1,116002,0,,232
spe30,20180717154033_spe30_pre_run3_EEG.easy,66,100 200 300 400,1,117593,0,,216
spe30,20180717154033_spe30_pre_run3_EEG.easy,67,100 200 300 400,1,119099,0,,248
spe30,20180717154033_spe30_pre_run3_EEG.easy,68,100 200 255 255 255 255 255 255 255 255 255 255 255 255 255 255 255 255 255 255 255 255 255 255 255 255 255 255 255 255 255 255 255 255 255 255 255 255 255 255 255 255 255 255 255 255 255 255 255 255 255 255 255 255 300 400,1,121067,0,,244
spe30,20180717154033_spe30_pre_run3_EEG.easy,69,100 200 255 255 255 255 255 255 255 255 255 255 255 255 255 255 255 255 255 255 255 255 255 255 255 255 255 255 255 255 255 255 255 255 255 255 255 255 300 255 255 400 500 255 255 255 255 255 255 255 255 255 255,2,122743,122746,6,238
spe30,20180717154033_spe30_pre_run3_EEG.easy,70,100 200 300 400,1,124617,0,,238
spe30,20180717154033_spe30_pre_run3_EEG.easy,71,100 200 300 400,1,126104,0,,224
spe30,20180717154033_spe30_pre_run3_EEG.easy,72,100 200 300 400,1,127944,0,,232
spe30,20180717154033_spe30_pre_run3_EEG.easy,73,100 200 300 400 500,2,129597,129600,6,214
spe30,20180717154033_spe30_pre_run3_EEG.easy,74,100 200 300 400 500,2,131112,131115,6,286
spe30,20180717154033_spe30_pre_run3_EEG.easy,75,100 200 300 400,1,132574,0,,244
spe30,20180717154033_spe30_pre_run3_EEG.easy,76,100 200 300 400,1,134033,0,,244
spe30,20180717154033_spe30_pre_run3_EEG.easy,77,100 200 300 400,1,135510,0,,148
spe30,20180717154033_spe30_pre_run3_EEG.easy,78,100 200 300 400 500,2,137151,137154,6,192
spe30,20180717154033_spe30_pre_run3_EEG.easy,79,100 200 300 400,1,138096,0,,230
spe30,20180717154033_spe30_pre_run3_EEG.easy,80,100 200 300 400,1,140244,0,,236
spe30,20180717154033_spe30_pre_run3_EEG.easy,81,100 200 300 400 500,2,142439,142442,6,210
spe30,20180717154033_spe30_pre_run3_EEG.easy,82,100 200 300 400 500,2,144473,144478,10,210
spe30,20180717154033_spe30_pre_run3_EEG.easy,83,100 200 300 400,1,147170,0,,244
spe30,20180717154033_spe30_pre_run3_EEG.easy,84,100 200 300 400,1,147965,0,,70
spe30,20180717154033_spe30_pre_run3_EEG.easy,85,100 200 300 400,1,149789,0,,210
spe30,20180717154033_spe30_pre_run3_EEG.easy,86,100 255 255 255 255 255 255 255 255 255 255 255 255 255 255 255 255 255 255 255 255 255 255 255 255 255 255 255 255 255 255 255 255 255 255 255 255 255 255 255 255 255 255 255 255 255 255 255 255 255 255 255 255 255 255 255 255 255 255 255 255 255 255 255 255 255 255 255 255 255 255 255 255 255 255 255 255 255 255 255 255 255 200 255 255 255 255 255 255 255 255 255 255 255 255 255 255 255 255 255 255 255 255 255 255 255 255 255 255 255 255 255 255 255 255 255 255 255 255 255 255 255 255 255 255 255 255 255 255 255 255 255 255 255 255 255 255 255 255 255 255 255 255 255 255 255 255 255 255 255 255 255 255 255 255 255 255 255 255 255 255 255 255 300 400 500,2,151452,151456,8,232
spe30,20180717154033_spe30_pre_run3_EEG.easy,87,100 255 255 255 255 255 255 255 255 255 255 255 255 255 255 255 255 255 255 255 255 255 255 255 255 255 255 255 255 255 255 255 255 255 255 255 255 255 255 255 255 255 255 255 255 255 255 255 255 255 255 255 255 255 255 255 255 255 255 200 255 255 255 255 255 255 255 255 255 255 255 255 255 255 255 255 255 255 255 255 255 255 255 255 255 255 255 255 255 255 255 255 255 255 255 255 255 255 255 255 255 255 255 255 255 255 255 255 255 255 300 255 255 255 255 255 255 255 255 255 255 255 255 255 255 255 255 255 255 255 255 255 255 255 255 255 255 255 255 255 255 255 255 255 255 255 255 255 255 255 255 255 255 255 255 400 255 255 255 255 255 255 255 255 255 255 255 255 255 255 255 255 255 255 255 255 255 255 255 255 255 255 255,1,152972,0,,240
spe30,20180717154033_spe30_pre_run3_EEG.easy,88,100 255 255 255 255 255 255 255 255 255 255 255 255 255 255 255 255 255 255 255 255 255 255 255 255 255 255 255 255 255 255 255 255 255 255 255 255 255 255 255 255 255 255 255 255 255 255 255 255 255 255 255 255 255 255 255 255 255 255 255 255 255 255 255 255 255 255 255 255 255 255 255 255 200 255 255 255 255 255 255 255 255 255 255 255 255 255 255 255 255 255 255 255 255 255 255 255 255 255 255 255 255 255 255 255 255 255 255 255 255 255 255 255 255 255 255 255 255 255 255 255 255 255 255 255 255 255 255 255 255 255 255 255 255 255 255 255 255 255 255 255 255 255 300 400 255 255 255 255 255 255 255 255 255 255 255 255 255 255,1,153937,0,,252
spe30,20180717154033_spe30_pre_run3_EEG.easy,89,100 255 255 255 255 255 255 255 255 255 255 255 255 255 255 255 255 255 255 255 255 255 255 255 255 255 255 255 255 200 255 255 255 255 255 255 255 255 255 255 255 255 255 255 255 255 255 255 300 255 255 255 255 255 255 255 255 255 255 255 255 255 255 255 255 255 255 400 255 255 255 255 255 255 255 255 255 255 255 255 255 255 255 255 255 255 255 255 255 255 255 255 255 255 255 255 255 255 255 255 255 255 255 255 255 255 255 255 255 255 255 255 255 255 255 255 255 255 255 255,1,155374,0,,206
spe30,20180717154033_spe30_pre_run3_EEG.easy,90,100 255 255 255 255 255 255 255 255 255 255 255 255 255 255 255 255 255 255 255 255 255 255 255 255 255 255 255 255 255 255 255 255 255 255 255 255 255 255 255 255 255 255 255 255 255 255 255 255 255 255 255 255 255 255 255 255 255 255 255 255 255 255 255 255 255 255 255 255 255 255 255 255 255 255 255 255 255 255 255 255 255 255 255 255 255 255 255 255 255 255 255 255 255 255 255 255 255 255 255 255 255 255 255 255 255 255 255 255 255 255 255 255 255 255 255 255 255 255 255 255 255 255 255 255 255 255 255 255 255 255 255 255 255 255 255 255 255 255 255 255 255 255 255 255 255 255 255 255 255 255 255 255 255 255 255 255 255 255 255 255 255 255 255 255 255 255 255 255 255 255 255 255 255 255 255 255 255 255 255 255 255 255 255 255 255 255 255 255 255 255 200 255 255 255 255 255 255 255 255 255 255 255 255 255 255 255 255 255 255 255 255 255 255 255 255 255 255 255 255 255 255 255 255 255 255 255 255 255 255 255 255 255 255 255 255 255 255 255 255 255 255 255 255 255 255 255 255 255 255 255 255 255 255 255 255 255 255 255 255 255 255 255 255 255 255 255 255 255 255 255 255 255 255 255 255 255 255 300 400,1,157884,0,,232
spe30,20180717154033_spe30_pre_run3_EEG.easy,91,100 200 300 400,1,159242,0,,248
spe30,20180717154033_spe30_pre_run3_EEG.easy,92,100 200 300 400 500,2,160796,160799,6,238
spe30,20180717154033_spe30_pre_run3_EEG.easy,93,100 200 300 400 500,2,161726,161729,6,288
spe30,20180717154033_spe30_pre_run3_EEG.easy,94,100 200 300 400 500,2,163572,163575,6,240
spe30,20180717154033_spe30_pre_run3_EEG.easy,95,100 200 300 400 500,2,165592,165596,8,188
spe30,20180717154033_spe30_pre_run3_EEG.easy,96,100 200 300 400,1,167389,0,,218
spe30,20180717154033_spe30_pre_run3_EEG.easy,97,100 200 300 400 500,2,170010,170013,6,244
spe30,20180717154033_spe30_pre_run3_EEG.easy,98,100 255 255 255 255 255 255 255 255 255 255 255 255 255 255 255 255 255 255 200 255 255 255 255 255 255 255 255 255 255 255 255 255 255 255 255 255 255 255 255 255 255 255 255 255 255 255 300 255 255 255 255 255 255 255 255 255 255 255 255 255 255 255 255 255 255 255 255 255 255 255 255 255 255 255 255 255 255 255 255 255 255 255 255 255 255 255 255 255 255 255 400 255 255 500 255 255 255 255 255 255 255 255 255 255 255 255 255 255 255 255 255 255 255 255 255 255 255 255 255 255 255 255 255 255 255,2,171594,171597,6,280
spe30,20180717154033_spe30_pre_run3_EEG.easy,99,100 255 255 255 255 255 255 255 255 255 255 255 255 255 255 255 255 255 255 255 255 255 255 255 255 255 255 255 255 255 255 255 255 255 255 255 255 255 255 255 255 255 255 255 255 255 255 255 255 255 255 255 255 255 255 255 200 255 255 255 255 255 255 255 255 255 255 255 255 255 255 255 255 255 255 255 255 255 255 255 255 255 255 255 255 255 255 255 255 255 255 255 255 255 255 255 255 255 255 255 255 255 255 255 255 255 255 255 255 255 255 255 255 255 255 255 255 255 255 255 255 255 300 255 255 255 255 255 255 255 255 255 255 255 400 255 255 255 255 255 255 255 255 255 255 255 255 255 255 255 255 255 255 255 255 255 255 255 255 255 255 255 255,1,173204,0,,218
spe30,20180717154033_spe30_pre_run3_EEG.easy,100,100 255 255 255 255 255 255 255 255 255 255 255 255 255 255 255 255 255 255 255 255 255 255 255 255 255 255 255 255 255 255 255 255 255 255 255 255 255 255 255 255 255 255 200 300 400,1,174611,0,,232
spe30,20180717154033_spe30_pre_run3_EEG.easy,101,100 200 300 400 500,2,176092,176095,6,222
spe30,20180717161548_spe30_post_run1_EEG.easy,1,100 200 300 400,1,59395,0,,306
spe30,20180717161548_spe30_post_run1_EEG.easy,2,100 200 300 400,1,61782,0,,236
spe30,20180717161548_spe30_post_run1_EEG.easy,3,100 200 300 400,1,63376,0,,288
spe30,20180717161548_spe30_post_run1_EEG.easy,4,100 200 300 400,1,64946,0,,34
spe30,20180717161548_spe30_post_run1_EEG.easy,5,100 200 300 400,1,66645,0,,234
spe30,20180717161548_spe30_post_run1_EEG.easy,6,100 200 300 400,1,68064,0,,220
spe30,20180717161548_spe30_post_run1_EEG.easy,7,100 200 300 400 500,2,69410,69412,4,232
spe30,20180717161548_spe30_post_run1_EEG.easy,8,100 200 300 400 500,2,70916,70919,6,234
spe30,20180717161548_spe30_post_run1_EEG.easy,9,100 200 300 400,1,72699,0,,240
spe30,20180717161548_spe30_post_run1_EEG.easy,10,100 200 300 400,1,74587,0,,216
spe30,20180717161548_spe30_post_run1_EEG.easy,11,100 200 300 400,1,76191,0,,234
spe30,20180717161548_spe30_post_run1_EEG.easy,12,100 200 300 400,1,77888,0,,228
spe30,20180717161548_spe30_post_run1_EEG.easy,13,100 200 300 400,1,80413,0,,238
spe30,20180717161548_spe30_post_run1_EEG.easy,14,100 200 300 400,1,81813,0,,250
spe30,20180717161548_spe30_post_run1_EEG.easy,15,100 200 300 400,1,83393,0,,214
spe30,20180717161548_spe30_post_run1_EEG.easy,16,100 200 300 400,1,84830,0,,222
spe30,20180717161548_spe30_post_run1_EEG.easy,17,100 200 300 400 500,2,87512,87515,6,238
spe30,20180717161548_spe30_post_run1_EEG.easy,18,100 200 300 400,1,88480,0,,248
spe30,20180717161548_spe30_post_run1_EEG.easy,19,100 200 300 400,1,89903,0,,234
spe30,20180717161548_spe30_post_run1_EEG.easy,20,100 200 300 400,1,91998,0,,222
spe30,20180717161548_spe30_post_run1_EEG.easy,21,100 200 300 400,1,93281,0,,226
spe30,20180717161548_spe30_post_run1_EEG.easy,22,100 200 300 400,1,94938,0,,246
spe30,20180717161548_spe30_post_run1_EEG.easy,23,100 200 300 400,1,96507,0,,232
spe30,20180717161548_spe30_post_run1_EEG.easy,24,100 200 300 400 500,2,97807,97810,6,232
spe30,20180717161548_spe30_post_run1_EEG.easy,25,100 200 300 400 500,2,98871,98877,12,384
spe30,20180717161548_spe30_post_run1_EEG.easy,26,100 200 300 400,1,100608,0,,156
spe30,20180717161548_spe30_post_run1_EEG.easy,27,100 200 300 400,1,102090,0,,238
spe30,20180717161548_spe30_post_run1_EEG.easy,28,100 200 300 400,1,103872,0,,232
spe30,20180717161548_spe30_post_run1_EEG.easy,29,100 200 300 400 500,2,105271,105274,6,232
spe30,20180717161548_spe30_post_run1_EEG.easy,30,100 200 300 400,1,106687,0,,150
spe30,20180717161548_spe30_post_run1_EEG.easy,31,100 200 300 400 500,2,108120,108124,8,244
spe30,20180717161548_spe30_post_run1_EEG.easy,32,100 200 300 400 500,2,109694,109697,6,226
spe30,20180717161548_spe30_post_run1_EEG.easy,33,100 200 300 400,1,111041,0,,222
spe30,20180717161548_spe30_post_run1_EEG.easy,34,100 200 300 400 500,2,112345,112348,6,216
spe30,20180717161548_spe30_post_run1_EEG.easy,35,100 200 300 400,1,113881,0,,128
spe30,20180717161548_spe30_post_run1_EEG.easy,36,100 200 300 400 500,2,116624,116627,6,234
spe30,20180717161548_spe30_post_run1_EEG.easy,37,100 200 300 400,1,118076,0,,146
spe30,20180717161548_spe30_post_run1_EEG.easy,38,100 200 300 400,1,120448,0,,234
spe30,20180717161548_spe30_post_run1_EEG.easy,39,100 200 300 400,1,122106,0,,234
spe30,20180717161548_spe30_post_run1_EEG.easy,40,100 200 300 400,1,123758,0,,232
spe30,20180717161548_spe30_post_run1_EEG.easy,41,100 200 300 400,1,125338,0,,230
spe30,20180717161548_spe30_post_run1_EEG.easy,42,100 200 300 400,1,126777,0,,244
spe30,20180717161548_spe30_post_run1_EEG.easy,43,100 200 300 400,1,128424,0,,232
spe30,20180717161548_spe30_post_run1_EEG.easy,44,100 200 300 400,1,129744,0,,168
spe30,20180717161548_spe30_post_run1_EEG.easy,45,100 200 300 400 500,2,132161,132164,6,240
spe30,20180717161548_spe30_post_run1_EEG.easy,46,100 200 300 400,1,134286,0,,232
spe30,20180717161548_spe30_post_run1_EEG.easy,47,100 200 300 400 500,2,135733,135736,6,226
spe30,20180717161548_spe30_post_run1_EEG.easy,48,100 200 300 400 500,2,137132,137135,6,238
spe30,20180717161548_spe30_post_run1_EEG.easy,49,100 200 300 400 500,2,138462,138465,6,232
spe30,20180717161548_spe30_post_run1_EEG.easy,50,100 200 300 400,1,140319,0,,228
spe30,20180717161548_spe30_post_run1_EEG.easy,51,100 200 300 400,1,141698,0,,214
spe30,20180717161548_spe30_post_run1_EEG.easy,52,100 200 300 400,1,143205,0,,228
spe30,20180717161548_spe30_post_run1_EEG.easy,53,100 200 300 400 500,2,145699,145702,6,238
spe30,20180717161548_spe30_post_run1_EEG.easy,54,100 200 300 400,1,147434,0,,242
spe30,20180717161548_spe30_post_run1_EEG.easy,55,100 200 300 400,1,149127,0,,238
spe30,20180717161548_spe30_post_run1_EEG.easy,56,100 200 300 400,1,150479,0,,252
spe30,20180717161548_spe30_post_run1_EEG.easy,57,100 200 300 400 500,2,152193,152195,4,222
spe30,20180717161548_spe30_post_run1_EEG.easy,58,100 200 300 400,1,153697,0,,226
spe30,20180717161548_spe30_post_run1_EEG.easy,59,100 200 300 400,1,155171,0,,232
spe30,20180717161548_spe30_post_run1_EEG.easy,60,100 200 300 400 500,2,156786,156789,6,230
spe30,20180717161548_spe30_post_run1_EEG.easy,61,100 200 300 400 500,2,158433,158436,6,230
spe30,20180717161548_spe30_post_run1_EEG.easy,62,100 200 300 400 500,2,160082,160085,6,222
spe30,20180717161548_spe30_post_run1_EEG.easy,63,100 200 300 400 500,2,161466,161469,6,246
spe30,20180717161548_spe30_post_run1_EEG.easy,64,100 200 300 400,1,163418,0,,228
spe30,20180717161548_spe30_post_run1_EEG.easy,65,100 200 300 400,1,165372,0,,226
spe30,20180717161548_spe30_post_run1_EEG.easy,66,100 200 300 400,1,166636,0,,244
spe30,20180717161548_spe30_post_run1_EEG.easy,67,100 200 300 400,1,167880,0,,46
spe30,20180717161548_spe30_post_run1_EEG.easy,68,100 200 300 400 500,2,170034,170037,6,244
spe30,20180717161548_spe30_post_run1_EEG.easy,69,100 200 300 400,1,171506,0,,228
spe30,20180717161548_spe30_post_run1_EEG.easy,70,100 200 300 400,1,172927,0,,234
spe30,20180717161548_spe30_post_run1_EEG.easy,71,100 200 300 400,1,174497,0,,240
spe30,20180717161548_spe30_post_run1_EEG.easy,72,100 200 300 400,1,176087,0,,206
spe30,20180717161548_spe30_post_run1_EEG.easy,73,100 200 300 400,1,177367,0,,234
spe30,20180717161548_spe30_post_run1_EEG.easy,74,100 200 300 400,1,178771,0,,212
spe30,20180717161548_spe30_post_run1_EEG.easy,75,100 200 300 400 500,2,180432,180435,6,216
spe30,20180717161548_spe30_post_run1_EEG.easy,76,100 200 300 400,1,182822,0,,210
spe30,20180717161548_spe30_post_run1_EEG.easy,77,100 200 300 400 500,2,185474,185477,6,220
spe30,20180717161548_spe30_post_run1_EEG.easy,78,100 200 300 400 500,2,186343,186346,6,240
spe30,20180717161548_spe30_post_run1_EEG.easy,79,100 200 300 400,1,187952,0,,240
spe30,20180717161548_spe30_post_run1_EEG.easy,80,100 200 300 400 500,2,189029,189032,6,316
spe30,20180717161548_spe30_post_run1_EEG.easy,81,100 200 300 400,1,190670,0,,252
spe30,20180717161548_spe30_post_run1_EEG.easy,82,100 200 300 400,1,192514,0,,228
spe30,20180717161548_spe30_post_run1_EEG.easy,83,100 200 300 400 500,2,193969,193972,6,236
spe30,20180717161548_spe30_post_run1_EEG.easy,84,100 200 300 400 500,2,195384,195387,6,238
spe30,20180717161548_spe30_post_run1_EEG.easy,85,100 200 300 400 500,2,197111,197114,6,228
spe30,20180717161548_spe30_post_run1_EEG.easy,86,100 200 300 400 500,2,198830,198832,4,240
spe30,20180717161548_spe30_post_run1_EEG.easy,87,100 200 300 400,1,199714,0,,234
spe30,20180717161548_spe30_post_run1_EEG.easy,88,100 200 300 400 500,2,201287,201290,6,236
spe30,20180717161548_spe30_post_run1_EEG.easy,89,100 200 300 400,1,202910,0,,252
spe30,20180717161548_spe30_post_run1_EEG.easy,90,100 200 300 400,1,204437,0,,230
spe30,20180717161548_spe30_post_run1_EEG.easy,91,100 200 300 400,1,205885,0,,240
spe30,20180717161548_spe30_post_run1_EEG.easy,92,100 200 300 400 500,2,207797,207800,6,238
spe30,20180717161548_spe30_post_run1_EEG.easy,93,100 200 300 400 500,2,209482,209485,6,256
spe30,20180717161548_spe30_post_run1_EEG.easy,94,100 200 300 400 500,2,211133,211136,6,246
spe30,20180717161548_spe30_post_run1_EEG.easy,95,100 200 300 400 500,2,212776,212779,6,284
spe30,20180717161548_spe30_post_run1_EEG.easy,96,100 200 300 400,1,214525,0,,224
spe30,20180717161548_spe30_post_run1_EEG.easy,97,100 200 300 400,1,216105,0,,228
spe30,20180717161548_spe30_post_run1_EEG.easy,98,100 200 300 400,1,217598,0,,242
spe30,20180717161548_spe30_post_run1_EEG.easy,99,100 200 300 400,1,219008,0,,224
spe30,20180717161548_spe30_post_run1_EEG.easy,100,100 200 300 400,1,221108,0,,236
spe30,20180717162417_spe30_post_run2_EEG.easy,1,100 200 300 400,1,21335,0,,272
spe30,20180717162417_spe30_post_run2_EEG.easy,2,100 200 300 400,1,22906,0,,278
spe30,20180717162417_spe30_post_run2_EEG.easy,3,100 200 300 400 500,2,24401,24404,6,276
spe30,20180717162417_spe30_post_run2_EEG.easy,4,100 200 300 400,1,26031,0,,258
spe30,20180717162417_spe30_post_run2_EEG.easy,5,100 200 300 400,1,27564,0,,264
spe30,20180717162417_spe30_post_run2_EEG.easy,6,100 200 300 400,1,29630,0,,250
spe30,20180717162417_spe30_post_run2_EEG.easy,7,100 200 300 400 500,2,31294,31407,226,70
spe30,20180717162417_spe30_post_run2_EEG.easy,8,100 200 300 400,1,33024,0,,242
spe30,20180717162417_spe30_post_run2_EEG.easy,9,100 200 300 400 500,2,34523,34526,6,232
spe30,20180717162417_spe30_post_run2_EEG.easy,10,100 200 300 400 500,2,35987,35990,6,252
spe30,20180717162417_spe30_post_run2_EEG.easy,11,100 200 300 400 500,2,37723,37726,6,234
spe30,20180717162417_spe30_post_run2_EEG.easy,12,100 200 300 400 500,2,39509,39512,6,236
spe30,20180717162417_spe30_post_run2_EEG.easy,13,100 200 300 400 500,2,41301,41304,6,252
spe30,20180717162417_spe30_post_run2_EEG.easy,14,100 200 300 400,1,43014,0,,232
spe30,20180717162417_spe30_post_run2_EEG.easy,15,100 200 300 400 500,2,44486,44489,6,242
spe30,20180717162417_spe30_post_run2_EEG.easy,16,100 200 300 400,1,46243,0,,262
spe30,20180717162417_spe30_post_run2_EEG.easy,17,100 200 300 400 500,2,47999,48002,6,246
spe30,20180717162417_spe30_post_run2_EEG.easy,18,100 200 300 400,1,53144,0,,120
spe30,20180717162417_spe30_post_run2_EEG.easy,19,100 200 300 400,1,54535,0,,272
spe30,20180717162417_spe30_post_run2_EEG.easy,20,100 200 300 400,1,56136,0,,230
spe30,20180717162417_spe30_post_run2_EEG.easy,21,100 200 300 400 500,2,57759,57762,6,234
spe30,20180717162417_spe30_post_run2_EEG.easy,22,100 200 300 400,1,59336,0,,248
spe30,20180717162417_spe30_post_run2_EEG.easy,23,100 200 300 400,1,60689,0,,278
spe30,20180717162417_spe30_post_run2_EEG.easy,24,100 200 300 400,1,62347,0,,210
spe30,20180717162417_spe30_post_run2_EEG.easy,25,100 200 300 400 500,2,64055,64058,6,214
spe30,20180717162417_spe30_post_run2_EEG.easy,26,100 200 300 400 500,2,65686,65689,6,220
spe30,20180717162417_spe30_post_run2_EEG.easy,27,100 200 300 400,1,67299,0,,246
spe30,20180717162417_spe30_post_run2_EEG.easy,28,100 200 300 400 500,2,68873,68876,6,234
spe30,20180717162417_spe30_post_run2_EEG.easy,29,100 200 300 400,1,70454,0,,274
spe30,20180717162417_spe30_post_run2_EEG.easy,30,100 200 300 400,1,71910,0,,260
spe30,20180717162417_spe30_post_run2_EEG.easy,31,100 200 300 400,1,73329,0,,232
spe30,20180717162417_spe30_post_run2_EEG.easy,32,100 200 300 400 500,2,75079,75082,6,220
spe30,20180717162417_spe30_post_run2_EEG.easy,33,100 200 300 400,1,77517,0,,232
spe30,20180717162417_spe30_post_run2_EEG.easy,34,100 200 300 400 500,2,80743,80746,6,234
spe30,20180717162417_spe30_post_run2_EEG.easy,35,100 200 300 400,1,82291,0,,230
spe30,20180717162417_spe30_post_run2_EEG.easy,36,100 200 300 400 500,2,83723,83726,6,228
spe30,20180717162417_spe30_post_run2_EEG.easy,37,100 200 300 400,1,85321,0,,216
spe30,20180717162417_spe30_post_run2_EEG.easy,38,100 200 300 400 500,2,87077,87080,6,236
spe30,20180717162417_spe30_post_run2_EEG.easy,39,100 200 300 400 500,2,88815,88818,6,222
spe30,20180717162417_spe30_post_run2_EEG.easy,40,100 200 300 400,1,90636,0,,230
spe30,20180717162417_spe30_post_run2_EEG.easy,41,100 200 300 400,1,92029,0,,240
spe30,20180717162417_spe30_post_run2_EEG.easy,42,100 200 300 400 500,2,93346,93349,6,240
spe30,20180717162417_spe30_post_run2_EEG.easy,43,100 200 300 400,1,94838,0,,248
spe30,20180717162417_spe30_post_run2_EEG.easy,44,100 200 300 400,1,96290,0,,242
spe30,20180717162417_spe30_post_run2_EEG.easy,45,100 200 300 400,1,98037,0,,224
spe30,20180717162417_spe30_post_run2_EEG.easy,46,100 200 300 400,1,99529,0,,232
spe30,20180717162417_spe30_post_run2_EEG.easy,47,100 200 300 400 500,2,101037,101040,6,226
spe30,20180717162417_spe30_post_run2_EEG.easy,48,100 200 300 400 500,2,102411,102414,6,242
spe30,20180717162417_spe30_post_run2_EEG.easy,49,100 200 300 400,1,104139,0,,170
spe30,20180717162417_spe30_post_run2_EEG.easy,50,100 200 300 400 500,2,105812,105815,6,204
spe30,20180717162417_spe30_post_run2_EEG.easy,51,100 200 300 400,1,107728,0,,242
spe30,20180717162417_spe30_post_run2_EEG.easy,52,100 200 300 400,1,109184,0,,222
spe30,20180717162417_spe30_post_run2_EEG.easy,53,100 200 300 400,1,110621,0,,232
spe30,20180717162417_spe30_post_run2_EEG.easy,54,100 200 300 400 500,2,113012,113015,6,232
spe30,20180717162417_spe30_post_run2_EEG.easy,55,100 200 300 400,1,114721,0,,204
spe30,20180717162417_spe30_post_run2_EEG.easy,56,100 200 300 400,1,116231,0,,220
spe30,20180717162417_spe30_post_run2_EEG.easy,57,100 200 300 400,1,117777,0,,224
spe30,20180717162417_spe30_post_run2_EEG.easy,58,100 200 300 400 500,2,119268,119271,6,224
spe30,20180717162417_spe30_post_run2_EEG.easy,59,100 200 300 400,1,120732,0,,208
spe30,20180717162417_spe30_post_run2_EEG.easy,60,100 200 300 400 500,2,122399,122402,6,220
spe30,20180717162417_spe30_post_run2_EEG.easy,61,100 200 300 400,1,123692,0,,204
spe30,20180717162417_spe30_post_run2_EEG.easy,62,100 200 300 400,1,125479,0,,230
spe30,20180717162417_spe30_post_run2_EEG.easy,63,100 200 300 400,1,127037,0,,224
spe30,20180717162417_spe30_post_run2_EEG.easy,64,100 200 300 400 500,2,128304,128307,6,250
spe30,20180717162417_spe30_post_run2_EEG.easy,65,100 200 300 400,1,129651,0,,232
spe30,20180717162417_spe30_post_run2_EEG.easy,66,100 200 300 400,1,131346,0,,246
spe30,20180717162417_spe30_post_run2_EEG.easy,67,100 200 300 400,1,132861,0,,232
spe30,20180717162417_spe30_post_run2_EEG.easy,68,100 200 300 400 500,2,134159,134162,6,254
spe30,20180717162417_spe30_post_run2_EEG.easy,69,100 200 300 400 500,2,135058,135061,6,236
spe30,20180717162417_spe30_post_run2_EEG.easy,70,100 200 300 400,1,136467,0,,240
spe30,20180717162417_spe30_post_run2_EEG.easy,71,100 200 300 400,1,138118,0,,232
spe30,20180717162417_spe30_post_run2_EEG.easy,72,100 200 300 400,1,139457,0,,228
spe30,20180717162417_spe30_post_run2_EEG.easy,73,100 200 300 400 500,2,140763,140766,6,232
spe30,20180717162417_spe30_post_run2_EEG.easy,74,100 200 300 400 500,2,142109,142112,6,216
spe30,20180717162417_spe30_post_run2_EEG.easy,75,100 200 300 400 500,2,143591,143593,4,232
spe30,20180717162417_spe30_post_run2_EEG.easy,76,100 200 300 400,1,144878,0,,6
spe30,20180717162417_spe30_post_run2_EEG.easy,77,100 200 300 400,1,146505,0,,236
spe30,20180717162417_spe30_post_run2_EEG.easy,78,100 200 300 400,1,148981,0,,232
spe30,20180717162417_spe30_post_run2_EEG.easy,79,100 200 300 400,1,150893,0,,244
spe30,20180717162417_spe30_post_run2_EEG.easy,80,100 200 300 400,1,152617,0,,158
spe30,20180717162417_spe30_post_run2_EEG.easy,81,100 200 300 400,1,154194,0,,220
spe30,20180717162417_spe30_post_run2_EEG.easy,82,100 200 300 400 500,2,155870,155873,6,224
spe30,20180717162417_spe30_post_run2_EEG.easy,83,100 200 300 400,1,157555,0,,230
spe30,20180717162417_spe30_post_run2_EEG.easy,84,100 200 300 400,1,159149,0,,216
spe30,20180717162417_spe30_post_run2_EEG.easy,85,100 200 300 400,1,160762,0,,204
spe30,20180717162417_spe30_post_run2_EEG.easy,86,100 200 300 400,1,162107,0,,256
spe30,20180717162417_spe30_post_run2_EEG.easy,87,100 200 300 400,1,163479,0,,228
spe30,20180717162417_spe30_post_run2_EEG.easy,88,100 200 300 400,1,164901,0,,228
spe30,20180717162417_spe30_post_run2_EEG.easy,89,100 200 300 400,1,166307,0,,242
spe30,20180717162417_spe30_post_run2_EEG.easy,90,100 200 300 400,1,167891,0,,222
spe30,20180717162417_spe30_post_run2_EEG.easy,91,100 200 300 400,1,169228,0,,254
spe30,20180717162417_spe30_post_run2_EEG.easy,92,100 200 300 400 500,2,170751,170755,8,216
spe30,20180717162417_spe30_post_run2_EEG.easy,93,100 200 300 400 500,2,172494,172496,4,232
spe30,20180717162417_spe30_post_run2_EEG.easy,94,100 200 300 400,1,174209,0,,220
spe30,20180717162417_spe30_post_run2_EEG.easy,95,100 200 300 400,1,175830,0,,244
spe30,20180717162417_spe30_post_run2_EEG.easy,96,100 200 300 400,1,177156,0,,236
spe30,20180717162417_spe30_post_run2_EEG.easy,97,100 200 300 400,1,178450,0,,222
spe30,20180717162417_spe30_post_run2_EEG.easy,98,100 200 300 400,1,180143,0,,212
spe30,20180717162417_spe30_post_run2_EEG.easy,99,100 200 300 400,1,181722,0,,78
spe30,20180717162417_spe30_post_run2_EEG.easy,100,100 200 300 400,1,183136,0,,226
spe30,20180717163116_spe30_post_run3_EEG.easy,1,100 200 300 400,1,13772,0,,296
spe30,20180717163116_spe30_post_run3_EEG.easy,2,100 200 300 400,1,14623,0,,250
spe30,20180717163116_spe30_post_run3_EEG.easy,3,100 200 300 400,1,16081,0,,254
spe30,20180717163116_spe30_post_run3_EEG.easy,4,100 200 300 400,1,17372,0,,244
spe30,20180717163116_spe30_post_run3_EEG.easy,5,100 200 300 400 500,2,18655,18658,6,236
spe30,20180717163116_spe30_post_run3_EEG.easy,6,100 200 300 400 500,2,20296,20300,8,222
spe30,20180717163116_spe30_post_run3_EEG.easy,7,100 200 300 400 500,2,21370,21373,6,220
spe30,20180717163116_spe30_post_run3_EEG.easy,8,100 200 300 400,1,22760,0,,230
spe30,20180717163116_spe30_post_run3_EEG.easy,9,100 200 300 400 500,2,24426,24428,4,220
spe30,20180717163116_spe30_post_run3_EEG.easy,10,100 200 300 400 500,2,26111,26114,6,222
spe30,20180717163116_spe30_post_run3_EEG.easy,11,100 200 300 400 500,2,27613,27616,6,220
spe30,20180717163116_spe30_post_run3_EEG.easy,12,100 200 300 400 500,2,28972,28975,6,228
spe30,20180717163116_spe30_post_run3_EEG.easy,13,100 200 300 400 500,2,30293,30296,6,216
spe30,20180717163116_spe30_post_run3_EEG.easy,14,100 200 300 400,1,31734,0,,204
spe30,20180717163116_spe30_post_run3_EEG.easy,15,100 200 300 400,1,33920,0,,232
spe30,20180717163116_spe30_post_run3_EEG.easy,16,100 200 300 400,1,35420,0,,28
spe30,20180717163116_spe30_post_run3_EEG.easy,17,100 200 300 400,1,37000,0,,214
spe30,20180717163116_spe30_post_run3_EEG.easy,18,100 200 300 400,1,38342,0,,230
spe30,20180717163116_spe30_post_run3_EEG.easy,19,100 200 300 400 500,2,40270,40274,8,250
spe30,20180717163116_spe30_post_run3_EEG.easy,20,100 200 300 400,1,42011,0,,230
spe30,20180717163116_spe30_post_run3_EEG.easy,21,100 200 300 400,1,43720,0,,214
spe30,20180717163116_spe30_post_run3_EEG.easy,22,100 200 300 400 500,2,45286,45289,6,218
spe30,20180717163116_spe30_post_run3_EEG.easy,23,100 200 300 400,1,46699,0,,260
spe30,20180717163116_spe30_post_run3_EEG.easy,24,100 200 300 400,1,48361,0,,220
spe30,20180717163116_spe30_post_run3_EEG.easy,25,100 200 300 400,1,49757,0,,220
spe30,20180717163116_spe30_post_run3_EEG.easy,26,100 200 300 400,1,51784,0,,200
spe30,20180717163116_spe30_post_run3_EEG.easy,27,100 200 300 400,1,53342,0,,236
spe30,20180717163116_spe30_post_run3_EEG.easy,28,100 200 300 400,1,54639,0,,240
spe30,20180717163116_spe30_post_run3_EEG.easy,29,100 200 300 400,1,56369,0,,220
spe30,20180717163116_spe30_post_run3_EEG.easy,30,100 200 300 400,1,57943,0,,222
spe30,20180717163116_spe30_post_run3_EEG.easy,31,100 200 300 400,1,59371,0,,318
spe30,20180717163116_spe30_post_run3_EEG.easy,32,100 200 300 400,1,60789,0,,234
spe30,20180717163116_spe30_post_run3_EEG.easy,33,100 200 300 400,1,62406,0,,188
spe30,20180717163116_spe30_post_run3_EEG.easy,34,100 200 300 400,1,63749,0,,234
spe30,20180717163116_spe30_post_run3_EEG.easy,35,100 200 300 400 500,2,65298,65301,6,226
spe30,20180717163116_spe30_post_run3_EEG.easy,36,100 200 300 400,1,67463,0,,218
spe30,20180717163116_spe30_post_run3_EEG.easy,37,100 200 300 400 500,2,69693,69696,6,234
spe30,20180717163116_spe30_post_run3_EEG.easy,38,100 200 300 400 500,2,71243,71246,6,238
spe30,20180717163116_spe30_post_run3_EEG.easy,39,100 200 300 400,1,72837,0,,216
spe30,20180717163116_spe30_post_run3_EEG.easy,40,100 200 300 400 500,2,74198,74201,6,250
spe30,20180717163116_spe30_post_run3_EEG.easy,41,100 200 300 400,1,76120,0,,206
spe30,20180717163116_spe30_post_run3_EEG.easy,42,100 200 300 400 500,2,78273,78276,6,236
spe30,20180717163116_spe30_post_run3_EEG.easy,43,100 200 300 400,1,80094,0,,232
spe30,20180717163116_spe30_post_run3_EEG.easy,44,100 200 300 400,1,81499,0,,246
spe30,20180717163116_spe30_post_run3_EEG.easy,45,100 200 300 400 500,2,83710,83714,8,206
spe30,20180717163116_spe30_post_run3_EEG.easy,46,100 200 300 400,1,85603,0,,236
spe30,20180717163116_spe30_post_run3_EEG.easy,47,100 200 300 400 500,2,87224,87227,6,242
spe30,20180717163116_spe30_post_run3_EEG.easy,48,100 200 300 400 500,2,88179,88182,6,228
spe30,20180717163116_spe30_post_run3_EEG.easy,49,100 200 300 400,1,89611,0,,248
spe30,20180717163116_spe30_post_run3_EEG.easy,50,100 200 300 400 500,2,91105,91108,6,258
spe30,20180717163116_spe30_post_run3_EEG.easy,51,100 200 300 400,1,92686,0,,228
spe30,20180717163116_spe30_post_run3_EEG.easy,52,100 200 300 400 500,2,94295,94298,6,226
spe30,20180717163116_spe30_post_run3_EEG.easy,53,100 200 300 400,1,95634,0,,234
spe30,20180717163116_spe30_post_run3_EEG.easy,54,100 200 300 400,1,96999,0,,208
spe30,20180717163116_spe30_post_run3_EEG.easy,55,100 200 300 400,1,98428,0,,222
spe30,20180717163116_spe30_post_run3_EEG.easy,56,100 200 300 400 500,2,99743,99747,8,192
spe30,20180717163116_spe30_post_run3_EEG.easy,57,100 200 300 400,1,100988,0,,30
spe30,20180717163116_spe30_post_run3_EEG.easy,58,100 200 300 400,1,102813,0,,188
spe30,20180717163116_spe30_post_run3_EEG.easy,59,100 200 300 400 500,2,104526,104531,10,218
spe30,20180717163116_spe30_post_run3_EEG.easy,60,100 200 300 400 500,2,106337,106340,6,174
spe30,20180717163116_spe30_post_run3_EEG.easy,61,100 200 300 400,1,108726,0,,250
spe30,20180717163116_spe30_post_run3_EEG.easy,62,100 200 300 400 500,2,109972,109975,6,234
spe30,20180717163116_spe30_post_run3_EEG.easy,63,100 200 300 400,1,112587,0,,486
spe30,20180717163116_spe30_post_run3_EEG.easy,64,100 200 300 400,1,114488,0,,214
spe30,20180717163116_spe30_post_run3_EEG.easy,65,100 200 300 400,1,116092,0,,208
spe30,20180717163116_spe30_post_run3_EEG.easy,66,100 200 300 400 500,2,117432,117435,6,226
spe30,20180717163116_spe30_post_run3_EEG.easy,67,100 200 300 400,1,118378,0,,204
spe30,20180717163116_spe30_post_run3_EEG.easy,68,100 200 300 400,1,119950,0,,248
spe30,20180717163116_spe30_post_run3_EEG.easy,69,100 200 300 400,1,121518,0,,224
spe30,20180717163116_spe30_post_run3_EEG.easy,70,100 200 300 400 500,2,122870,122873,6,168
spe30,20180717163116_spe30_post_run3_EEG.easy,71,100 200 300 400,1,125457,0,,232
spe30,20180717163116_spe30_post_run3_EEG.easy,72,100 200 300 400,1,126933,0,,252
spe30,20180717163116_spe30_post_run3_EEG.easy,73,100 200 300 400 500,2,128317,128320,6,250
spe30,20180717163116_spe30_post_run3_EEG.easy,74,100 200 300 400,1,129991,0,,238
spe30,20180717163116_spe30_post_run3_EEG.easy,75,100 200 300 400,1,131448,0,,234
spe30,20180717163116_spe30_post_run3_EEG.easy,76,100 200 300 400,1,133195,0,,208
spe30,20180717163116_spe30_post_run3_EEG.easy,77,100 200 300 400,1,134537,0,,228
spe30,20180717163116_spe30_post_run3_EEG.easy,78,100 200 300 400 500,2,136307,136310,6,202
spe30,20180717163116_spe30_post_run3_EEG.easy,79,100 200 300 400,1,137761,0,,234
spe30,20180717163116_spe30_post_run3_EEG.easy,80,100 200 300 400,1,139482,0,,226
spe30,20180717163116_spe30_post_run3_EEG.easy,81,100 200 300 400 500,2,141071,141161,180,64
spe30,20180717163116_spe30_post_run3_EEG.easy,82,100 200 300 400,1,142624,0,,236
spe30,20180717163116_spe30_post_run3_EEG.easy,83,100 200 300 400,1,144147,0,,228
spe30,20180717163116_spe30_post_run3_EEG.easy,84,100 200 300 400,1,145801,0,,206
spe30,20180717163116_spe30_post_run3_EEG.easy,85,100 200 300 400,1,147814,0,,202
spe30,20180717163116_spe30_post_run3_EEG.easy,86,100 200 300 400 500,2,149180,149183,6,222
spe30,20180717163116_spe30_post_run3_EEG.easy,87,100 200 300 400,1,150959,0,,228
spe30,20180717163116_spe30_post_run3_EEG.easy,88,100 200 300 400,1,152639,0,,192
spe30,20180717163116_spe30_post_run3_EEG.easy,89,100 200 300 400 500,2,154112,154115,6,24
spe30,20180717163116_spe30_post_run3_EEG.easy,90,100 200 300 400,1,155724,0,,222
spe30,20180717163116_spe30_post_run3_EEG.easy,91,100 200 300 400 500,2,157725,157729,8,216
spe30,20180717163116_spe30_post_run3_EEG.easy,92,100 200 300 400,1,159858,0,,236
spe30,20180717163116_spe30_post_run3_EEG.easy,93,100 200 300 400,1,161328,0,,234
spe30,20180717163116_spe30_post_run3_EEG.easy,94,100 200 300 400,1,162705,0,,238
spe30,20180717163116_spe30_post_run3_EEG.easy,95,100 200 300 400,1,164095,0,,248
spe30,20180717163116_spe30_post_run3_EEG.easy,96,100 200 300 400 500,2,165766,165769,6,228
spe30,20180717163116_spe30_post_run3_EEG.easy,97,100 200 300 400,1,167983,0,,256
spe30,20180717163116_spe30_post_run3_EEG.easy,98,100 200 300 400,1,169616,0,,228
spe30,20180717163116_spe30_post_run3_EEG.easy,99,100 200 300 400,1,171174,0,,236
spe30,20180717163116_spe30_post_run3_EEG.easy,100,100 200 300 400 500,2,172768,172774,12,226
spe30,20180718110701_spe30_pre_run1_EEG.easy,1,100 200 300 400 500,2,23781,23822,82,308
spe30,20180718110701_spe30_pre_run1_EEG.easy,2,100 200 300 400,1,25431,0,,276
spe30,20180718110701_spe30_pre_run1_EEG.easy,3,100 200 300 400,1,26896,0,,252
spe30,20180718110701_spe30_pre_run1_EEG.easy,4,100 200 300 400,1,28285,0,,244
spe30,20180718110701_spe30_pre_run1_EEG.easy,5,100 200 300 400 500,2,29860,29907,94,262
spe30,20180718110701_spe30_pre_run1_EEG.easy,6,100 200 300 400 500,2,31700,31745,90,238
spe30,20180718110701_spe30_pre_run1_EEG.easy,7,100 200 300 400 500,2,33165,33206,82,258
spe30,20180718110701_spe30_pre_run1_EEG.easy,8,100 200 300 400 500,2,34756,34801,90,266
spe30,20180718110701_spe30_pre_run1_EEG.easy,9,100 200 300 400 500,2,36392,36427,70,270
spe30,20180718110701_spe30_pre_run1_EEG.easy,10,100 200 300 400,1,37948,0,,238
spe30,20180718110701_spe30_pre_run1_EEG.easy,11,100 200 300 400 500,2,39954,39998,88,260
spe30,20180718110701_spe30_pre_run1_EEG.easy,12,100 200 300 400,1,41793,0,,264
spe30,20180718110701_spe30_pre_run1_EEG.easy,13,100 200 300 400,1,43576,0,,216
spe30,20180718110701_spe30_pre_run1_EEG.easy,14,100 200 300 400 500,2,44972,45034,124,278
spe30,20180718110701_spe30_pre_run1_EEG.easy,15,100 200 300 400 500,2,46816,46855,78,262
spe30,20180718110701_spe30_pre_run1_EEG.easy,16,100 200 300 400 500,2,48312,48363,102,260
spe30,20180718110701_spe30_pre_run1_EEG.easy,17,100 200 300 400,1,49795,0,,258
spe30,20180718110701_spe30_pre_run1_EEG.easy,18,100 200 300 400,1,51257,0,,262
spe30,20180718110701_spe30_pre_run1_EEG.easy,19,100 200 300 400,1,53000,0,,270
spe30,20180718110701_spe30_pre_run1_EEG.easy,20,100 200 300 400 500,2,54449,54490,82,278
spe30,20180718110701_spe30_pre_run1_EEG.easy,21,100 200 300 400,1,55980,0,,276
spe30,20180718110701_spe30_pre_run1_EEG.easy,22,100 200 300 400,1,57458,0,,272
spe30,20180718110701_spe30_pre_run1_EEG.easy,23,100 200 300 400,1,59077,0,,250
spe30,20180718110701_spe30_pre_run1_EEG.easy,24,100 200 300 400,1,60473,0,,262
spe30,20180718110701_spe30_pre_run1_EEG.easy,25,100 200 300 400,1,62080,0,,244
spe30,20180718110701_spe30_pre_run1_EEG.easy,26,100 200 300 400,1,63725,0,,256
spe30,20180718110701_spe30_pre_run1_EEG.easy,27,100 200 300 400,1,65340,0,,264
spe30,20180718110701_spe30_pre_run1_EEG.easy,28,100 200 300 400 500,2,67078,67134,112,278
spe30,20180718110701_spe30_pre_run1_EEG.easy,29,100 200 300 400,1,68922,0,,268
spe30,20180718110701_spe30_pre_run1_EEG.easy,30,100 200 300 400,1,70522,0,,264
spe30,20180718110701_spe30_pre_run1_EEG.easy,31,100 200 300 400,1,72483,0,,282
spe30,20180718110701_spe30_pre_run1_EEG.easy,32,100 200 300 400,1,73984,0,,238
spe30,20180718110701_spe30_pre_run1_EEG.easy,33,100 200 300 400,1,75725,0,,254
spe30,20180718110701_spe30_pre_run1_EEG.easy,34,100 200 300 400,1,77414,0,,260
spe30,20180718110701_spe30_pre_run1_EEG.easy,35,100 200 300 400,1,79185,0,,280
spe30,20180718110701_spe30_pre_run1_EEG.easy,36,100 200 300 400,1,81039,0,,248
spe30,20180718110701_spe30_pre_run1_EEG.easy,37,100 200 300 400 500,2,82053,82117,128,300
spe30,20180718110701_spe30_pre_run1_EEG.easy,38,100 200 300 400,1,83614,0,,280
spe30,20180718110701_spe30_pre_run1_EEG.easy,39,100 200 300 400 500,2,85167,85223,112,248
spe30,20180718110701_spe30_pre_run1_EEG.easy,40,100 200 300 400,1,87031,0,,288
spe30,20180718110701_spe30_pre_run1_EEG.easy,41,100 200 300 400 500,2,88699,88750,102,304
spe30,20180718110701_spe30_pre_run1_EEG.easy,42,100 200 300 400,1,90466,0,,292
spe30,20180718110701_spe30_pre_run1_EEG.easy,43,100 200 300 400,1,92212,0,,266
spe30,20180718110701_spe30_pre_run1_EEG.easy,44,100 200 300 400 500,2,93850,93896,92,272
spe30,20180718110701_spe30_pre_run1_EEG.easy,45,100 200 300 400,1,95659,0,,252
spe30,20180718110701_spe30_pre_run1_EEG.easy,46,100 200 300 400,1,97320,0,,256
spe30,20180718110701_spe30_pre_run1_EEG.easy,47,100 200 300 400 500,2,98770,98828,116,298
spe30,20180718110701_spe30_pre_run1_EEG.easy,48,100 200 300 400 500,2,100574,100615,82,256
spe30,20180718110701_spe30_pre_run1_EEG.easy,49,100 200 300 400,1,102594,0,,282
spe30,20180718110701_spe30_pre_run1_EEG.easy,50,100 200 300 400 500,2,103952,104000,96,286
spe30,20180718110701_spe30_pre_run1_EEG.easy,51,100 200 300 400,1,105533,0,,268
spe30,20180718110701_spe30_pre_run1_EEG.easy,52,100 200 300 400,1,107152,0,,266
spe30,20180718110701_spe30_pre_run1_EEG.easy,53,100 200 300 400 500,2,108854,108899,90,250
spe30,20180718110701_spe30_pre_run1_EEG.easy,54,100 200 300 400,1,110524,0,,276
spe30,20180718110701_spe30_pre_run1_EEG.easy,55,100 200 300 400 500,2,112143,112189,92,262
spe30,20180718110701_spe30_pre_run1_EEG.easy,56,100 200 300 400,1,113643,0,,268
spe30,20180718110701_spe30_pre_run1_EEG.easy,57,100 200 300 400,1,114983,0,,272
spe30,20180718110701_spe30_pre_run1_EEG.easy,58,100 200 300 400,1,116568,0,,240
spe30,20180718110701_spe30_pre_run1_EEG.easy,59,100 200 300 400,1,118141,0,,192
spe30,20180718110701_spe30_pre_run1_EEG.easy,60,100 200 300 400,1,119729,0,,284
spe30,20180718110701_spe30_pre_run1_EEG.easy,61,100 200 300 400 500,2,121140,121217,154,264
spe30,20180718110701_spe30_pre_run1_EEG.easy,62,100 200 300 400,1,122171,0,,430
spe30,20180718110701_spe30_pre_run1_EEG.easy,63,100 200 300 400,1,123537,0,,256
spe30,20180718110701_spe30_pre_run1_EEG.easy,64,100 200 300 400,1,124927,0,,256
spe30,20180718110701_spe30_pre_run1_EEG.easy,65,100 200 300 400,1,126290,0,,258
spe30,20180718110701_spe30_pre_run1_EEG.easy,66,100 200 300 400,1,128038,0,,274
spe30,20180718110701_spe30_pre_run1_EEG.easy,67,100 200 300 400,1,129415,0,,266
spe30,20180718110701_spe30_pre_run1_EEG.easy,68,100 200 300 400 500,2,130850,130905,110,250
spe30,20180718110701_spe30_pre_run1_EEG.easy,69,100 200 300 400,1,131904,0,,292
spe30,20180718110701_spe30_pre_run1_EEG.easy,70,100 200 300 400,1,133644,0,,268
spe30,20180718110701_spe30_pre_run1_EEG.easy,71,100 200 300 400,1,135178,0,,252
spe30,20180718110701_spe30_pre_run1_EEG.easy,72,100 200 300 400 500,2,136985,137032,94,262
spe30,20180718110701_spe30_pre_run1_EEG.easy,73,100 200 300 400 500,2,138691,138744,106,264
spe30,20180718110701_spe30_pre_run1_EEG.easy,74,100 200 300 400,1,140360,0,,272
spe30,20180718110701_spe30_pre_run1_EEG.easy,75,100 200 300 400 500,2,142162,142224,124,244
spe30,20180718110701_spe30_pre_run1_EEG.easy,76,100 200 255 255 255 255 255 255 255 255 255 255 255 255 255 255 255 255 255 255 255 255 255 255 255 255 255 255 255 255 255 255 255 255 255 255 255 255 300 255 255 255 255 255 255 255 255 255 255 255 255 255 255 255 255 255 255 255 255 255 255 255 255 255 400 255 255 255 255 255 255 255 255 255 255 255 255 255 255 255 255 255 255 255 255 255 255 255 255 255 255 255 255 255 255 255 255 255 255 255 255 255 255 255 255 255 255,1,144082,0,,292
spe30,20180718110701_spe30_pre_run1_EEG.easy,77,100 255 255 255 255 255 255 255 255 255 255 255 255 255 255 255 255 255 255 255 255 255 255 255 255 255 255 255 255 255 255 255 255 255 255 200 300 400,1,145521,0,,244
spe30,20180718110701_spe30_pre_run1_EEG.easy,78,100 200 300 400,1,146968,0,,282
spe30,20180718110701_spe30_pre_run1_EEG.easy,79,100 200 300 400,1,148663,0,,232
spe30,20180718110701_spe30_pre_run1_EEG.easy,80,100 200 300 400,1,150503,0,,242
spe30,20180718110701_spe30_pre_run1_EEG.easy,81,100 200 300 400 500,2,152206,152256,100,222
spe30,20180718110701_spe30_pre_run1_EEG.easy,82,100 200 300 400 500,2,154379,154430,102,250
spe30,20180718110701_spe30_pre_run1_EEG.easy,83,100 200 300 400,1,155865,0,,280
spe30,20180718110701_spe30_pre_run1_EEG.easy,84,100 200 300 400,1,157441,0,,86
spe30,20180718110701_spe30_pre_run1_EEG.easy,85,100 200 300 400,1,159154,0,,258
spe30,20180718110701_spe30_pre_run1_EEG.easy,86,100 200 300 400,1,161174,0,,254
spe30,20180718110701_spe30_pre_run1_EEG.easy,87,100 200 300 400,1,162717,0,,254
spe30,20180718110701_spe30_pre_run1_EEG.easy,88,100 200 300 400 500,2,164560,164612,104,286
spe30,20180718110701_spe30_pre_run1_EEG.easy,89,100 200 300 400,1,166046,0,,286
spe30,20180718110701_spe30_pre_run1_EEG.easy,90,100 200 300 400,1,167388,0,,264
spe30,20180718110701_spe30_pre_run1_EEG.easy,91,100 200 300 400 500,2,169011,169058,94,274
spe30,20180718110701_spe30_pre_run1_EEG.easy,92,100 200 300 400,1,170575,0,,266
spe30,20180718110701_spe30_pre_run1_EEG.easy,93,100 200 300 400 500,2,172781,172828,94,272
spe30,20180718110701_spe30_pre_run1_EEG.easy,94,100 200 300 400 500,2,174806,174866,120,268
spe30,20180718110701_spe30_pre_run1_EEG.easy,95,100 200 300 400,1,175911,0,,492
spe30,20180718110701_spe30_pre_run1_EEG.easy,96,100 200 300 400 500,2,177329,177386,114,294
spe30,20180718110701_spe30_pre_run1_EEG.easy,97,100 200 300 400 500,2,178710,178751,82,514
spe30,20180718110701_spe30_pre_run1_EEG.easy,98,100 200 300 400,1,180215,0,,258
spe30,20180718110701_spe30_pre_run1_EEG.easy,99,100 200 300 400,1,182013,0,,292
spe30,20180718110701_spe30_pre_run1_EEG.easy,100,100 200 300 400,1,183674,0,,346
spe30,20180718111337_spe30_pre_run2_EEG.easy,1,100 200 300 400,1,16211,0,,326
spe30,20180718111337_spe30_pre_run2_EEG.easy,2,100 200 300 400,1,17746,0,,266
spe30,20180718111337_spe30_pre_run2_EEG.easy,3,100 200 300 400 500,2,19248,19303,110,296
spe30,20180718111337_spe30_pre_run2_EEG.easy,4,100 200 300 400 500,2,21083,21127,88,252
spe30,20180718111337_spe30_pre_run2_EEG.easy,5,100 200 300 400,1,22918,0,,260
spe30,20180718111337_spe30_pre_run2_EEG.easy,6,100 200 300 400 500,2,24506,24565,118,314
spe30,20180718111337_spe30_pre_run2_EEG.easy,7,100 200 300 400 500,2,26260,26315,110,298
spe30,20180718111337_spe30_pre_run2_EEG.easy,8,100 200 300 400 500,2,28011,28084,146,266
spe30,20180718111337_spe30_pre_run2_EEG.easy,9,100 200 300 400,1,29966,0,,282
spe30,20180718111337_spe30_pre_run2_EEG.easy,10,100 200 300 400,1,31537,0,,580
spe30,20180718111337_spe30_pre_run2_EEG.easy,11,100 200 300 400 500,2,32933,32996,126,282
spe30,20180718111337_spe30_pre_run2_EEG.easy,12,100 200 300 400,1,34712,0,,264
spe30,20180718111337_spe30_pre_run2_EEG.easy,13,100 200 300 400 500,2,36369,36416,94,256
spe30,20180718111337_spe30_pre_run2_EEG.easy,14,100 200 300 400,1,37801,0,,270
spe30,20180718111337_spe30_pre_run2_EEG.easy,15,100 200 300 400,1,39181,0,,262
spe30,20180718111337_spe30_pre_run2_EEG.easy,16,100 200 300 400 500,2,40997,41053,112,234
spe30,20180718111337_spe30_pre_run2_EEG.easy,17,100 200 300 400 500,2,42850,42894,88,264
spe30,20180718111337_spe30_pre_run2_EEG.easy,18,100 200 300 400 500,2,44580,44630,100,268
spe30,20180718111337_spe30_pre_run2_EEG.easy,19,100 200 300 400,1,46522,0,,270
spe30,20180718111337_spe30_pre_run2_EEG.easy,20,100 200 300 400,1,48261,0,,256
spe30,20180718111337_spe30_pre_run2_EEG.easy,21,100 200 300 400,1,49666,0,,264
spe30,20180718111337_spe30_pre_run2_EEG.easy,22,100 200 300 400 500,2,51346,51391,90,234
spe30,20180718111337_spe30_pre_run2_EEG.easy,23,100 200 300 400 500,2,52770,52826,112,276
spe30,20180718111337_spe30_pre_run2_EEG.easy,24,100 200 300 400,1,54270,0,,282
spe30,20180718111337_spe30_pre_run2_EEG.easy,25,100 200 300 400,1,55920,0,,264
spe30,20180718111337_spe30_pre_run2_EEG.easy,26,100 200 300 400 500,2,57571,57619,96,264
spe30,20180718111337_spe30_pre_run2_EEG.easy,27,100 200 300 400 500,2,59256,59299,86,258
spe30,20180718111337_spe30_pre_run2_EEG.easy,28,100 200 300 400 500,2,60167,60216,98,260
spe30,20180718111337_spe30_pre_run2_EEG.easy,29,100 200 300 400,1,61930,0,,242
spe30,20180718111337_spe30_pre_run2_EEG.easy,30,100 200 300 400,1,63421,0,,250
spe30,20180718111337_spe30_pre_run2_EEG.easy,31,100 200 300 400 500,2,64914,64970,112,276
spe30,20180718111337_spe30_pre_run2_EEG.easy,32,100 200 300 400 500,2,66468,66512,88,270
spe30,20180718111337_spe30_pre_run2_EEG.easy,33,100 200 300 400,1,68412,0,,272
spe30,20180718111337_spe30_pre_run2_EEG.easy,34,100 200 300 400,1,70055,0,,264
spe30,20180718111337_spe30_pre_run2_EEG.easy,35,100 200 300 400,1,71627,0,,274
spe30,20180718111337_spe30_pre_run2_EEG.easy,36,100 200 300 400,1,73237,0,,246
spe30,20180718111337_spe30_pre_run2_EEG.easy,37,100 200 300 400,1,75083,0,,252
spe30,20180718111337_spe30_pre_run2_EEG.easy,38,100 200 300 400,1,76468,0,,238
spe30,20180718111337_spe30_pre_run2_EEG.easy,39,100 200 300 400,1,78138,0,,276
spe30,20180718111337_spe30_pre_run2_EEG.easy,40,100 200 300 400,1,79808,0,,250
spe30,20180718111337_spe30_pre_run2_EEG.easy,41,100 200 300 400,1,81649,0,,254
spe30,20180718111337_spe30_pre_run2_EEG.easy,42,100 200 300 400,1,83367,0,,242
spe30,20180718111337_spe30_pre_run2_EEG.easy,43,100 200 300 400,1,84887,0,,270
spe30,20180718111337_spe30_pre_run2_EEG.easy,44,100 200 300 400,1,86278,0,,270
spe30,20180718111337_spe30_pre_run2_EEG.easy,45,100 200 300 400,1,87767,0,,276
spe30,20180718111337_spe30_pre_run2_EEG.easy,46,100 200 300 400 500,2,89583,89658,150,276
spe30,20180718111337_spe30_pre_run2_EEG.easy,47,100 200 300 400,1,91528,0,,264
spe30,20180718111337_spe30_pre_run2_EEG.easy,48,100 200 300 400 500,2,93265,93325,120,288
spe30,20180718111337_spe30_pre_run2_EEG.easy,49,100 200 300 400 500,2,95171,95245,148,278
spe30,20180718111337_spe30_pre_run2_EEG.easy,50,100 200 300 400,1,97021,0,,258
spe30,20180718111337_spe30_pre_run2_EEG.easy,51,100 200 300 400,1,98637,0,,302
spe30,20180718111337_spe30_pre_run2_EEG.easy,52,100 200 300 400 500,2,99983,100037,108,294
spe30,20180718111337_spe30_pre_run2_EEG.easy,53,100 200 300 400 500,2,101425,101482,114,246
spe30,20180718111337_spe30_pre_run2_EEG.easy,54,100 200 300 400,1,103600,0,,284
spe30,20180718111337_spe30_pre_run2_EEG.easy,55,100 200 300 400 500,2,105120,105167,94,490
spe30,20180718111337_spe30_pre_run2_EEG.easy,56,100 200 300 400 500,2,106767,106808,82,250
spe30,20180718111337_spe30_pre_run2_EEG.easy,57,100 200 300 400 500,2,108745,108793,96,266
spe30,20180718111337_spe30_pre_run2_EEG.easy,58,100 200 300 400 500,2,111183,111222,78,266
spe30,20180718111337_spe30_pre_run2_EEG.easy,59,100 200 300 400 500,2,112919,112967,96,258
spe30,20180718111337_spe30_pre_run2_EEG.easy,60,100 200 300 400,1,114498,0,,260
spe30,20180718111337_spe30_pre_run2_EEG.easy,61,100 200 300 400 500,2,116475,116525,100,238
spe30,20180718111337_spe30_pre_run2_EEG.easy,62,100 200 300 400,1,118194,0,,238
spe30,20180718111337_spe30_pre_run2_EEG.easy,63,100 200 300 400,1,119872,0,,248
spe30,20180718111337_spe30_pre_run2_EEG.easy,64,100 200 300 400,1,121442,0,,256
spe30,20180718111337_spe30_pre_run2_EEG.easy,65,100 200 300 400,1,122920,0,,302
spe30,20180718111337_spe30_pre_run2_EEG.easy,66,100 200 300 400,1,124606,0,,232
spe30,20180718111337_spe30_pre_run2_EEG.easy,67,100 200 300 400,1,126132,0,,230
spe30,20180718111337_spe30_pre_run2_EEG.easy,68,100 200 300 400,1,128105,0,,264
spe30,20180718111337_spe30_pre_run2_EEG.easy,69,100 200 300 400,1,129552,0,,256
spe30,20180718111337_spe30_pre_run2_EEG.easy,70,100 200 300 400,1,130878,0,,274
spe30,20180718111337_spe30_pre_run2_EEG.easy,71,100 200 300 400 500,2,132518,132562,88,230
spe30,20180718111337_spe30_pre_run2_EEG.easy,72,100 200 300 400,1,134373,0,,246
spe30,20180718111337_spe30_pre_run2_EEG.easy,73,100 200 300 400,1,135751,0,,310
spe30,20180718111337_spe30_pre_run2_EEG.easy,74,100 200 300 400,1,137402,0,,264
spe30,20180718111337_spe30_pre_run2_EEG.easy,75,100 200 300 400,1,138937,0,,270
spe30,20180718111337_spe30_pre_run2_EEG.easy,76,100 200 300 400 500,2,140588,140627,78,264
spe30,20180718111337_spe30_pre_run2_EEG.easy,77,100 200 300 400,1,142107,0,,206
spe30,20180718111337_spe30_pre_run2_EEG.easy,78,100 200 300 400,1,143584,0,,272
spe30,20180718111337_spe30_pre_run2_EEG.easy,79,100 200 300 400,1,144944,0,,254
spe30,20180718111337_spe30_pre_run2_EEG.easy,80,100 200 300 400,1,146533,0,,254
spe30,20180718111337_spe30_pre_run2_EEG.easy,81,100 200 300 400,1,147884,0,,258
spe30,20180718111337_spe30_pre_run2_EEG.easy,82,100 200 300 400,1,150433,0,,284
spe30,20180718111337_spe30_pre_run2_EEG.easy,83,100 200 300 400,1,152100,0,,260
spe30,20180718111337_spe30_pre_run2_EEG.easy,84,100 200 300 400,1,153432,0,,254
spe30,20180718111337_spe30_pre_run2_EEG.easy,85,100 200 300 400,1,154913,0,,268
spe30,20180718111337_spe30_pre_run2_EEG.easy,86,100 200 300 400 500,2,156556,156609,106,270
spe30,20180718111337_spe30_pre_run2_EEG.easy,87,100 200 300 400 500,2,158306,158354,96,268
spe30,20180718111337_spe30_pre_run2_EEG.easy,88,100 200 300 400,1,159995,0,,242
spe30,20180718111337_spe30_pre_run2_EEG.easy,89,100 200 300 400,1,161646,0,,258
spe30,20180718111337_spe30_pre_run2_EEG.easy,90,100 200 300 400,1,163334,0,,274
spe30,20180718111337_spe30_pre_run2_EEG.easy,91,100 200 300 400,1,164926,0,,204
spe30,20180718111337_spe30_pre_run2_EEG.easy,92,100 200 300 400,1,166644,0,,252
spe30,20180718111337_spe30_pre_run2_EEG.easy,93,100 200 300 400,1,168040,0,,262
spe30,20180718111337_spe30_pre_run2_EEG.easy,94,100 200 300 400,1,169373,0,,266
spe30,20180718111337_spe30_pre_run2_EEG.easy,95,100 200 300 400,1,170866,0,,252
spe30,20180718111337_spe30_pre_run2_EEG.easy,96,100 200 300 400 500,2,172221,172264,86,292
spe30,20180718111337_spe30_pre_run2_EEG.easy,97,100 200 300 400,1,173520,0,,250
spe30,20180718111337_spe30_pre_run2_EEG.easy,98,100 200 300 400,1,174863,0,,248
spe30,20180718111337_spe30_pre_run2_EEG.easy,99,100 200 300 400 500,2,176186,176234,96,246
spe30,20180718111337_spe30_pre_run2_EEG.easy,100,100 200 300 400,1,177285,0,,346
spe30,20180718112118_spe30_pre_run3_EEG.easy,1,100 200 300 400 500,2,13658,13694,72,296
spe30,20180718112118_spe30_pre_run3_EEG.easy,2,100 200 300 400,1,15380,0,,292
spe30,20180718112118_spe30_pre_run3_EEG.easy,3,100 200 300 400 500,2,17107,17146,78,256
spe30,20180718112118_spe30_pre_run3_EEG.easy,4,100 200 300 400,1,18663,0,,288
spe30,20180718112118_spe30_pre_run3_EEG.easy,5,100 200 300 400 500,2,20148,20193,90,288
spe30,20180718112118_spe30_pre_run3_EEG.easy,6,100 200 300 400,1,21339,0,,362
spe30,20180718112118_spe30_pre_run3_EEG.easy,7,100 200 300 400,1,22755,0,,246
spe30,20180718112118_spe30_pre_run3_EEG.easy,8,100 200 300 400 500,2,24579,24617,76,260
spe30,20180718112118_spe30_pre_run3_EEG.easy,9,100 200 300 400,1,26404,0,,226
spe30,20180718112118_spe30_pre_run3_EEG.easy,10,100 200 300 400,1,27789,0,,276
spe30,20180718112118_spe30_pre_run3_EEG.easy,11,100 200 300 400 500,2,29428,29470,84,254
spe30,20180718112118_spe30_pre_run3_EEG.easy,12,100 200 300 400,1,31107,0,,264
spe30,20180718112118_spe30_pre_run3_EEG.easy,13,100 200 300 400,1,32850,0,,258
spe30,20180718112118_spe30_pre_run3_EEG.easy,14,100 200 300 400 500,2,34924,34957,66,266
spe30,20180718112118_spe30_pre_run3_EEG.easy,15,100 200 300 400,1,36633,0,,254
spe30,20180718112118_spe30_pre_run3_EEG.easy,16,100 200 300 400,1,38315,0,,280
spe30,20180718112118_spe30_pre_run3_EEG.easy,17,100 200 300 400,1,39941,0,,268
spe30,20180718112118_spe30_pre_run3_EEG.easy,18,100 200 300 400,1,41463,0,,272
spe30,20180718112118_spe30_pre_run3_EEG.easy,19,100 200 300 400 500,2,43089,43139,100,288
spe30,20180718112118_spe30_pre_run3_EEG.easy,20,100 200 300 400,1,44126,0,,254
spe30,20180718112118_spe30_pre_run3_EEG.easy,21,100 200 300 400,1,45967,0,,222
spe30,20180718112118_spe30_pre_run3_EEG.easy,22,100 200 300 400,1,47419,0,,154
spe30,20180718112118_spe30_pre_run3_EEG.easy,23,100 200 300 400 500,2,49081,49129,96,262
spe30,20180718112118_spe30_pre_run3_EEG.easy,24,100 200 300 400,1,50576,0,,296
spe30,20180718112118_spe30_pre_run3_EEG.easy,25,100 200 300 400,1,52277,0,,264
spe30,20180718112118_spe30_pre_run3_EEG.easy,26,100 200 300 400 500,2,53880,53923,86,246
spe30,20180718112118_spe30_pre_run3_EEG.easy,27,100 200 300 400 500,2,55573,55626,106,270
spe30,20180718112118_spe30_pre_run3_EEG.easy,28,100 200 300 400,1,57208,0,,272
spe30,20180718112118_spe30_pre_run3_EEG.easy,29,100 200 300 400 500,2,58920,58973,106,270
spe30,20180718112118_spe30_pre_run3_EEG.easy,30,100 200 300 400,1,59957,0,,242
spe30,20180718112118_spe30_pre_run3_EEG.easy,31,100 200 300 400,1,61334,0,,278
spe30,20180718112118_spe30_pre_run3_EEG.easy,32,100 200 300 400,1,62907,0,,272
spe30,20180718112118_spe30_pre_run3_EEG.easy,33,100 200 300 400,1,64588,0,,268
spe30,20180718112118_spe30_pre_run3_EEG.easy,34,100 200 300 400 500,2,66188,66233,90,268
spe30,20180718112118_spe30_pre_run3_EEG.easy,35,100 200 300 400,1,67659,0,,250
spe30,20180718112118_spe30_pre_run3_EEG.easy,36,100 200 300 400,1,69091,0,,246
spe30,20180718112118_spe30_pre_run3_EEG.easy,37,100 200 300 400,1,70618,0,,288
spe30,20180718112118_spe30_pre_run3_EEG.easy,38,100 200 300 400,1,72830,0,,320
spe30,20180718112118_spe30_pre_run3_EEG.easy,39,100 200 300 400,1,74600,0,,244
spe30,20180718112118_spe30_pre_run3_EEG.easy,40,100 200 300 400,1,76338,0,,250
spe30,20180718112118_spe30_pre_run3_EEG.easy,41,100 200 300 400 500,2,78038,78112,148,164
spe30,20180718112118_spe30_pre_run3_EEG.easy,42,100 200 300 400,1,79150,0,,244
spe30,20180718112118_spe30_pre_run3_EEG.easy,43,100 200 300 400,1,80761,0,,270
spe30,20180718112118_spe30_pre_run3_EEG.easy,44,100 200 300 400,1,82402,0,,250
spe30,20180718112118_spe30_pre_run3_EEG.easy,45,100 200 300 400,1,84324,0,,262
spe30,20180718112118_spe30_pre_run3_EEG.easy,46,100 200 300 400,1,85867,0,,272
spe30,20180718112118_spe30_pre_run3_EEG.easy,47,100 255 200 300 400,1,87504,0,,24
spe30,20180718112118_spe30_pre_run3_EEG.easy,48,100 200 300 400,1,88994,0,,294
spe30,20180718112118_spe30_pre_run3_EEG.easy,49,100 200 300 400,1,90356,0,,264
spe30,20180718112118_spe30_pre_run3_EEG.easy,50,100 200 300 400 500,2,91994,92047,106,260
spe30,20180718112118_spe30_pre_run3_EEG.easy,51,100 200 300 400 500,2,93650,93701,102,294
spe30,20180718112118_spe30_pre_run3_EEG.easy,52,100 200 300 400,1,95221,0,,258
spe30,20180718112118_spe30_pre_run3_EEG.easy,53,100 200 300 400 500,2,97016,97072,112,270
spe30,20180718112118_spe30_pre_run3_EEG.easy,54,100 200 300 400 500,2,98744,98792,96,256
spe30,20180718112118_spe30_pre_run3_EEG.easy,55,100 200 300 400 500,2,100465,100518,106,246
spe30,20180718112118_spe30_pre_run3_EEG.easy,56,100 200 300 400,1,102212,0,,262
spe30,20180718112118_spe30_pre_run3_EEG.easy,57,100 200 300 400 500,2,103661,103705,88,286
spe30,20180718112118_spe30_pre_run3_EEG.easy,58,100 200 300 400,1,105247,0,,258
spe30,20180718112118_spe30_pre_run3_EEG.easy,59,100 200 300 400,1,106683,0,,270
spe30,20180718112118_spe30_pre_run3_EEG.easy,60,100 200 300 400 500,2,108153,108201,96,278
spe30,20180718112118_spe30_pre_run3_EEG.easy,61,100 200 300 400 500,2,109579,109632,106,264
spe30,20180718112118_spe30_pre_run3_EEG.easy,62,100 200 300 400 500,2,110689,110745,112,288
spe30,20180718112118_spe30_pre_run3_EEG.easy,63,100 200 300 400,1,112425,0,,236
spe30,20180718112118_spe30_pre_run3_EEG.easy,64,100 200 300 400,1,113924,0,,226
spe30,20180718112118_spe30_pre_run3_EEG.easy,65,100 200 300 400,1,115476,0,,234
spe30,20180718112118_spe30_pre_run3_EEG.easy,66,100 200 300 400 500,2,116916,116969,106,266
spe30,20180718112118_spe30_pre_run3_EEG.easy,67,100 200 300 400,1,118181,0,,302
spe30,20180718112118_spe30_pre_run3_EEG.easy,68,100 200 300 400 500,2,119508,119570,124,220
spe30,20180718112118_spe30_pre_run3_EEG.easy,69,100 200 300 400,1,121003,0,,254
spe30,20180718112118_spe30_pre_run3_EEG.easy,70,100 200 300 400,1,122942,0,,256
spe30,20180718112118_spe30_pre_run3_EEG.easy,71,100 200 300 400,1,124258,0,,244
spe30,20180718112118_spe30_pre_run3_EEG.easy,72,100 200 300 400,1,125839,0,,246
spe30,20180718112118_spe30_pre_run3_EEG.easy,73,100 200 300 400,1,127431,0,,240
spe30,20180718112118_spe30_pre_run3_EEG.easy,74,100 200 300 400,1,128811,0,,278
spe30,20180718112118_spe30_pre_run3_EEG.easy,75,100 200 300 400,1,130292,0,,274
spe30,20180718112118_spe30_pre_run3_EEG.easy,76,100 200 300 400 500,2,132007,132068,122,248
spe30,20180718112118_spe30_pre_run3_EEG.easy,77,100 200 300 400,1,133729,0,,222
spe30,20180718112118_spe30_pre_run3_EEG.easy,78,100 200 300 400 500,2,135256,135313,114,230
spe30,20180718112118_spe30_pre_run3_EEG.easy,79,100 200 300 400,1,136269,0,,280
spe30,20180718112118_spe30_pre_run3_EEG.easy,80,100 200 300 400 500,2,138010,138057,94,256
spe30,20180718112118_spe30_pre_run3_EEG.easy,81,100 200 300 400,1,139254,0,,262
spe30,20180718112118_spe30_pre_run3_EEG.easy,82,100 200 300 400,1,141010,0,,248
spe30,20180718112118_spe30_pre_run3_EEG.easy,83,100 200 300 400,1,142532,0,,274
spe30,20180718112118_spe30_pre_run3_EEG.easy,84,100 200 300 400,1,144003,0,,250
spe30,20180718112118_spe30_pre_run3_EEG.easy,85,100 200 300 400,1,145477,0,,258
spe30,20180718112118_spe30_pre_run3_EEG.easy,86,100 200 300 400,1,146827,0,,226
spe30,20180718112118_spe30_pre_run3_EEG.easy,87,100 200 300 400,1,148178,0,,282
spe30,20180718112118_spe30_pre_run3_EEG.easy,88,100 200 300 400 500,2,149731,149777,92,262
spe30,20180718112118_spe30_pre_run3_EEG.easy,89,100 200 300 400,1,150972,0,,264
spe30,20180718112118_spe30_pre_run3_EEG.easy,90,100 200 300 400 500,2,152696,152753,114,222
spe30,20180718112118_spe30_pre_run3_EEG.easy,91,100 200 300 400,1,154446,0,,232
spe30,20180718112118_spe30_pre_run3_EEG.easy,92,100 200 300 400,1,156225,0,,258
spe30,20180718112118_spe30_pre_run3_EEG.easy,93,100 200 300 400 500,2,157555,157598,86,248
spe30,20180718112118_spe30_pre_run3_EEG.easy,94,100 200 300 400 500,2,158792,158845,106,268
spe30,20180718112118_spe30_pre_run3_EEG.easy,95,100 200 300 400,1,159792,0,,284
spe30,20180718112118_spe30_pre_run3_EEG.easy,96,100 200 300 400,1,161730,0,,254
spe30,20180718112118_spe30_pre_run3_EEG.easy,97,100 200 300 400 500,2,163739,163783,88,258
spe30,20180718112118_spe30_pre_run3_EEG.easy,98,100 200 300 400 500,2,165584,165632,96,232
spe30,20180718112118_spe30_pre_run3_EEG.easy,99,100 200 300 400,1,167217,0,,274
spe30,20180718112118_spe30_pre_run3_EEG.easy,100,100 200 300 400 500,2,168568,168637,138,266
spe30,20180718112736_spe30_pre_run4_EEG.easy,1,100 200 300 400,1,29235,0,,264
spe30,20180718112736_spe30_pre_run4_EEG.easy,2,100 200 300 400 500,2,30713,30766,106,244
spe30,20180718112736_spe30_pre_run4_EEG.easy,3,100 200 300 400 500,2,32461,32511,100,232
spe30,20180718112736_spe30_pre_run4_EEG.easy,4,100 200 300 400,1,34046,0,,252
spe30,20180718112736_spe30_pre_run4_EEG.easy,5,100 200 300 400,1,35507,0,,234
spe30,20180718112736_spe30_pre_run4_EEG.easy,6,100 200 300 400,1,36899,0,,222
spe30,20180718112736_spe30_pre_run4_EEG.easy,7,100 200 300 400,1,38301,0,,288
spe30,20180718112736_spe30_pre_run4_EEG.easy,8,100 200 300 400 500,2,40487,40531,88,248
spe30,20180718112736_spe30_pre_run4_EEG.easy,9,100 200 300 400 500,2,42617,42671,108,238
spe30,20180718112736_spe30_pre_run4_EEG.easy,10,100 200 300 400 500,2,44421,44487,132,248
spe30,20180718112736_spe30_pre_run4_EEG.easy,11,100 200 300 400,1,45679,0,,278
spe30,20180718112736_spe30_pre_run4_EEG.easy,12,100 200 300 400 500,2,47290,47343,106,248
spe30,20180718112736_spe30_pre_run4_EEG.easy,13,100 200 300 400 500,2,49225,49270,90,270
spe30,20180718112736_spe30_pre_run4_EEG.easy,14,100 200 300 400,1,50957,0,,256
spe30,20180718112736_spe30_pre_run4_EEG.easy,15,100 200 300 400 500,2,52541,52577,72,258
spe30,20180718112736_spe30_pre_run4_EEG.easy,16,100 200 300 400 500,2,54253,54309,112,260
spe30,20180718112736_spe30_pre_run4_EEG.easy,17,100 200 300 400,1,56473,0,,240
spe30,20180718112736_spe30_pre_run4_EEG.easy,18,100 200 300 400 500,2,58244,58293,98,248
spe30,20180718112736_spe30_pre_run4_EEG.easy,19,100 200 300 400,1,59845,0,,252
spe30,20180718112736_spe30_pre_run4_EEG.easy,20,100 200 300 400,1,61243,0,,270
spe30,20180718112736_spe30_pre_run4_EEG.easy,21,100 200 300 400,1,63174,0,,244
spe30,20180718112736_spe30_pre_run4_EEG.easy,22,100 200 300 400,1,64844,0,,246
spe30,20180718112736_spe30_pre_run4_EEG.easy,23,100 200 300 400,1,66248,0,,270
spe30,20180718112736_spe30_pre_run4_EEG.easy,24,100 200 300 400,1,67658,0,,246
spe30,20180718112736_spe30_pre_run4_EEG.easy,25,100 200 300 400 500,2,69179,69294,230,100
spe30,20180718112736_spe30_pre_run4_EEG.easy,26,100 200 300 400,1,70459,0,,268
spe30,20180718112736_spe30_pre_run4_EEG.easy,27,100 200 300 400,1,72185,0,,244
spe30,20180718112736_spe30_pre_run4_EEG.easy,28,100 200 300 400,1,73512,0,,262
spe30,20180718112736_spe30_pre_run4_EEG.easy,29,100 200 300 400,1,74916,0,,200
spe30,20180718112736_spe30_pre_run4_EEG.easy,30,100 200 300 400,1,76363,0,,258
spe30,20180718112736_spe30_pre_run4_EEG.easy,31,100 200 300 400 500,2,78164,78200,72,264
spe30,20180718112736_spe30_pre_run4_EEG.easy,32,100 200 300 400,1,80050,0,,254
spe30,20180718112736_spe30_pre_run4_EEG.easy,33,100 200 300 400,1,81824,0,,242
spe30,20180718112736_spe30_pre_run4_EEG.easy,34,100 200 300 400 500,2,83377,83433,112,262
spe30,20180718112736_spe30_pre_run4_EEG.easy,35,100 200 300 400,1,85540,0,,270
spe30,20180718112736_spe30_pre_run4_EEG.easy,36,100 200 300 400 500,2,87153,87198,90,254
spe30,20180718112736_spe30_pre_run4_EEG.easy,37,100 200 300 400,1,88953,0,,272
spe30,20180718112736_spe30_pre_run4_EEG.easy,38,100 200 300 400,1,90768,0,,270
spe30,20180718112736_spe30_pre_run4_EEG.easy,39,100 200 300 400,1,92169,0,,260
spe30,20180718112736_spe30_pre_run4_EEG.easy,40,100 200 300 400 500,2,93588,93643,110,258
spe30,20180718112736_spe30_pre_run4_EEG.easy,41,100 200 300 400,1,95403,0,,256
spe30,20180718112736_spe30_pre_run4_EEG.easy,42,100 200 300 400 500,2,97049,97105,112,258
spe30,20180718112736_spe30_pre_run4_EEG.easy,43,100 200 300 400 500,2,98655,98709,108,270
spe30,20180718112736_spe30_pre_run4_EEG.easy,44,100 200 300 400 500,2,99599,99665,132,298
spe30,20180718112736_spe30_pre_run4_EEG.easy,45,100 200 300 400 500,2,101423,101470,94,264
spe30,20180718112736_spe30_pre_run4_EEG.easy,46,100 200 300 400,1,102907,0,,242
spe30,20180718112736_spe30_pre_run4_EEG.easy,47,100 200 300 400,1,104465,0,,230
spe30,20180718112736_spe30_pre_run4_EEG.easy,48,100 200 300 400 500,2,106357,106408,102,250
spe30,20180718112736_spe30_pre_run4_EEG.easy,49,100 200 300 400,1,107303,0,,246
spe30,20180718112736_spe30_pre_run4_EEG.easy,50,100 200 300 400 500,2,109004,109060,112,258
spe30,20180718112736_spe30_pre_run4_EEG.easy,51,100 200 300 400,1,111570,0,,256
spe30,20180718112736_spe30_pre_run4_EEG.easy,52,100 200 300 400,1,113652,0,,260
spe30,20180718112736_spe30_pre_run4_EEG.easy,53,100 200 300 400,1,115148,0,,240
spe30,20180718112736_spe30_pre_run4_EEG.easy,54,100 200 300 400,1,116880,0,,236
spe30,20180718112736_spe30_pre_run4_EEG.easy,55,100 200 300 400,1,118480,0,,250
spe30,20180718112736_spe30_pre_run4_EEG.easy,56,100 200 300 400,1,120332,0,,246
spe30,20180718112736_spe30_pre_run4_EEG.easy,57,100 200 300 400,1,121709,0,,274
spe30,20180718112736_spe30_pre_run4_EEG.easy,58,100 200 300 400,1,123091,0,,262
spe30,20180718112736_spe30_pre_run4_EEG.easy,59,100 200 300 400,1,124885,0,,278
spe30,20180718112736_spe30_pre_run4_EEG.easy,60,100 200 300 400,1,126329,0,,262
spe30,20180718112736_spe30_pre_run4_EEG.easy,61,100 200 300 400 500,2,127876,127936,120,250
spe30,20180718112736_spe30_pre_run4_EEG.easy,62,100 200 300 400 500,2,129622,129673,102,190
spe30,20180718112736_spe30_pre_run4_EEG.easy,63,100 200 300 400,1,131238,0,,246
spe30,20180718112736_spe30_pre_run4_EEG.easy,64,100 200 300 400,1,132664,0,,246
spe30,20180718112736_spe30_pre_run4_EEG.easy,65,100 200 300 400 500,2,134103,134146,86,276
spe30,20180718112736_spe30_pre_run4_EEG.easy,66,100 200 300 400 500,2,135380,135425,90,222
spe30,20180718112736_spe30_pre_run4_EEG.easy,67,100 200 300 400 500,2,136832,136895,126,234
spe30,20180718112736_spe30_pre_run4_EEG.easy,68,100 200 300 400,1,138680,0,,248
spe30,20180718112736_spe30_pre_run4_EEG.easy,69,100 200 300 400,1,140578,0,,218
spe30,20180718112736_spe30_pre_run4_EEG.easy,70,100 200 300 400 500,2,142368,142433,130,258
spe30,20180718112736_spe30_pre_run4_EEG.easy,71,100 200 300 400 500,2,144118,144171,106,248
spe30,20180718112736_spe30_pre_run4_EEG.easy,72,100 200 300 400,1,145841,0,,260
spe30,20180718112736_spe30_pre_run4_EEG.easy,73,100 200 300 400,1,147276,0,,266
spe30,20180718112736_spe30_pre_run4_EEG.easy,74,100 200 300 400,1,148618,0,,254
spe30,20180718112736_spe30_pre_run4_EEG.easy,75,100 200 300 400,1,150258,0,,198
spe30,20180718112736_spe30_pre_run4_EEG.easy,76,100 200 300 400 500,2,152871,152910,78,242
spe30,20180718112736_spe30_pre_run4_EEG.easy,77,100 200 300 400 500,2,154773,154847,148,184
spe30,20180718112736_spe30_pre_run4_EEG.easy,78,100 200 300 400,1,156371,0,,240
spe30,20180718112736_spe30_pre_run4_EEG.easy,79,100 200 300 400,1,158132,0,,202
spe30,20180718112736_spe30_pre_run4_EEG.easy,80,100 200 300 400 500,2,159531,159578,94,226
spe30,20180718112736_spe30_pre_run4_EEG.easy,81,100 200 300 400,1,161211,0,,238
spe30,20180718112736_spe30_pre_run4_EEG.easy,82,100 200 300 400,1,162691,0,,242
spe30,20180718112736_spe30_pre_run4_EEG.easy,83,100 200 300 400,1,164344,0,,250
spe30,20180718112736_spe30_pre_run4_EEG.easy,84,100 200 300 400,1,166178,0,,286
spe30,20180718112736_spe30_pre_run4_EEG.easy,85,100 200 300 400,1,167821,0,,248
spe30,20180718112736_spe30_pre_run4_EEG.easy,86,100 200 300 400,1,169591,0,,248
spe30,20180718112736_spe30_pre_run4_EEG.easy,87,100 200 300 400 500,2,170913,170973,120,224
spe30,20180718112736_spe30_pre_run4_EEG.easy,88,100 200 300 400,1,171882,0,,284
spe30,20180718112736_spe30_pre_run4_EEG.easy,89,100 200 300 400,1,173591,0,,242
spe30,20180718112736_spe30_pre_run4_EEG.easy,90,100 200 300 400,1,175204,0,,196
spe30,20180718112736_spe30_pre_run4_EEG.easy,91,100 200 300 400,1,176525,0,,202
spe30,20180718112736_spe30_pre_run4_EEG.easy,92,100 200 300 400 500,2,178104,178152,96,208
spe30,20180718112736_spe30_pre_run4_EEG.easy,93,100 200 300 400,1,180585,0,,250
spe30,20180718112736_spe30_pre_run4_EEG.easy,94,100 200 300 400,1,182078,0,,256
spe30,20180718112736_spe30_pre_run4_EEG.easy,95,100 200 300 400,1,183561,0,,252
spe30,20180718112736_spe30_pre_run4_EEG.easy,96,100 200 300 400,1,185035,0,,72
spe30,20180718112736_spe30_pre_run4_EEG.easy,97,100 200 300 400,1,186602,0,,250
spe30,20180718112736_spe30_pre_run4_EEG.easy,98,100 200 300 400,1,188037,0,,234
spe30,20180718112736_spe30_pre_run4_EEG.easy,99,100 200 300 400,1,189348,0,,248
spe30,20180718112736_spe30_pre_run4_EEG.easy,100,100 200 300 400 500,2,190829,190870,82,264
spe30,20180718113509_spe30_pre_run5_EEG.easy,1,100 200 300 400,1,6744,0,,334
spe30,20180718113509_spe30_pre_run5_EEG.easy,2,100 200 300 400,1,8094,0,,262
spe30,20180718113509_spe30_pre_run5_EEG.easy,3,100 200 300 400,1,9743,0,,252
spe30,20180718113509_spe30_pre_run5_EEG.easy,4,100 200 300 400,1,11446,0,,248
spe30,20180718113509_spe30_pre_run5_EEG.easy,5,100 200 300 400,1,12933,0,,268
spe30,20180718113509_spe30_pre_run5_EEG.easy,6,100 200 300 400,1,14531,0,,252
spe30,20180718113509_spe30_pre_run5_EEG.easy,7,100 200 300 400 500,2,15915,15971,112,272
spe30,20180718113509_spe30_pre_run5_EEG.easy,8,100 200 300 400 500,2,17159,17207,96,240
spe30,20180718113509_spe30_pre_run5_EEG.easy,9,100 200 300 400,1,18969,0,,246
spe30,20180718113509_spe30_pre_run5_EEG.easy,10,100 200 300 400,1,20692,0,,240
spe30,20180718113509_spe30_pre_run5_EEG.easy,11,100 200 300 400,1,22204,0,,34
spe30,20180718113509_spe30_pre_run5_EEG.easy,12,100 200 300 400,1,23990,0,,248
spe30,20180718113509_spe30_pre_run5_EEG.easy,13,100 200 300 400,1,25367,0,,278
spe30,20180718113509_spe30_pre_run5_EEG.easy,14,100 200 300 400,1,26754,0,,274
spe30,20180718113509_spe30_pre_run5_EEG.easy,15,100 200 300 400,1,28100,0,,232
spe30,20180718113509_spe30_pre_run5_EEG.easy,16,100 200 300 400,1,29668,0,,242
spe30,20180718113509_spe30_pre_run5_EEG.easy,17,100 200 300 400 500,2,31408,31461,106,220
spe30,20180718113509_spe30_pre_run5_EEG.easy,18,100 200 300 400 500,2,32961,33012,102,252
spe30,20180718113509_spe30_pre_run5_EEG.easy,19,100 200 300 400,1,34796,0,,222
spe30,20180718113509_spe30_pre_run5_EEG.easy,20,100 200 300 400,1,36317,0,,242
spe30,20180718113509_spe30_pre_run5_EEG.easy,21,100 200 300 400,1,38031,0,,74
spe30,20180718113509_spe30_pre_run5_EEG.easy,22,100 200 300 400,1,39658,0,,210
spe30,20180718113509_spe30_pre_run5_EEG.easy,23,100 200 300 400,1,41053,0,,232
spe30,20180718113509_spe30_pre_run5_EEG.easy,24,100 200 300 400 500,2,42606,42656,100,88
spe30,20180718113509_spe30_pre_run5_EEG.easy,25,100 200 300 400 500,2,43924,43962,76,250
spe30,20180718113509_spe30_pre_run5_EEG.easy,26,100 200 300 400,1,45531,0,,260
spe30,20180718113509_spe30_pre_run5_EEG.easy,27,100 200 300 400,1,47534,0,,264
spe30,20180718113509_spe30_pre_run5_EEG.easy,28,100 200 300 400 500,2,49103,49162,118,116
spe30,20180718113509_spe30_pre_run5_EEG.easy,29,100 200 300 400,1,50751,0,,234
spe30,20180718113509_spe30_pre_run5_EEG.easy,30,100 200 300 400,1,53024,0,,250
spe30,20180718113509_spe30_pre_run5_EEG.easy,31,100 200 300 400,1,55090,0,,240
spe30,20180718113509_spe30_pre_run5_EEG.easy,32,100 200 300 400,1,56687,0,,238
spe30,20180718113509_spe30_pre_run5_EEG.easy,33,100 200 300 400,1,58277,0,,252
spe30,20180718113509_spe30_pre_run5_EEG.easy,34,100 200 300 400 500,2,59862,59912,100,252
spe30,20180718113509_spe30_pre_run5_EEG.easy,35,100 200 300 400,1,61483,0,,168
spe30,20180718113509_spe30_pre_run5_EEG.easy,36,100 200 300 400,1,63268,0,,214
spe30,20180718113509_spe30_pre_run5_EEG.easy,37,100 200 300 400 500,2,64864,64915,102,264
spe30,20180718113509_spe30_pre_run5_EEG.easy,38,100 200 300 400 500,2,66459,66507,96,258
spe30,20180718113509_spe30_pre_run5_EEG.easy,39,100 200 300 400,1,68201,0,,218
spe30,20180718113509_spe30_pre_run5_EEG.easy,40,100 200 300 400,1,69754,0,,268
spe30,20180718113509_spe30_pre_run5_EEG.easy,41,100 200 300 400 500,2,71264,71311,94,250
spe30,20180718113509_spe30_pre_run5_EEG.easy,42,100 200 300 400,1,72805,0,,262
spe30,20180718113509_spe30_pre_run5_EEG.easy,43,100 200 300 400,1,74282,0,,244
spe30,20180718113509_spe30_pre_run5_EEG.easy,44,100 200 300 400,1,75645,0,,232
spe30,20180718113509_spe30_pre_run5_EEG.easy,45,100 200 300 400 500,2,76995,77042,94,244
spe30,20180718113509_spe30_pre_run5_EEG.easy,46,100 200 300 400,1,78845,0,,262
spe30,20180718113509_spe30_pre_run5_EEG.easy,47,100 200 300 400,1,80295,0,,228
spe30,20180718113509_spe30_pre_run5_EEG.easy,48,100 200 300 400,1,81949,0,,244
spe30,20180718113509_spe30_pre_run5_EEG.easy,49,100 200 300 400 500,2,83367,83418,102,254
spe30,20180718113509_spe30_pre_run5_EEG.easy,50,100 200 300 400,1,84751,0,,246
spe30,20180718113509_spe30_pre_run5_EEG.easy,51,100 200 300 400 500,2,87240,87297,114,236
spe30,20180718113509_spe30_pre_run5_EEG.easy,52,100 200 300 400 500,2,88759,88806,94,256
spe30,20180718113509_spe30_pre_run5_EEG.easy,53,100 200 300 400,1,89893,0,,266
spe30,20180718113509_spe30_pre_run5_EEG.easy,54,100 200 300 400,1,91651,0,,212
spe30,20180718113509_spe30_pre_run5_EEG.easy,55,100 200 300 400,1,93042,0,,246
spe30,20180718113509_spe30_pre_run5_EEG.easy,56,100 200 300 400,1,94761,0,,248
spe30,20180718113509_spe30_pre_run5_EEG.easy,57,100 200 300 400 500,2,96423,96468,90,222
spe30,20180718113509_spe30_pre_run5_EEG.easy,58,100 200 300 400,1,97872,0,,232
spe30,20180718113509_spe30_pre_run5_EEG.easy,59,100 200 300 400 500,2,99489,99546,114,192
spe30,20180718113509_spe30_pre_run5_EEG.easy,60,100 200 300 400 500,2,101433,101492,118,256
spe30,20180718113509_spe30_pre_run5_EEG.easy,61,100 200 300 400 500,2,103243,103302,118,256
spe30,20180718113509_spe30_pre_run5_EEG.easy,62,100 200 300 400,1,105284,0,,228
spe30,20180718113509_spe30_pre_run5_EEG.easy,63,100 200 300 400,1,107021,0,,124
spe30,20180718113509_spe30_pre_run5_EEG.easy,64,100 200 300 400 500,2,108707,108760,106,248
spe30,20180718113509_spe30_pre_run5_EEG.easy,65,100 200 300 400 500,2,110956,111012,112,266
spe30,20180718113509_spe30_pre_run5_EEG.easy,66,100 200 300 400 500,2,112514,112564,100,268
spe30,20180718113509_spe30_pre_run5_EEG.easy,67,100 200 300 400,1,114185,0,,258
spe30,20180718113509_spe30_pre_run5_EEG.easy,68,100 200 300 400,1,115675,0,,272
spe30,20180718113509_spe30_pre_run5_EEG.easy,69,100 200 300 400,1,117522,0,,238
spe30,20180718113509_spe30_pre_run5_EEG.easy,70,100 200 300 400 500,2,119310,119367,114,246
spe30,20180718113509_spe30_pre_run5_EEG.easy,71,100 200 300 400,1,120850,0,,256
spe30,20180718113509_spe30_pre_run5_EEG.easy,72,100 200 300 400,1,122958,0,,240
spe30,20180718113509_spe30_pre_run5_EEG.easy,73,100 200 300 400,1,124753,0,,236
spe30,20180718113509_spe30_pre_run5_EEG.easy,74,100 200 300 400 500,2,126172,126232,120,264
spe30,20180718113509_spe30_pre_run5_EEG.easy,75,100 200 300 400,1,127727,0,,264
spe30,20180718113509_spe30_pre_run5_EEG.easy,76,100 200 300 400 500,2,129084,129140,112,258
spe30,20180718113509_spe30_pre_run5_EEG.easy,77,100 200 300 400 500,2,130704,130769,130,124
spe30,20180718113509_spe30_pre_run5_EEG.easy,78,100 200 300 400 500,2,132516,132748,464,42
spe30,20180718113509_spe30_pre_run5_EEG.easy,79,100 200 300 400 500,2,133989,134037,96,268
spe30,20180718113509_spe30_pre_run5_EEG.easy,80,100 200 300 400,1,134880,0,,278
spe30,20180718113509_spe30_pre_run5_EEG.easy,81,100 200 300 400,1,136525,0,,256
spe30,20180718113509_spe30_pre_run5_EEG.easy,82,100 200 300 400,1,138093,0,,250
spe30,20180718113509_spe30_pre_run5_EEG.easy,83,100 200 300 400,1,139575,0,,260
spe30,20180718113509_spe30_pre_run5_EEG.easy,84,100 200 300 400 500,2,141432,141479,94,276
spe30,20180718113509_spe30_pre_run5_EEG.easy,85,100 200 300 400 500,2,143141,143186,90,232
spe30,20180718113509_spe30_pre_run5_EEG.easy,86,100 200 300 400 500,2,144628,144684,112,280
spe30,20180718113509_spe30_pre_run5_EEG.easy,87,100 200 300 400,1,146064,0,,272
spe30,20180718113509_spe30_pre_run5_EEG.easy,88,100 200 300 400,1,148037,0,,246
spe30,20180718113509_spe30_pre_run5_EEG.easy,89,100 200 300 400,1,149827,0,,236
spe30,20180718113509_spe30_pre_run5_EEG.easy,90,100 200 300 400 500,2,151329,151375,92,246
spe30,20180718113509_spe30_pre_run5_EEG.easy,91,100 200 300 400,1,152719,0,,244
spe30,20180718113509_spe30_pre_run5_EEG.easy,92,100 200 300 400,1,154101,0,,264
spe30,20180718113509_spe30_pre_run5_EEG.easy,93,100 200 300 400,1,155710,0,,236
spe30,20180718113509_spe30_pre_run5_EEG.easy,94,100 200 300 400,1,157356,0,,260
spe30,20180718113509_spe30_pre_run5_EEG.easy,95,100 200 300 400,1,158807,0,,320
spe30,20180718113509_spe30_pre_run5_EEG.easy,96,100 200 300 400 500,2,160173,160223,100,242
spe30,20180718113509_spe30_pre_run5_EEG.easy,97,100 200 300 400,1,161791,0,,120
spe30,20180718113509_spe30_pre_run5_EEG.easy,98,100 200 300 400,1,163253,0,,230
spe30,20180718113509_spe30_pre_run5_EEG.easy,99,100 200 300 400 500,2,165047,165097,100,244
spe30,20180718113509_spe30_pre_run5_EEG.easy,100,100 200 300 400,1,166563,0,,252
spe30,20180718121248_spe30_post_run1_EEG.easy,1,100 200 300 400,1,43903,0,,344
spe30,20180718121248_spe30_post_run1_EEG.easy,2,100 200 300 400,1,45344,0,,278
spe30,20180718121248_spe30_post_run1_EEG.easy,3,100 200 300 400,1,47063,0,,256
spe30,20180718121248_spe30_post_run1_EEG.easy,4,100 200 300 400,1,48957,0,,436
spe30,20180718121248_spe30_post_run1_EEG.easy,5,100 200 300 400,1,50580,0,,312
spe30,20180718121248_spe30_post_run1_EEG.easy,6,100 200 300 400,1,51966,0,,296
spe30,20180718121248_spe30_post_run1_EEG.easy,7,100 200 300 400,1,53778,0,,278
spe30,20180718121248_spe30_post_run1_EEG.easy,8,100 200 300 400 500,2,55133,55181,96,322
spe30,20180718121248_spe30_post_run1_EEG.easy,9,100 200 300 400 500,2,57307,57364,114,296
spe30,20180718121248_spe30_post_run1_EEG.easy,10,100 200 300 400,1,59520,0,,226
spe30,20180718121248_spe30_post_run1_EEG.easy,11,100 200 300 400 500,2,60689,60718,58,236
spe30,20180718121248_spe30_post_run1_EEG.easy,12,100 200 300 400 500,2,61748,61796,96,396
spe30,20180718121248_spe30_post_run1_EEG.easy,13,100 200 300 400,1,63533,0,,262
spe30,20180718121248_spe30_post_run1_EEG.easy,14,100 200 300 400 500,2,65212,65260,96,234
spe30,20180718121248_spe30_post_run1_EEG.easy,15,100 200 300 400,1,67041,0,,280
spe30,20180718121248_spe30_post_run1_EEG.easy,16,100 200 300 400 500,2,68524,68579,110,278
spe30,20180718121248_spe30_post_run1_EEG.easy,17,100 200 300 400,1,70245,0,,46
spe30,20180718121248_spe30_post_run1_EEG.easy,18,100 200 300 400,1,71722,0,,308
spe30,20180718121248_spe30_post_run1_EEG.easy,19,100 200 300 400 500,2,73380,73431,102,302
spe30,20180718121248_spe30_post_run1_EEG.easy,20,100 200 300 400,1,74912,0,,270
spe30,20180718121248_spe30_post_run1_EEG.easy,21,100 200 300 400,1,76382,0,,296
spe30,20180718121248_spe30_post_run1_EEG.easy,22,100 200 300 400,1,77872,0,,280
spe30,20180718121248_spe30_post_run1_EEG.easy,23,100 200 300 400 500,2,79473,79514,82,268
spe30,20180718121248_spe30_post_run1_EEG.easy,24,100 200 300 400 500,2,80669,80718,98,256
spe30,20180718121248_spe30_post_run1_EEG.easy,25,100 200 300 400,1,82274,0,,244
spe30,20180718121248_spe30_post_run1_EEG.easy,26,100 200 300 400,1,84039,0,,266
spe30,20180718121248_spe30_post_run1_EEG.easy,27,100 200 300 400 500,2,85483,85527,88,266
spe30,20180718121248_spe30_post_run1_EEG.easy,28,100 200 300 400 500,2,87088,87127,78,234
spe30,20180718121248_spe30_post_run1_EEG.easy,29,100 200 300 400 500,2,88555,88596,82,264
spe30,20180718121248_spe30_post_run1_EEG.easy,30,100 200 300 400,1,90306,0,,256
spe30,20180718121248_spe30_post_run1_EEG.easy,31,100 200 300 400,1,91826,0,,276
spe30,20180718121248_spe30_post_run1_EEG.easy,32,100 200 300 400,1,93443,0,,216
spe30,20180718121248_spe30_post_run1_EEG.easy,33,100 200 300 400,1,95121,0,,264
spe30,20180718121248_spe30_post_run1_EEG.easy,34,100 200 300 400 500,2,96751,96798,94,256
spe30,20180718121248_spe30_post_run1_EEG.easy,35,100 200 300 400 500,2,98196,98256,120,312
spe30,20180718121248_spe30_post_run1_EEG.easy,36,100 200 300 400,1,100004,0,,260
spe30,20180718121248_spe30_post_run1_EEG.easy,37,100 200 300 400,1,101505,0,,268
spe30,20180718121248_spe30_post_run1_EEG.easy,38,100 200 300 400,1,102983,0,,254
spe30,20180718121248_spe30_post_run1_EEG.easy,39,100 200 300 400,1,104706,0,,254
spe30,20180718121248_spe30_post_run1_EEG.easy,40,100 200 300 400,1,106136,0,,242
spe30,20180718121248_spe30_post_run1_EEG.easy,41,100 200 300 400 500,2,107686,107740,108,136
spe30,20180718121248_spe30_post_run1_EEG.easy,42,100 200 300 400 500,2,109334,109376,84,244
spe30,20180718121248_spe30_post_run1_EEG.easy,43,100 200 300 400,1,110804,0,,256
spe30,20180718121248_spe30_post_run1_EEG.easy,44,100 200 300 400 500,2,112226,112286,120,314
spe30,20180718121248_spe30_post_run1_EEG.easy,45,100 200 300 400 500,2,113885,113927,84,248
spe30,20180718121248_spe30_post_run1_EEG.easy,46,100 200 300 400,1,115451,0,,264
spe30,20180718121248_spe30_post_run1_EEG.easy,47,100 200 300 400 500,2,117149,117200,102,168
spe30,20180718121248_spe30_post_run1_EEG.easy,48,100 200 300 400 500,2,118888,118938,100,252
spe30,20180718121248_spe30_post_run1_EEG.easy,49,100 200 300 400 500,2,120499,120556,114,322
spe30,20180718121248_spe30_post_run1_EEG.easy,50,100 200 300 400,1,122315,0,,268
spe30,20180718121248_spe30_post_run1_EEG.easy,51,100 200 300 400,1,124053,0,,296
spe30,20180718121248_spe30_post_run1_EEG.easy,52,100 200 300 400,1,125793,0,,254
spe30,20180718121248_spe30_post_run1_EEG.easy,53,100 200 300 400,1,126979,0,,232
spe30,20180718121248_spe30_post_run1_EEG.easy,54,100 200 300 400,1,128609,0,,222
spe30,20180718121248_spe30_post_run1_EEG.easy,55,100 200 300 400 500,2,130331,130382,102,256
spe30,20180718121248_spe30_post_run1_EEG.easy,56,100 200 300 400 500,2,131958,132008,100,280
spe30,20180718121248_spe30_post_run1_EEG.easy,57,100 200 300 400 500,2,133681,133749,136,104
spe30,20180718121248_spe30_post_run1_EEG.easy,58,100 200 300 400 500,2,135462,135504,84,226
spe30,20180718121248_spe30_post_run1_EEG.easy,59,100 200 300 400,1,137070,0,,236
spe30,20180718121248_spe30_post_run1_EEG.easy,60,100 200 300 400 500,2,138608,138650,84,234
spe30,20180718121248_spe30_post_run1_EEG.easy,61,100 200 300 400,1,139837,0,,240
spe30,20180718121248_spe30_post_run1_EEG.easy,62,100 200 300 400,1,141215,0,,226
spe30,20180718121248_spe30_post_run1_EEG.easy,63,100 200 300 400,1,142661,0,,252
spe30,20180718121248_spe30_post_run1_EEG.easy,64,100 200 300 400,1,145136,0,,278
spe30,20180718121248_spe30_post_run1_EEG.easy,65,100 200 300 400,1,147029,0,,662
spe30,20180718121248_spe30_post_run1_EEG.easy,66,100 200 300 400 500,2,148085,148124,78,258
spe30,20180718121248_spe30_post_run1_EEG.easy,67,100 200 300 400,1,149526,0,,268
spe30,20180718121248_spe30_post_run1_EEG.easy,68,100 255 200 300 400 500,2,151272,151310,76,214
spe30,20180718121248_spe30_post_run1_EEG.easy,69,100 200 300 400,1,152963,0,,242
spe30,20180718121248_spe30_post_run1_EEG.easy,70,100 200 300 400,1,154614,0,,254
spe30,20180718121248_spe30_post_run1_EEG.easy,71,100 200 300 400,1,156260,0,,262
spe30,20180718121248_spe30_post_run1_EEG.easy,72,100 200 300 400,1,157660,0,,290
spe30,20180718121248_spe30_post_run1_EEG.easy,73,100 200 300 400,1,159108,0,,246
spe30,20180718121248_spe30_post_run1_EEG.easy,74,100 200 300 400,1,160464,0,,264
spe30,20180718121248_spe30_post_run1_EEG.easy,75,100 200 300 400,1,163267,0,,242
spe30,20180718121248_spe30_post_run1_EEG.easy,76,100 200 300 400,1,164678,0,,266
spe30,20180718121248_spe30_post_run1_EEG.easy,77,100 200 300 400 500,2,166118,166159,82,262
spe30,20180718121248_spe30_post_run1_EEG.easy,78,100 200 300 400,1,167850,0,,210
spe30,20180718121248_spe30_post_run1_EEG.easy,79,100 200 300 400,1,169270,0,,266
spe30,20180718121248_spe30_post_run1_EEG.easy,80,100 200 300 400,1,170734,0,,272
spe30,20180718121248_spe30_post_run1_EEG.easy,81,100 200 300 400,1,172130,0,,240
spe30,20180718121248_spe30_post_run1_EEG.easy,82,100 200 300 400,1,173579,0,,242
spe30,20180718121248_spe30_post_run1_EEG.easy,83,100 200 300 400,1,174950,0,,248
spe30,20180718121248_spe30_post_run1_EEG.easy,84,100 200 300 400 500,2,177069,177111,84,218
spe30,20180718121248_spe30_post_run1_EEG.easy,85,100 200 300 400,1,178893,0,,234
spe30,20180718121248_spe30_post_run1_EEG.easy,86,100 200 300 400,1,180485,0,,266
spe30,20180718121248_spe30_post_run1_EEG.easy,87,100 200 300 400,1,182219,0,,194
spe30,20180718121248_spe30_post_run1_EEG.easy,88,100 200 300 400,1,183832,0,,258
spe30,20180718121248_spe30_post_run1_EEG.easy,89,100 200 300 400 500,2,185409,185445,72,250
spe30,20180718121248_spe30_post_run1_EEG.easy,90,100 200 300 400,1,187159,0,,254
spe30,20180718121248_spe30_post_run1_EEG.easy,91,100 200 300 400 500,2,188560,188614,108,264
spe30,20180718121248_spe30_post_run1_EEG.easy,92,100 200 300 400,1,190010,0,,272
spe30,20180718121248_spe30_post_run1_EEG.easy,93,100 200 300 400,1,191685,0,,222
spe30,20180718121248_spe30_post_run1_EEG.easy,94,100 200 300 400,1,193326,0,,220
spe30,20180718121248_spe30_post_run1_EEG.easy,95,100 200 300 400 500,2,194683,194733,100,282
spe30,20180718121248_spe30_post_run1_EEG.easy,96,100 200 300 400,1,196416,0,,260
spe30,20180718121248_spe30_post_run1_EEG.easy,97,100 200 300 400,1,197916,0,,304
spe30,20180718121248_spe30_post_run1_EEG.easy,98,100 200 300 400 500,2,199282,199342,120,264
spe30,20180718121248_spe30_post_run1_EEG.easy,99,100 200 300 400,1,200859,0,,276
spe30,20180718121248_spe30_post_run1_EEG.easy,100,100 200 300 400,1,202623,0,,232
spe30,20180718122007_spe30_post_run2_EEG.easy,1,100 200 300 400,1,10684,0,,280
spe30,20180718122007_spe30_post_run2_EEG.easy,2,100 200 300 400 500,2,12340,12372,64,260
spe30,20180718122007_spe30_post_run2_EEG.easy,3,100 200 300 400,1,14052,0,,260
spe30,20180718122007_spe30_post_run2_EEG.easy,4,100 200 300 400,1,15516,0,,260
spe30,20180718122007_spe30_post_run2_EEG.easy,5,100 200 300 400 500,2,17181,17220,78,244
spe30,20180718122007_spe30_post_run2_EEG.easy,6,100 200 300 400,1,19001,0,,172
spe30,20180718122007_spe30_post_run2_EEG.easy,7,100 200 300 400 500,2,20701,20740,78,240
spe30,20180718122007_spe30_post_run2_EEG.easy,8,100 200 300 400,1,21746,0,,286
spe30,20180718122007_spe30_post_run2_EEG.easy,9,100 200 300 400 500,2,23359,23403,88,252
spe30,20180718122007_spe30_post_run2_EEG.easy,10,100 200 300 400 500,2,25078,25123,90,262
spe30,20180718122007_spe30_post_run2_EEG.easy,11,100 200 300 400 500,2,26762,26800,76,164
spe30,20180718122007_spe30_post_run2_EEG.easy,12,100 200 300 400,1,29576,0,,364
spe30,20180718122007_spe30_post_run2_EEG.easy,13,100 200 300 400 500,2,31002,31037,70,280
spe30,20180718122007_spe30_post_run2_EEG.easy,14,100 200 300 400 500,2,32506,32547,82,268
spe30,20180718122007_spe30_post_run2_EEG.easy,15,100 200 300 400,1,34169,0,,270
spe30,20180718122007_spe30_post_run2_EEG.easy,16,100 200 300 400,1,36051,0,,238
spe30,20180718122007_spe30_post_run2_EEG.easy,17,100 200 300 400 500,2,37635,37674,78,250
spe30,20180718122007_spe30_post_run2_EEG.easy,18,100 200 300 400 500,2,39358,39394,72,244
spe30,20180718122007_spe30_post_run2_EEG.easy,19,100 200 300 400,1,41345,0,,254
spe30,20180718122007_spe30_post_run2_EEG.easy,20,100 200 300 400,1,43325,0,,260
spe30,20180718122007_spe30_post_run2_EEG.easy,21,100 200 300 400,1,44539,0,,450
spe30,20180718122007_spe30_post_run2_EEG.easy,22,100 200 300 400,1,48730,0,,264
spe30,20180718122007_spe30_post_run2_EEG.easy,23,100 200 300 400,1,50282,0,,222
spe30,20180718122007_spe30_post_run2_EEG.easy,24,100 200 300 400,1,51904,0,,246
spe30,20180718122007_spe30_post_run2_EEG.easy,25,100 200 300 400 500,2,53368,53403,70,250
spe30,20180718122007_spe30_post_run2_EEG.easy,26,100 200 300 400,1,54982,0,,240
spe30,20180718122007_spe30_post_run2_EEG.easy,27,100 200 300 400 500,2,56403,56442,78,230
spe30,20180718122007_spe30_post_run2_EEG.easy,28,100 200 300 400,1,57764,0,,278
spe30,20180718122007_spe30_post_run2_EEG.easy,29,100 200 300 400,1,59407,0,,106
spe30,20180718122007_spe30_post_run2_EEG.easy,30,100 200 300 400,1,60767,0,,258
spe30,20180718122007_spe30_post_run2_EEG.easy,31,100 200 300 400,1,62282,0,,106
spe30,20180718122007_spe30_post_run2_EEG.easy,32,100 200 300 400 500,2,63784,63826,84,58
spe30,20180718122007_spe30_post_run2_EEG.easy,33,100 200 300 400,1,65639,0,,240
spe30,20180718122007_spe30_post_run2_EEG.easy,34,100 200 300 400 500,2,67181,67222,82,188
spe30,20180718122007_spe30_post_run2_EEG.easy,35,100 200 300 400,1,68999,0,,230
spe30,20180718122007_spe30_post_run2_EEG.easy,36,100 200 300 400,1,70589,0,,252
spe30,20180718122007_spe30_post_run2_EEG.easy,37,100 200 300 400,1,71926,0,,260
spe30,20180718122007_spe30_post_run2_EEG.easy,38,100 200 300 400 500,2,73501,73549,96,250
spe30,20180718122007_spe30_post_run2_EEG.easy,39,100 200 300 400 500,2,74967,75015,96,264
spe30,20180718122007_spe30_post_run2_EEG.easy,40,100 200 300 400,1,76354,0,,256
spe30,20180718122007_spe30_post_run2_EEG.easy,41,100 200 300 400,1,78067,0,,240
spe30,20180718122007_spe30_post_run2_EEG.easy,42,100 200 300 400,1,79661,0,,272
spe30,20180718122007_spe30_post_run2_EEG.easy,43,100 200 300 400,1,80963,0,,266
spe30,20180718122007_spe30_post_run2_EEG.easy,44,100 200 300 400,1,82529,0,,244
spe30,20180718122007_spe30_post_run2_EEG.easy,45,100 200 300 400 500,2,83898,83945,94,224
spe30,20180718122007_spe30_post_run2_EEG.easy,46,100 200 300 400,1,85473,0,,116
spe30,20180718122007_spe30_post_run2_EEG.easy,47,100 200 300 400,1,87026,0,,136
spe30,20180718122007_spe30_post_run2_EEG.easy,48,100 200 300 400,1,88678,0,,204
spe30,20180718122007_spe30_post_run2_EEG.easy,49,100 200 300 400 500,2,90891,90920,58,254
spe30,20180718122007_spe30_post_run2_EEG.easy,50,100 200 300 400,1,92436,0,,252
spe30,20180718122007_spe30_post_run2_EEG.easy,51,100 200 300 400,1,93803,0,,230
spe30,20180718122007_spe30_post_run2_EEG.easy,52,100 200 300 400,1,95207,0,,268
spe30,20180718122007_spe30_post_run2_EEG.easy,53,100 200 300 400,1,96830,0,,230
spe30,20180718122007_spe30_post_run2_EEG.easy,54,100 200 300 400,1,98690,0,,70
spe30,20180718122007_spe30_post_run2_EEG.easy,55,100 200 300 400,1,100444,0,,200
spe30,20180718122007_spe30_post_run2_EEG.easy,56,100 200 300 400 500,2,102081,102143,124,70
spe30,20180718122007_spe30_post_run2_EEG.easy,57,100 200 300 400,1,103340,0,,246
spe30,20180718122007_spe30_post_run2_EEG.easy,58,100 200 300 400,1,104916,0,,240
spe30,20180718122007_spe30_post_run2_EEG.easy,59,100 200 300 400,1,106274,0,,272
spe30,20180718122007_spe30_post_run2_EEG.easy,60,100 200 300 400,1,107859,0,,270
spe30,20180718122007_spe30_post_run2_EEG.easy,61,100 200 300 400,1,109239,0,,240
spe30,20180718122007_spe30_post_run2_EEG.easy,62,100 200 300 400 500,2,110714,110765,102,262
spe30,20180718122007_spe30_post_run2_EEG.easy,63,100 200 300 400 500,2,112203,112253,100,270
spe30,20180718122007_spe30_post_run2_EEG.easy,64,100 200 300 400,1,113273,0,,348
spe30,20180718122007_spe30_post_run2_EEG.easy,65,100 200 300 400,1,114640,0,,264
spe30,20180718122007_spe30_post_run2_EEG.easy,66,100 200 300 400,1,116231,0,,208
spe30,20180718122007_spe30_post_run2_EEG.easy,67,100 200 300 400 500,2,117659,117706,94,206
spe30,20180718122007_spe30_post_run2_EEG.easy,68,100 200 300 400,1,118931,0,,226
spe30,20180718122007_spe30_post_run2_EEG.easy,69,100 200 300 400 500,2,120258,120315,114,164
spe30,20180718122007_spe30_post_run2_EEG.easy,70,100 200 300 400,1,121865,0,,238
spe30,20180718122007_spe30_post_run2_EEG.easy,71,100 200 300 400 500,2,122859,122901,84,256
spe30,20180718122007_spe30_post_run2_EEG.easy,72,100 200 300 400,1,124398,0,,234
spe30,20180718122007_spe30_post_run2_EEG.easy,73,100 200 300 400 500,2,126193,126232,78,202
spe30,20180718122007_spe30_post_run2_EEG.easy,74,100 200 300 400,1,127153,0,,262
spe30,20180718122007_spe30_post_run2_EEG.easy,75,100 200 300 400,1,128767,0,,248
spe30,20180718122007_spe30_post_run2_EEG.easy,76,100 200 300 400,1,130927,0,,264
spe30,20180718122007_spe30_post_run2_EEG.easy,77,100 200 300 400 500,2,132410,132463,106,260
spe30,20180718122007_spe30_post_run2_EEG.easy,78,100 200 300 400,1,133840,0,,244
spe30,20180718122007_spe30_post_run2_EEG.easy,79,100 200 300 400,1,135436,0,,242
spe30,20180718122007_spe30_post_run2_EEG.easy,80,100 200 300 400 500,2,136802,136853,102,256
spe30,20180718122007_spe30_post_run2_EEG.easy,81,100 200 300 400,1,138316,0,,236
spe30,20180718122007_spe30_post_run2_EEG.easy,82,100 200 300 400,1,139774,0,,30
spe30,20180718122007_spe30_post_run2_EEG.easy,83,100 200 300 400,1,141112,0,,282
spe30,20180718122007_spe30_post_run2_EEG.easy,84,100 200 300 400 500,2,142698,142734,72,236
spe30,20180718122007_spe30_post_run2_EEG.easy,85,100 200 300 400,1,144063,0,,242
spe30,20180718122007_spe30_post_run2_EEG.easy,86,100 200 300 400,1,145381,0,,238
spe30,20180718122007_spe30_post_run2_EEG.easy,87,100 200 300 400,1,146916,0,,186
spe30,20180718122007_spe30_post_run2_EEG.easy,88,100 200 300 400,1,148204,0,,212
spe30,20180718122007_spe30_post_run2_EEG.easy,89,100 200 300 400,1,149818,0,,244
spe30,20180718122007_spe30_post_run2_EEG.easy,90,100 200 300 400,1,151388,0,,214
spe30,20180718122007_spe30_post_run2_EEG.easy,91,100 200 300 400 500,2,152699,152750,102,258
spe30,20180718122007_spe30_post_run2_EEG.easy,92,100 200 300 400 500,2,154320,154380,120,140
spe30,20180718122007_spe30_post_run2_EEG.easy,93,100 200 300 400,1,156144,0,,116
spe30,20180718122007_spe30_post_run2_EEG.easy,94,100 200 300 400,1,158493,0,,236
spe30,20180718122007_spe30_post_run2_EEG.easy,95,100 200 300 400 500,2,159984,160023,78,298
spe30,20180718122007_spe30_post_run2_EEG.easy,96,100 200 300 400,1,161114,0,,242
spe30,20180718122007_spe30_post_run2_EEG.easy,97,100 200 300 400 500,2,162706,162751,90,212
spe30,20180718122007_spe30_post_run2_EEG.easy,98,100 200 300 400 500,2,164383,164428,90,244
spe30,20180718122007_spe30_post_run2_EEG.easy,99,100 200 300 400,1,165800,0,,296
spe30,20180718122007_spe30_post_run2_EEG.easy,100,100 200 300 400 500,2,167168,167216,96,276
spe30,20180718122612_spe30_post_run3_EEG.easy,1,100 200 300 400 500,2,6051,6092,82,290
spe30,20180718122612_spe30_post_run3_EEG.easy,2,100 200 300 400,1,7601,0,,256
spe30,20180718122612_spe30_post_run3_EEG.easy,3,100 200 300 400 500,2,9083,9121,76,270
spe30,20180718122612_spe30_post_run3_EEG.easy,4,100 200 300 400,1,10019,0,,268
spe30,20180718122612_spe30_post_run3_EEG.easy,5,100 200 300 400,1,11736,0,,260
spe30,20180718122612_spe30_post_run3_EEG.easy,6,100 200 300 400,1,13306,0,,248
spe30,20180718122612_spe30_post_run3_EEG.easy,7,100 200 300 400,1,14853,0,,252
spe30,20180718122612_spe30_post_run3_EEG.easy,8,100 200 300 400 500,2,16399,16441,84,206
spe30,20180718122612_spe30_post_run3_EEG.easy,9,100 200 300 400,1,17917,0,,262
spe30,20180718122612_spe30_post_run3_EEG.easy,10,100 200 300 400,1,19377,0,,250
spe30,20180718122612_spe30_post_run3_EEG.easy,11,100 200 300 400 500,2,20724,20755,62,250
spe30,20180718122612_spe30_post_run3_EEG.easy,12,100 200 300 400,1,21677,0,,300
spe30,20180718122612_spe30_post_run3_EEG.easy,13,100 200 300 400 500,2,23232,23274,84,246
spe30,20180718122612_spe30_post_run3_EEG.easy,14,100 200 300 400,1,24646,0,,126
spe30,20180718122612_spe30_post_run3_EEG.easy,15,100 200 300 400 500,2,26587,26631,88,246
spe30,20180718122612_spe30_post_run3_EEG.easy,16,100 200 300 400,1,28177,0,,136
spe30,20180718122612_spe30_post_run3_EEG.easy,17,100 200 300 400 500,2,29538,29581,86,250
spe30,20180718122612_spe30_post_run3_EEG.easy,18,100 200 300 400,1,31075,0,,256
spe30,20180718122612_spe30_post_run3_EEG.easy,19,100 200 300 400,1,32788,0,,228
spe30,20180718122612_spe30_post_run3_EEG.easy,20,100 200 300 400,1,34399,0,,256
spe30,20180718122612_spe30_post_run3_EEG.easy,21,100 200 300 400 500,2,35785,35824,78,236
spe30,20180718122612_spe30_post_run3_EEG.easy,22,100 200 300 400,1,37458,0,,148
spe30,20180718122612_spe30_post_run3_EEG.easy,23,100 200 300 400 500,2,39133,39174,82,222
spe30,20180718122612_spe30_post_run3_EEG.easy,24,100 200 300 400 500,2,40194,40242,96,374
spe30,20180718122612_spe30_post_run3_EEG.easy,25,100 200 300 400 500,2,41804,41845,82,258
spe30,20180718122612_spe30_post_run3_EEG.easy,26,100 200 300 400,1,43782,0,,210
spe30,20180718122612_spe30_post_run3_EEG.easy,27,100 200 300 400,1,44725,0,,268
spe30,20180718122612_spe30_post_run3_EEG.easy,28,100 200 300 400,1,46329,0,,192
spe30,20180718122612_spe30_post_run3_EEG.easy,29,100 200 300 400,1,47836,0,,256
spe30,20180718122612_spe30_post_run3_EEG.easy,30,100 200 300 400 500,2,49251,49292,82,260
spe30,20180718122612_spe30_post_run3_EEG.easy,31,100 200 300 400,1,50417,0,,266
spe30,20180718122612_spe30_post_run3_EEG.easy,32,100 200 300 400 500,2,52186,52227,82,242
spe30,20180718122612_spe30_post_run3_EEG.easy,33,100 200 300 400,1,54095,0,,234
spe30,20180718122612_spe30_post_run3_EEG.easy,34,100 200 300 400,1,55706,0,,258
spe30,20180718122612_spe30_post_run3_EEG.easy,35,100 200 300 400,1,57337,0,,238
spe30,20180718122612_spe30_post_run3_EEG.easy,36,100 200 300 400,1,59090,0,,250
spe30,20180718122612_spe30_post_run3_EEG.easy,37,100 200 300 400 500,2,60419,60460,82,272
spe30,20180718122612_spe30_post_run3_EEG.easy,38,100 200 300 400,1,62527,0,,260
spe30,20180718122612_spe30_post_run3_EEG.easy,39,100 200 300 400,1,63890,0,,294
spe30,20180718122612_spe30_post_run3_EEG.easy,40,100 200 300 400,1,65274,0,,276
spe30,20180718122612_spe30_post_run3_EEG.easy,41,100 200 300 400,1,66865,0,,228
spe30,20180718122612_spe30_post_run3_EEG.easy,42,100 200 300 400 500,2,68226,68273,94,282
spe30,20180718122612_spe30_post_run3_EEG.easy,43,100 200 300 400,1,69409,0,,224
spe30,20180718122612_spe30_post_run3_EEG.easy,44,100 200 300 400,1,71012,0,,88
spe30,20180718122612_spe30_post_run3_EEG.easy,45,100 200 300 400 500,2,72634,72685,102,208
spe30,20180718122612_spe30_post_run3_EEG.easy,46,100 200 300 400,1,74361,0,,244
spe30,20180718122612_spe30_post_run3_EEG.easy,47,100 200 300 400,1,76191,0,,262
spe30,20180718122612_spe30_post_run3_EEG.easy,48,100 200 300 400 500,2,77613,77661,96,290
spe30,20180718122612_spe30_post_run3_EEG.easy,49,100 200 300 400 500,2,79518,79577,118,140
spe30,20180718122612_spe30_post_run3_EEG.easy,50,100 200 300 400,1,82408,0,,254
spe30,20180718122612_spe30_post_run3_EEG.easy,51,100 200 300 400 500,2,84110,84156,92,248
spe30,20180718122612_spe30_post_run3_EEG.easy,52,100 200 300 400,1,85524,0,,266
spe30,20180718122612_spe30_post_run3_EEG.easy,53,100 200 300 400,1,87119,0,,258
spe30,20180718122612_spe30_post_run3_EEG.easy,54,100 200 300 400,1,88520,0,,270
spe30,20180718122612_spe30_post_run3_EEG.easy,55,100 200 300 400,1,90140,0,,238
spe30,20180718122612_spe30_post_run3_EEG.easy,56,100 200 300 400,1,91793,0,,250
spe30,20180718122612_spe30_post_run3_EEG.easy,57,100 200 300 400 500,2,93162,93216,108,244
spe30,20180718122612_spe30_post_run3_EEG.easy,58,100 200 300 400 500,2,94558,94620,124,274
spe30,20180718122612_spe30_post_run3_EEG.easy,59,100 200 300 400,1,95972,0,,256
spe30,20180718122612_spe30_post_run3_EEG.easy,60,100 200 300 400 500,2,97512,97589,154,130
spe30,20180718122612_spe30_post_run3_EEG.easy,61,100 200 300 400,1,99064,0,,52
spe30,20180718122612_spe30_post_run3_EEG.easy,62,100 200 300 400,1,100562,0,,248
spe30,20180718122612_spe30_post_run3_EEG.easy,63,100 200 300 400,1,101944,0,,266
spe30,20180718122612_spe30_post_run3_EEG.easy,64,100 200 300 400,1,103501,0,,204
spe30,20180718122612_spe30_post_run3_EEG.easy,65,100 200 300 400 500,2,104918,104969,102,250
spe30,20180718122612_spe30_post_run3_EEG.easy,66,100 200 300 400,1,106515,0,,142
spe30,20180718122612_spe30_post_run3_EEG.easy,67,100 200 300 400,1,107835,0,,256
spe30,20180718122612_spe30_post_run3_EEG.easy,68,100 200 300 400,1,109434,0,,216
spe30,20180718122612_spe30_post_run3_EEG.easy,69,100 200 300 400,1,111001,0,,220
spe30,20180718122612_spe30_post_run3_EEG.easy,70,100 200 300 400 500,2,112335,112379,88,260
spe30,20180718122612_spe30_post_run3_EEG.easy,71,100 200 300 400,1,113723,0,,286
spe30,20180718122612_spe30_post_run3_EEG.easy,72,100 200 300 400,1,115283,0,,200
spe30,20180718122612_spe30_post_run3_EEG.easy,73,100 200 300 400,1,116879,0,,140
spe30,20180718122612_spe30_post_run3_EEG.easy,74,100 200 300 400 500,2,118615,118656,82,246
spe30,20180718122612_spe30_post_run3_EEG.easy,75,100 200 300 400 500,2,120754,120795,82,270
spe30,20180718122612_spe30_post_run3_EEG.easy,76,100 200 300 400,1,122700,0,,238
spe30,20180718122612_spe30_post_run3_EEG.easy,77,100 200 300 400 500,2,124173,124209,72,282
spe30,20180718122612_spe30_post_run3_EEG.easy,78,100 200 300 400,1,125668,0,,264
spe30,20180718122612_spe30_post_run3_EEG.easy,79,100 200 300 400,1,126810,0,,202
spe30,20180718122612_spe30_post_run3_EEG.easy,80,100 200 300 400,1,128180,0,,274
spe30,20180718122612_spe30_post_run3_EEG.easy,81,100 200 300 400,1,129118,0,,274
spe30,20180718122612_spe30_post_run3_EEG.easy,82,100 200 300 400,1,130990,0,,178
spe30,20180718122612_spe30_post_run3_EEG.easy,83,100 200 300 400 500,2,132664,132709,90,252
spe30,20180718122612_spe30_post_run3_EEG.easy,84,100 200 300 400,1,133886,0,,216
spe30,20180718122612_spe30_post_run3_EEG.easy,85,100 200 300 400,1,135512,0,,246
spe30,20180718122612_spe30_post_run3_EEG.easy,86,100 200 300 400,1,138194,0,,236
spe30,20180718122612_spe30_post_run3_EEG.easy,87,100 200 300 400,1,139722,0,,294
spe30,20180718122612_spe30_post_run3_EEG.easy,88,100 200 300 400 500,2,141524,141563,78,270
spe30,20180718122612_spe30_post_run3_EEG.easy,89,100 200 300 400,1,142982,0,,272
spe30,20180718122612_spe30_post_run3_EEG.easy,90,100 200 300 400 500,2,144295,144334,78,272
spe30,20180718122612_spe30_post_run3_EEG.easy,91,100 200 300 400,1,146081,0,,214
spe30,20180718122612_spe30_post_run3_EEG.easy,92,100 200 300 400,1,147592,0,,270
spe30,20180718122612_spe30_post_run3_EEG.easy,93,100 200 300 400,1,148905,0,,266
spe30,20180718122612_spe30_post_run3_EEG.easy,94,100 200 300 400 500,2,150233,150284,102,274
spe30,20180718122612_spe30_post_run3_EEG.easy,95,100 200 300 400,1,151427,0,,252
spe30,20180718122612_spe30_post_run3_EEG.easy,96,100 200 300 400,1,153048,0,,236
spe30,20180718122612_spe30_post_run3_EEG.easy,97,100 200 300 400 500,2,154634,154684,100,214
spe30,20180718122612_spe30_post_run3_EEG.easy,98,100 200 300 400,1,156132,0,,276
spe30,20180718122612_spe30_post_run3_EEG.easy,99,100 200 300 400 500,2,157725,157779,108,232
spe30,20180718122612_spe30_post_run3_EEG.easy,100,100 200 300 400 500,2,159443,159490,94,230
spe30,20180718123205_spe30_post_run4_EEG.easy,1,100 200 300 400 500,2,10233,10272,78,266
spe30,20180718123205_spe30_post_run4_EEG.easy,2,100 200 300 400,1,11793,0,,254
spe30,20180718123205_spe30_post_run4_EEG.easy,3,100 200 300 400 500,2,13298,13333,70,278
spe30,20180718123205_spe30_post_run4_EEG.easy,4,100 200 300 400 500,2,14842,14875,66,268
spe30,20180718123205_spe30_post_run4_EEG.easy,5,100 200 300 400,1,16672,0,,244
spe30,20180718123205_spe30_post_run4_EEG.easy,6,100 200 300 400 500,2,18331,18367,72,134
spe30,20180718123205_spe30_post_run4_EEG.easy,7,100 200 300 400,1,19928,0,,224
spe30,20180718123205_spe30_post_run4_EEG.easy,8,100 200 300 400 500,2,21484,21519,70,254
spe30,20180718123205_spe30_post_run4_EEG.easy,9,100 200 300 400,1,22489,0,,338
spe30,20180718123205_spe30_post_run4_EEG.easy,10,100 200 300 400,1,23808,0,,268
spe30,20180718123205_spe30_post_run4_EEG.easy,11,100 200 300 400,1,25265,0,,36
spe30,20180718123205_spe30_post_run4_EEG.easy,12,100 200 300 400,1,26983,0,,244
spe30,20180718123205_spe30_post_run4_EEG.easy,13,100 200 300 400,1,28623,0,,112
spe30,20180718123205_spe30_post_run4_EEG.easy,14,100 200 300 400 500,2,30313,30355,84,204
spe30,20180718123205_spe30_post_run4_EEG.easy,15,100 200 300 400 500,2,31726,31764,76,274
spe30,20180718123205_spe30_post_run4_EEG.easy,16,100 200 300 400,1,33130,0,,250
spe30,20180718123205_spe30_post_run4_EEG.easy,17,100 200 300 400,1,34594,0,,254
spe30,20180718123205_spe30_post_run4_EEG.easy,18,100 200 300 400,1,36003,0,,270
spe30,20180718123205_spe30_post_run4_EEG.easy,19,100 200 300 400,1,37413,0,,250
spe30,20180718123205_spe30_post_run4_EEG.easy,20,100 200 300 400 500,2,39198,39237,78,236
spe30,20180718123205_spe30_post_run4_EEG.easy,21,100 200 300 400 500,2,40112,40163,102,264
spe30,20180718123205_spe30_post_run4_EEG.easy,22,100 200 300 400,1,41652,0,,242
spe30,20180718123205_spe30_post_run4_EEG.easy,23,100 200 300 400,1,43248,0,,232
spe30,20180718123205_spe30_post_run4_EEG.easy,24,100 200 300 400,1,44524,0,,94
spe30,20180718123205_spe30_post_run4_EEG.easy,25,100 200 300 400 500,2,46065,46110,90,264
spe30,20180718123205_spe30_post_run4_EEG.easy,26,100 200 300 400 500,2,47723,47762,78,254
spe30,20180718123205_spe30_post_run4_EEG.easy,27,100 200 300 400,1,49387,0,,252
spe30,20180718123205_spe30_post_run4_EEG.easy,28,100 200 300 400,1,50957,0,,220
spe30,20180718123205_spe30_post_run4_EEG.easy,29,100 200 300 400,1,52906,0,,260
spe30,20180718123205_spe30_post_run4_EEG.easy,30,100 200 300 400,1,54640,0,,264
spe30,20180718123205_spe30_post_run4_EEG.easy,31,100 200 300 400,1,56499,0,,262
spe30,20180718123205_spe30_post_run4_EEG.easy,32,100 200 300 400,1,58150,0,,242
spe30,20180718123205_spe30_post_run4_EEG.easy,33,100 200 300 400,1,59968,0,,230
spe30,20180718123205_spe30_post_run4_EEG.easy,34,100 200 300 400 500,2,61782,61820,76,246
spe30,20180718123205_spe30_post_run4_EEG.easy,35,100 200 300 400,1,63804,0,,230
spe30,20180718123205_spe30_post_run4_EEG.easy,36,100 200 300 400,1,65168,0,,270
spe30,20180718123205_spe30_post_run4_EEG.easy,37,100 200 300 400 500,2,66750,66788,76,276
spe30,20180718123205_spe30_post_run4_EEG.easy,38,100 200 300 400,1,68304,0,,268
spe30,20180718123205_spe30_post_run4_EEG.easy,39,100 200 300 400,1,69650,0,,256
spe30,20180718123205_spe30_post_run4_EEG.easy,40,100 200 300 400,1,71030,0,,270
spe30,20180718123205_spe30_post_run4_EEG.easy,41,100 200 300 400,1,72637,0,,236
spe30,20180718123205_spe30_post_run4_EEG.easy,42,100 200 300 400,1,74321,0,,246
spe30,20180718123205_spe30_post_run4_EEG.easy,43,100 200 300 400,1,75857,0,,256
spe30,20180718123205_spe30_post_run4_EEG.easy,44,100 200 300 400,1,77479,0,,252
spe30,20180718123205_spe30_post_run4_EEG.easy,45,100 200 300 400,1,78957,0,,268
spe30,20180718123205_spe30_post_run4_EEG.easy,46,100 200 300 400,1,80449,0,,262
spe30,20180718123205_spe30_post_run4_EEG.easy,47,100 200 300 400,1,81956,0,,248
spe30,20180718123205_spe30_post_run4_EEG.easy,48,100 200 300 400 500,2,83873,83909,72,240
spe30,20180718123205_spe30_post_run4_EEG.easy,49,100 200 300 400,1,85537,0,,246
spe30,20180718123205_spe30_post_run4_EEG.easy,50,100 200 300 400,1,87120,0,,206
spe30,20180718123205_spe30_post_run4_EEG.easy,51,100 200 300 400 500,2,88749,88797,96,246
spe30,20180718123205_spe30_post_run4_EEG.easy,52,100 200 300 400,1,90290,0,,256
spe30,20180718123205_spe30_post_run4_EEG.easy,53,100 200 300 400,1,91795,0,,246
spe30,20180718123205_spe30_post_run4_EEG.easy,54,100 200 300 400,1,93345,0,,256
spe30,20180718123205_spe30_post_run4_EEG.easy,55,100 200 300 400,1,94866,0,,268
spe30,20180718123205_spe30_post_run4_EEG.easy,56,100 200 300 400,1,96186,0,,234
spe30,20180718123205_spe30_post_run4_EEG.easy,57,100 200 300 400,1,97861,0,,132
spe30,20180718123205_spe30_post_run4_EEG.easy,58,100 200 300 400,1,99331,0,,208
spe30,20180718123205_spe30_post_run4_EEG.easy,59,100 200 300 400,1,101099,0,,244
spe30,20180718123205_spe30_post_run4_EEG.easy,60,100 200 300 400,1,102654,0,,190
spe30,20180718123205_spe30_post_run4_EEG.easy,61,100 200 300 400,1,103989,0,,220
spe30,20180718123205_spe30_post_run4_EEG.easy,62,100 200 300 400,1,105265,0,,130
spe30,20180718123205_spe30_post_run4_EEG.easy,63,100 200 300 400 500,2,106556,106651,190,76
spe30,20180718123205_spe30_post_run4_EEG.easy,64,100 200 300 400,1,107768,0,,222
spe30,20180718123205_spe30_post_run4_EEG.easy,65,100 200 300 400 500,2,109780,109819,78,246
spe30,20180718123205_spe30_post_run4_EEG.easy,66,100 200 300 400 500,2,111559,111625,132,28
spe30,20180718123205_spe30_post_run4_EEG.easy,67,100 200 300 400,1,113565,0,,254
spe30,20180718123205_spe30_post_run4_EEG.easy,68,100 200 300 400 500,2,115551,115590,78,264
spe30,20180718123205_spe30_post_run4_EEG.easy,69,100 200 300 400,1,117068,0,,260
spe30,20180718123205_spe30_post_run4_EEG.easy,70,100 200 300 400,1,118592,0,,274
spe30,20180718123205_spe30_post_run4_EEG.easy,71,100 200 300 400,1,120266,0,,188
spe30,20180718123205_spe30_post_run4_EEG.easy,72,100 200 300 400 500,2,121925,121966,82,242
spe30,20180718123205_spe30_post_run4_EEG.easy,73,100 200 300 400 500,2,123479,123526,94,266
spe30,20180718123205_spe30_post_run4_EEG.easy,74,100 200 300 400,1,124432,0,,294
spe30,20180718123205_spe30_post_run4_EEG.easy,75,100 200 300 400 500,2,125937,125982,90,258
spe30,20180718123205_spe30_post_run4_EEG.easy,76,100 200 300 400,1,127610,0,,104
spe30,20180718123205_spe30_post_run4_EEG.easy,77,100 200 300 400,1,129268,0,,228
spe30,20180718123205_spe30_post_run4_EEG.easy,78,100 200 300 400,1,130600,0,,232
spe30,20180718123205_spe30_post_run4_EEG.easy,79,100 200 300 400,1,131856,0,,268
spe30,20180718123205_spe30_post_run4_EEG.easy,80,100 200 300 400 500,2,133258,133300,84,216
spe30,20180718123205_spe30_post_run4_EEG.easy,81,100 200 300 400 500,2,134803,134854,102,232
spe30,20180718123205_spe30_post_run4_EEG.easy,82,100 200 300 400 500,2,136532,136582,100,198
spe30,20180718123205_spe30_post_run4_EEG.easy,83,100 200 300 400 500,2,138311,138341,60,236
spe30,20180718123205_spe30_post_run4_EEG.easy,84,100 200 300 400 500,2,139393,139438,90,276
spe30,20180718123205_spe30_post_run4_EEG.easy,85,100 200 300 400 500,2,141329,141368,78,250
spe30,20180718123205_spe30_post_run4_EEG.easy,86,100 200 300 400,1,142974,0,,104
spe30,20180718123205_spe30_post_run4_EEG.easy,87,100 200 300 400 500,2,144594,144635,82,234
spe30,20180718123205_spe30_post_run4_EEG.easy,88,100 200 300 400 500,2,145811,145858,94,240
spe30,20180718123205_spe30_post_run4_EEG.easy,89,100 200 300 400 500,2,147309,147357,96,248
spe30,20180718123205_spe30_post_run4_EEG.easy,90,100 200 300 400 500,2,148234,148282,96,238
spe30,20180718123205_spe30_post_run4_EEG.easy,91,100 200 300 400,1,150725,0,,288
spe30,20180718123205_spe30_post_run4_EEG.easy,92,100 200 300 400,1,152408,0,,148
spe30,20180718123205_spe30_post_run4_EEG.easy,93,100 200 300 400 500,2,153863,153904,82,244
spe30,20180718123205_spe30_post_run4_EEG.easy,94,100 200 300 400 500,2,155003,155045,84,256
spe30,20180718123205_spe30_post_run4_EEG.easy,95,100 200 300 400,1,156666,0,,222
spe30,20180718123205_spe30_post_run4_EEG.easy,96,100 200 300 400,1,158328,0,,164
spe30,20180718123205_spe30_post_run4_EEG.easy,97,100 200 300 400,1,159759,0,,250
spe30,20180718123205_spe30_post_run4_EEG.easy,98,100 200 300 400,1,161409,0,,164
spe30,20180718123205_spe30_post_run4_EEG.easy,99,100 200 300 400,1,163057,0,,206
spe30,20180718123205_spe30_post_run4_EEG.easy,100,100 200 300 400,1,164668,0,,216
spe30,20180718123801_spe30_post_run5_EEG.easy,1,100 200 300 400 500,2,21342,21366,48,296
spe30,20180718123801_spe30_post_run5_EEG.easy,2,100 200 300 400,1,23032,0,,260
spe30,20180718123801_spe30_post_run5_EEG.easy,3,100 200 300 400 500,2,24699,24735,72,240
spe30,20180718123801_spe30_post_run5_EEG.easy,4,100 200 300 400,1,25918,0,,288
spe30,20180718123801_spe30_post_run5_EEG.easy,5,100 200 300 400,1,28766,0,,228
spe30,20180718123801_spe30_post_run5_EEG.easy,6,100 200 300 400 500,2,30476,30517,82,260
spe30,20180718123801_spe30_post_run5_EEG.easy,7,100 200 300 400,1,32182,0,,198
spe30,20180718123801_spe30_post_run5_EEG.easy,8,100 200 300 400 500,2,33737,33779,84,278
spe30,20180718123801_spe30_post_run5_EEG.easy,9,100 200 300 400 500,2,34735,34779,88,288
spe30,20180718123801_spe30_post_run5_EEG.easy,10,100 200 300 400,1,36270,0,,268
spe30,20180718123801_spe30_post_run5_EEG.easy,11,100 200 300 400 500,2,37979,38014,70,246
spe30,20180718123801_spe30_post_run5_EEG.easy,12,100 200 300 400,1,38982,0,,302
spe30,20180718123801_spe30_post_run5_EEG.easy,13,100 200 300 400 500,2,41004,41034,60,268
spe30,20180718123801_spe30_post_run5_EEG.easy,14,100 200 300 400,1,42753,0,,252
spe30,20180718123801_spe30_post_run5_EEG.easy,15,100 200 300 400 500,2,44807,44844,74,306
spe30,20180718123801_spe30_post_run5_EEG.easy,16,100 200 300 400,1,46056,0,,266
spe30,20180718123801_spe30_post_run5_EEG.easy,17,100 200 300 400,1,47403,0,,228
spe30,20180718123801_spe30_post_run5_EEG.easy,18,100 200 300 400,1,49901,0,,280
spe30,20180718123801_spe30_post_run5_EEG.easy,19,100 200 300 400,1,51403,0,,206
spe30,20180718123801_spe30_post_run5_EEG.easy,20,100 200 300 400 500,2,53035,53064,58,240
spe30,20180718123801_spe30_post_run5_EEG.easy,21,100 200 300 400,1,54772,0,,146
spe30,20180718123801_spe30_post_run5_EEG.easy,22,100 200 300 400 500,2,56459,56504,90,244
spe30,20180718123801_spe30_post_run5_EEG.easy,23,100 200 300 400 500,2,58249,58285,72,214
spe30,20180718123801_spe30_post_run5_EEG.easy,24,100 200 300 400,1,59914,0,,150
spe30,20180718123801_spe30_post_run5_EEG.easy,25,100 200 300 400,1,61482,0,,206
spe30,20180718123801_spe30_post_run5_EEG.easy,26,100 200 300 400,1,62867,0,,278
spe30,20180718123801_spe30_post_run5_EEG.easy,27,100 200 300 400,1,64377,0,,256
spe30,20180718123801_spe30_post_run5_EEG.easy,28,100 200 300 400 500,2,66065,66107,84,212
spe30,20180718123801_spe30_post_run5_EEG.easy,29,100 200 300 400,1,67648,0,,220
spe30,20180718123801_spe30_post_run5_EEG.easy,30,100 200 300 400,1,69197,0,,236
spe30,20180718123801_spe30_post_run5_EEG.easy,31,100 200 300 400,1,70770,0,,210
spe30,20180718123801_spe30_post_run5_EEG.easy,32,100 200 300 400,1,72272,0,,124
spe30,20180718123801_spe30_post_run5_EEG.easy,33,100 200 300 400,1,73974,0,,218
spe30,20180718123801_spe30_post_run5_EEG.easy,34,100 200 300 400,1,75335,0,,280
spe30,20180718123801_spe30_post_run5_EEG.easy,35,100 200 300 400,1,76681,0,,276
spe30,20180718123801_spe30_post_run5_EEG.easy,36,100 200 300 400 500,2,78022,78067,90,254
spe30,20180718123801_spe30_post_run5_EEG.easy,37,100 200 300 400 500,2,79175,79213,76,248
spe30,20180718123801_spe30_post_run5_EEG.easy,38,100 200 300 400 500,2,80865,80904,78,248
spe30,20180718123801_spe30_post_run5_EEG.easy,39,100 200 300 400,1,82298,0,,258
spe30,20180718123801_spe30_post_run5_EEG.easy,40,100 200 300 400 500,2,83663,83708,90,254
spe30,20180718123801_spe30_post_run5_EEG.easy,41,100 200 300 400 500,2,85230,85274,88,252
spe30,20180718123801_spe30_post_run5_EEG.easy,42,100 200 300 400 500,2,86627,86672,90,254
spe30,20180718123801_spe30_post_run5_EEG.easy,43,100 200 300 400,1,88165,0,,220
spe30,20180718123801_spe30_post_run5_EEG.easy,44,100 200 300 400 500,2,89637,89679,84,272
spe30,20180718123801_spe30_post_run5_EEG.easy,45,100 200 300 400,1,91542,0,,264
spe30,20180718123801_spe30_post_run5_EEG.easy,46,100 200 300 400,1,93934,0,,252
spe30,20180718123801_spe30_post_run5_EEG.easy,47,100 200 300 400,1,95854,0,,242
spe30,20180718123801_spe30_post_run5_EEG.easy,48,100 200 300 400,1,97226,0,,240
spe30,20180718123801_spe30_post_run5_EEG.easy,49,100 200 300 400 500,2,98830,98872,84,238
spe30,20180718123801_spe30_post_run5_EEG.easy,50,100 200 300 400,1,100554,0,,218
spe30,20180718123801_spe30_post_run5_EEG.easy,51,100 200 300 400 500,2,101915,101963,96,256
spe30,20180718123801_spe30_post_run5_EEG.easy,52,100 200 300 400,1,103510,0,,112
spe30,20180718123801_spe30_post_run5_EEG.easy,53,100 200 300 400,1,104984,0,,240
spe30,20180718123801_spe30_post_run5_EEG.easy,54,100 200 300 400,1,106477,0,,252
spe30,20180718123801_spe30_post_run5_EEG.easy,55,100 200 300 400,1,107972,0,,278
spe30,20180718123801_spe30_post_run5_EEG.easy,56,100 200 300 400,1,109335,0,,258
spe30,20180718123801_spe30_post_run5_EEG.easy,57,100 200 300 400 500,2,110916,110960,88,190
spe30,20180718123801_spe30_post_run5_EEG.easy,58,100 200 300 400,1,112359,0,,250
spe30,20180718123801_spe30_post_run5_EEG.easy,59,100 200 300 400,1,113745,0,,272
spe30,20180718123801_spe30_post_run5_EEG.easy,60,100 200 300 400,1,115310,0,,204
spe30,20180718123801_spe30_post_run5_EEG.easy,61,100 200 300 400,1,116655,0,,242
spe30,20180718123801_spe30_post_run5_EEG.easy,62,100 200 300 400 500,2,118102,118147,90,358
spe30,20180718123801_spe30_post_run5_EEG.easy,63,100 200 300 400,1,119270,0,,224
spe30,20180718123801_spe30_post_run5_EEG.easy,64,100 200 300 400 500,2,120853,120898,90,172
spe30,20180718123801_spe30_post_run5_EEG.easy,65,100 200 300 400 500,2,122012,122057,90,252
spe30,20180718123801_spe30_post_run5_EEG.easy,66,100 200 300 400,1,123804,0,,206
spe30,20180718123801_spe30_post_run5_EEG.easy,67,100 200 300 400,1,125251,0,,130
spe30,20180718123801_spe30_post_run5_EEG.easy,68,100 200 300 400,1,126564,0,,214
spe30,20180718123801_spe30_post_run5_EEG.easy,69,100 200 300 400 500,2,128090,128171,162,106
spe30,20180718123801_spe30_post_run5_EEG.easy,70,100 200 300 400,1,129564,0,,250
spe30,20180718123801_spe30_post_run5_EEG.easy,71,100 200 300 400,1,130907,0,,222
spe30,20180718123801_spe30_post_run5_EEG.easy,72,100 200 300 400,1,132409,0,,30
spe30,20180718123801_spe30_post_run5_EEG.easy,73,100 200 300 400 500,2,133739,133781,84,222
spe30,20180718123801_spe30_post_run5_EEG.easy,74,100 200 300 400,1,135155,0,,242
spe30,20180718123801_spe30_post_run5_EEG.easy,75,100 200 300 400,1,137020,0,,136
spe30,20180718123801_spe30_post_run5_EEG.easy,76,100 200 300 400,1,138993,0,,240
spe30,20180718123801_spe30_post_run5_EEG.easy,77,100 200 300 400,1,140317,0,,172
spe30,20180718123801_spe30_post_run5_EEG.easy,78,100 200 300 400,1,142152,0,,234
spe30,20180718123801_spe30_post_run5_EEG.easy,79,100 200 300 400,1,143911,0,,256
spe30,20180718123801_spe30_post_run5_EEG.easy,80,100 200 300 400,1,145279,0,,258
spe30,20180718123801_spe30_post_run5_EEG.easy,81,100 200 300 400,1,146800,0,,82
spe30,20180718123801_spe30_post_run5_EEG.easy,82,100 200 300 400,1,148367,0,,182
spe30,20180718123801_spe30_post_run5_EEG.easy,83,100 200 300 400 500,2,150367,150414,94,70
spe30,20180718123801_spe30_post_run5_EEG.easy,84,100 200 300 400,1,151272,0,,234
spe30,20180718123801_spe30_post_run5_EEG.easy,85,100 200 300 400 500,2,152881,152923,84,210
spe30,20180718123801_spe30_post_run5_EEG.easy,86,100 200 300 400,1,154339,0,,248
spe30,20180718123801_spe30_post_run5_EEG.easy,87,100 200 300 400,1,155817,0,,254
spe30,20180718123801_spe30_post_run5_EEG.easy,88,100 200 300 400,1,157190,0,,256
spe30,20180718123801_spe30_post_run5_EEG.easy,89,100 200 300 400,1,158513,0,,196
spe30,20180718123801_spe30_post_run5_EEG.easy,90,100 200 300 400,1,160810,0,,242
spe30,20180718123801_spe30_post_run5_EEG.easy,91,100 200 300 400 500,2,162371,162419,96,228
spe30,20180718123801_spe30_post_run5_EEG.easy,92,100 200 300 400 500,2,163991,164041,100,250
spe30,20180718123801_spe30_post_run5_EEG.easy,93,100 200 300 400,1,165601,0,,228
spe30,20180718123801_spe30_post_run5_EEG.easy,94,100 200 300 400,1,167272,0,,170
spe30,20180718123801_spe30_post_run5_EEG.easy,95,100 200 300 400 500,2,168716,168769,106,242
spe30,20180718123801_spe30_post_run5_EEG.easy,96,100 200 300 400,1,170207,0,,248
spe30,20180718123801_spe30_post_run5_EEG.easy,97,100 200 300 400,1,171591,0,,272
spe30,20180718123801_spe30_post_run5_EEG.easy,98,100 200 300 400 500,2,173186,173260,148,116
spe30,20180718123801_spe30_post_run5_EEG.easy,99,100 200 300 400 500,2,174951,174998,94,260
spe30,20180718123801_spe30_post_run5_EEG.easy,100,100 200 300 400,1,176745,0,,196
spe30,20180719113505_spe30_retest_run1_EEG.easy,1,100 200 300 400,1,5887,0,,286
spe30,20180719113505_spe30_retest_run1_EEG.easy,2,100 200 300 400 500,2,7391,7427,72,250
spe30,20180719113505_spe30_retest_run1_EEG.easy,3,100 200 300 400 500,2,9151,9181,60,234
spe30,20180719113505_spe30_retest_run1_EEG.easy,4,100 200 300 400,1,10161,0,,264
spe30,20180719113505_spe30_retest_run1_EEG.easy,5,100 200 300 400,1,11929,0,,234
spe30,20180719113505_spe30_retest_run1_EEG.easy,6,100 200 300 400,1,13895,0,,264
spe30,20180719113505_spe30_retest_run1_EEG.easy,7,100 200 300 400,1,15968,0,,264
spe30,20180719113505_spe30_retest_run1_EEG.easy,8,100 200 300 400 500,2,17820,17864,88,274
spe30,20180719113505_spe30_retest_run1_EEG.easy,9,100 200 300 400,1,19449,0,,338
spe30,20180719113505_spe30_retest_run1_EEG.easy,10,100 200 300 400 500,2,20947,20994,94,276
spe30,20180719113505_spe30_retest_run1_EEG.easy,11,100 200 300 400 500,2,22205,22249,88,370
spe30,20180719113505_spe30_retest_run1_EEG.easy,12,100 200 300 400,1,23709,0,,288
spe30,20180719113505_spe30_retest_run1_EEG.easy,13,100 200 300 400 500,2,25112,25168,112,258
spe30,20180719113505_spe30_retest_run1_EEG.easy,14,100 200 300 400 500,2,26222,26282,120,396
spe30,20180719113505_spe30_retest_run1_EEG.easy,15,100 200 300 400 500,2,27739,27790,102,262
spe30,20180719113505_spe30_retest_run1_EEG.easy,16,100 200 300 400,1,29313,0,,314
spe30,20180719113505_spe30_retest_run1_EEG.easy,17,100 200 300 400 500,2,31079,31143,128,260
spe30,20180719113505_spe30_retest_run1_EEG.easy,18,100 200 300 400,1,32839,0,,270
spe30,20180719113505_spe30_retest_run1_EEG.easy,19,100 200 300 400,1,34588,0,,264
spe30,20180719113505_spe30_retest_run1_EEG.easy,20,100 200 300 400 500,2,36415,36463,96,244
spe30,20180719113505_spe30_retest_run1_EEG.easy,21,100 200 300 400,1,37682,0,,242
spe30,20180719113505_spe30_retest_run1_EEG.easy,22,100 200 300 400 500,2,39138,39185,94,266
spe30,20180719113505_spe30_retest_run1_EEG.easy,23,100 200 300 400,1,40463,0,,278
spe30,20180719113505_spe30_retest_run1_EEG.easy,24,100 200 300 400,1,41472,0,,376
spe30,20180719113505_spe30_retest_run1_EEG.easy,25,100 200 300 400,1,42926,0,,270
spe30,20180719113505_spe30_retest_run1_EEG.easy,26,100 200 300 400,1,44786,0,,264
spe30,20180719113505_spe30_retest_run1_EEG.easy,27,100 200 300 400,1,46351,0,,268
spe30,20180719113505_spe30_retest_run1_EEG.easy,28,100 200 300 400,1,47973,0,,286
spe30,20180719113505_spe30_retest_run1_EEG.easy,29,100 200 300 400,1,49622,0,,238
spe30,20180719113505_spe30_retest_run1_EEG.easy,30,100 200 300 400,1,51105,0,,256
spe30,20180719113505_spe30_retest_run1_EEG.easy,31,100 200 300 400,1,53649,0,,258
spe30,20180719113505_spe30_retest_run1_EEG.easy,32,100 200 300 400,1,55008,0,,266
spe30,20180719113505_spe30_retest_run1_EEG.easy,33,100 200 300 400,1,57008,0,,246
spe30,20180719113505_spe30_retest_run1_EEG.easy,34,100 200 300 400,1,58496,0,,264
spe30,20180719113505_spe30_retest_run1_EEG.easy,35,100 200 300 400,1,59930,0,,288
spe30,20180719113505_spe30_retest_run1_EEG.easy,36,100 200 300 400,1,61666,0,,276
spe30,20180719113505_spe30_retest_run1_EEG.easy,37,100 200 300 400 500,2,62886,62940,108,432
spe30,20180719113505_spe30_retest_run1_EEG.easy,38,100 200 300 400,1,64693,0,,260
spe30,20180719113505_spe30_retest_run1_EEG.easy,39,100 200 300 400 500,2,66291,66342,102,234
spe30,20180719113505_spe30_retest_run1_EEG.easy,40,100 200 300 400 500,2,68043,68098,110,268
spe30,20180719113505_spe30_retest_run1_EEG.easy,41,100 200 300 400,1,69590,0,,270
spe30,20180719113505_spe30_retest_run1_EEG.easy,42,100 200 300 400,1,71338,0,,260
spe30,20180719113505_spe30_retest_run1_EEG.easy,43,100 200 300 400,1,73093,0,,250
spe30,20180719113505_spe30_retest_run1_EEG.easy,44,100 200 300 400,1,74555,0,,278
spe30,20180719113505_spe30_retest_run1_EEG.easy,45,100 200 300 400,1,76358,0,,264
spe30,20180719113505_spe30_retest_run1_EEG.easy,46,100 200 300 400 500,2,77757,77794,74,264
spe30,20180719113505_spe30_retest_run1_EEG.easy,47,100 200 300 400,1,79246,0,,262
spe30,20180719113505_spe30_retest_run1_EEG.easy,48,100 200 300 400,1,80733,0,,258
spe30,20180719113505_spe30_retest_run1_EEG.easy,49,100 200 300 400 500,2,82195,82251,112,266
spe30,20180719113505_spe30_retest_run1_EEG.easy,50,100 200 300 400 500,2,83833,83889,112,264
spe30,20180719113505_spe30_retest_run1_EEG.easy,51,100 200 300 400,1,85415,0,,274
spe30,20180719113505_spe30_retest_run1_EEG.easy,52,100 200 300 400,1,86997,0,,262
spe30,20180719113505_spe30_retest_run1_EEG.easy,53,100 200 300 400,1,88681,0,,268
spe30,20180719113505_spe30_retest_run1_EEG.easy,54,100 200 300 400,1,89955,0,,276
spe30,20180719113505_spe30_retest_run1_EEG.easy,55,100 200 300 400 500,2,91518,91566,96,238
spe30,20180719113505_spe30_retest_run1_EEG.easy,56,100 200 300 400 500,2,92892,92939,94,272
spe30,20180719113505_spe30_retest_run1_EEG.easy,57,100 200 300 400 500,2,94817,94860,86,296
spe30,20180719113505_spe30_retest_run1_EEG.easy,58,100 200 300 400,1,97089,0,,270
spe30,20180719113505_spe30_retest_run1_EEG.easy,59,100 200 300 400 500,2,98755,98805,100,258
spe30,20180719113505_spe30_retest_run1_EEG.easy,60,100 200 300 400,1,100676,0,,278
spe30,20180719113505_spe30_retest_run1_EEG.easy,61,100 200 300 400,1,103223,0,,294
spe30,20180719113505_spe30_retest_run1_EEG.easy,62,100 200 300 400,1,105058,0,,262
spe30,20180719113505_spe30_retest_run1_EEG.easy,63,100 200 300 400,1,106705,0,,274
spe30,20180719113505_spe30_retest_run1_EEG.easy,64,100 200 300 400,1,108374,0,,260
spe30,20180719113505_spe30_retest_run1_EEG.easy,65,100 200 300 400,1,109786,0,,256
spe30,20180719113505_spe30_retest_run1_EEG.easy,66,100 200 300 400,1,111389,0,,260
spe30,20180719113505_spe30_retest_run1_EEG.easy,67,100 200 300 400,1,113002,0,,272
spe30,20180719113505_spe30_retest_run1_EEG.easy,68,100 200 300 400 500,2,114509,114566,114,422
spe30,20180719113505_spe30_retest_run1_EEG.easy,69,100 200 300 400 500,2,115976,116026,100,376
spe30,20180719113505_spe30_retest_run1_EEG.easy,70,100 200 300 400,1,117204,0,,338
spe30,20180719113505_spe30_retest_run1_EEG.easy,71,100 200 300 400,1,118911,0,,282
spe30,20180719113505_spe30_retest_run1_EEG.easy,72,100 200 300 400,1,120394,0,,298
spe30,20180719113505_spe30_retest_run1_EEG.easy,73,100 200 300 400,1,122016,0,,244
spe30,20180719113505_spe30_retest_run1_EEG.easy,74,100 200 300 400,1,124128,0,,250
spe30,20180719113505_spe30_retest_run1_EEG.easy,75,100 200 300 400,1,125638,0,,284
spe30,20180719113505_spe30_retest_run1_EEG.easy,76,100 200 300 400 500,2,127343,127399,112,274
spe30,20180719113505_spe30_retest_run1_EEG.easy,77,100 200 300 400,1,128579,0,,358
spe30,20180719113505_spe30_retest_run1_EEG.easy,78,100 200 300 400,1,130212,0,,270
spe30,20180719113505_spe30_retest_run1_EEG.easy,79,100 200 300 400 500,2,131690,131752,124,264
spe30,20180719113505_spe30_retest_run1_EEG.easy,80,100 200 300 400,1,133235,0,,268
spe30,20180719113505_spe30_retest_run1_EEG.easy,81,100 200 300 400 500,2,134653,134708,110,276
spe30,20180719113505_spe30_retest_run1_EEG.easy,82,100 200 300 400 500,2,135884,135953,138,296
spe30,20180719113505_spe30_retest_run1_EEG.easy,83,100 200 300 400,1,137500,0,,252
spe30,20180719113505_spe30_retest_run1_EEG.easy,84,100 200 300 400,1,138552,0,,388
spe30,20180719113505_spe30_retest_run1_EEG.easy,85,100 200 300 400 500,2,139947,140008,122,276
spe30,20180719113505_spe30_retest_run1_EEG.easy,86,100 200 300 400,1,140930,0,,312
spe30,20180719113505_spe30_retest_run1_EEG.easy,87,100 200 300 400 500,2,142745,142803,116,266
spe30,20180719113505_spe30_retest_run1_EEG.easy,88,100 200 300 400 500,2,144002,144056,108,298
spe30,20180719113505_spe30_retest_run1_EEG.easy,89,100 200 300 400,1,145009,0,,286
spe30,20180719113505_spe30_retest_run1_EEG.easy,90,100 200 300 400 500,2,146626,146677,102,224
spe30,20180719113505_spe30_retest_run1_EEG.easy,91,100 200 300 400,1,147902,0,,246
spe30,20180719113505_spe30_retest_run1_EEG.easy,92,100 200 300 400 500,2,149366,149428,124,260
spe30,20180719113505_spe30_retest_run1_EEG.easy,93,100 200 300 400,1,150953,0,,228
spe30,20180719113505_spe30_retest_run1_EEG.easy,94,100 200 300 400,1,152520,0,,106
spe30,20180719113505_spe30_retest_run1_EEG.easy,95,100 200 300 400 500,2,154158,154200,84,182
spe30,20180719113505_spe30_retest_run1_EEG.easy,96,100 200 300 400 500,2,155705,155758,106,268
spe30,20180719113505_spe30_retest_run1_EEG.easy,97,100 200 300 400,1,157397,0,,216
spe30,20180719113505_spe30_retest_run1_EEG.easy,98,100 200 300 400,1,159081,0,,196
spe30,20180719113505_spe30_retest_run1_EEG.easy,99,100 200 300 400,1,160706,0,,258
spe30,20180719113505_spe30_retest_run1_EEG.easy,100,100 200 300 400,1,162227,0,,318
spe30,20180719114553_spe30_retest_run2_EEG.easy,1,100 200 300 400 500,2,4365,4394,58,270
spe30,20180719114553_spe30_retest_run2_EEG.easy,2,100 200 300 400,1,5949,0,,302
spe30,20180719114553_spe30_retest_run2_EEG.easy,3,100 200 300 400 500,2,7676,7715,78,242
spe30,20180719114553_spe30_retest_run2_EEG.easy,4,100 200 300 400,1,9004,0,,506
spe30,20180719114553_spe30_retest_run2_EEG.easy,5,100 200 300 400 500,2,10786,10825,78,260
spe30,20180719114553_spe30_retest_run2_EEG.easy,6,100 200 300 400,1,12318,0,,278
spe30,20180719114553_spe30_retest_run2_EEG.easy,7,100 200 300 400,1,14007,0,,262
spe30,20180719114553_spe30_retest_run2_EEG.easy,8,100 200 300 400,1,15314,0,,254
spe30,20180719114553_spe30_retest_run2_EEG.easy,9,100 200 300 400 500,2,16727,16773,92,268
spe30,20180719114553_spe30_retest_run2_EEG.easy,10,100 200 300 400 500,2,17719,17763,88,248
spe30,20180719114553_spe30_retest_run2_EEG.easy,11,100 200 300 400,1,19149,0,,254
spe30,20180719114553_spe30_retest_run2_EEG.easy,12,100 200 300 400,1,20622,0,,262
spe30,20180719114553_spe30_retest_run2_EEG.easy,13,100 200 300 400,1,22095,0,,256
spe30,20180719114553_spe30_retest_run2_EEG.easy,14,100 200 300 400,1,23399,0,,236
spe30,20180719114553_spe30_retest_run2_EEG.easy,15,100 200 300 400 500,2,25378,25414,72,270
spe30,20180719114553_spe30_retest_run2_EEG.easy,17,100 200 300 400,1,28411,0,,258
spe30,20180719114553_spe30_retest_run2_EEG.easy,18,100 200 300 400,1,29976,0,,260
spe30,20180719114553_spe30_retest_run2_EEG.easy,19,100 200 300 400,1,31547,0,,246
spe30,20180719114553_spe30_retest_run2_EEG.easy,20,100 200 300 400,1,33286,0,,302
spe30,20180719114553_spe30_retest_run2_EEG.easy,21,100 200 300 400,1,34853,0,,268
spe30,20180719114553_spe30_retest_run2_EEG.easy,22,100 200 300 400,1,36211,0,,282
spe30,20180719114553_spe30_retest_run2_EEG.easy,23,100 200 300 400 500,2,37828,37864,72,210
spe30,20180719114553_spe30_retest_run2_EEG.easy,24,100 200 300 400,1,39860,0,,270
spe30,20180719114553_spe30_retest_run2_EEG.easy,25,100 200 300 400,1,41000,0,,246
spe30,20180719114553_spe30_retest_run2_EEG.easy,26,100 200 300 400 500,2,42435,42479,88,250
spe30,20180719114553_spe30_retest_run2_EEG.easy,27,100 200 300 400,1,43667,0,,206
spe30,20180719114553_spe30_retest_run2_EEG.easy,28,100 200 300 400,1,45078,0,,260
spe30,20180719114553_spe30_retest_run2_EEG.easy,29,100 200 300 400 500,2,46664,46714,100,152
spe30,20180719114553_spe30_retest_run2_EEG.easy,30,100 200 300 400,1,48051,0,,268
spe30,20180719114553_spe30_retest_run2_EEG.easy,31,100 200 300 400,1,49750,0,,128
spe30,20180719114553_spe30_retest_run2_EEG.easy,32,100 200 300 400,1,51502,0,,138
spe30,20180719114553_spe30_retest_run2_EEG.easy,33,100 200 300 400,1,53111,0,,200
spe30,20180719114553_spe30_retest_run2_EEG.easy,34,100 200 300 400,1,54816,0,,240
spe30,20180719114553_spe30_retest_run2_EEG.easy,35,100 200 300 400,1,56179,0,,272
spe30,20180719114553_spe30_retest_run2_EEG.easy,36,100 200 300 400,1,57554,0,,252
spe30,20180719114553_spe30_retest_run2_EEG.easy,37,100 200 300 400 500,2,59385,59427,84,188
spe30,20180719114553_spe30_retest_run2_EEG.easy,38,100 200 300 400 500,2,61022,61067,90,244
spe30,20180719114553_spe30_retest_run2_EEG.easy,39,100 200 300 400,1,62650,0,,270
spe30,20180719114553_spe30_retest_run2_EEG.easy,40,100 200 300 400 500,2,64213,64258,90,254
spe30,20180719114553_spe30_retest_run2_EEG.easy,41,100 200 300 400,1,66152,0,,250
spe30,20180719114553_spe30_retest_run2_EEG.easy,42,100 200 300 400,1,67598,0,,248
spe30,20180719114553_spe30_retest_run2_EEG.easy,43,100 200 300 400 500,2,68695,68729,68,276
spe30,20180719114553_spe30_retest_run2_EEG.easy,44,100 200 300 400,1,71210,0,,254
spe30,20180719114553_spe30_retest_run2_EEG.easy,45,100 200 300 400,1,72644,0,,260
spe30,20180719114553_spe30_retest_run2_EEG.easy,46,100 200 300 400 500,2,74171,74216,90,170
spe30,20180719114553_spe30_retest_run2_EEG.easy,47,100 200 300 400 500,2,75127,75171,88,282
spe30,20180719114553_spe30_retest_run2_EEG.easy,48,100 200 300 400,1,76966,0,,244
spe30,20180719114553_spe30_retest_run2_EEG.easy,49,100 200 300 400,1,78466,0,,260
spe30,20180719114553_spe30_retest_run2_EEG.easy,50,100 200 300 400 500,2,79757,79801,88,228
spe30,20180719114553_spe30_retest_run2_EEG.easy,51,100 200 300 400,1,81404,0,,260
spe30,20180719114553_spe30_retest_run2_EEG.easy,52,100 200 300 400 500,2,82895,82931,72,234
spe30,20180719114553_spe30_retest_run2_EEG.easy,53,100 200 300 400,1,84650,0,,240
spe30,20180719114553_spe30_retest_run2_EEG.easy,54,100 200 300 400 500,2,86384,86419,70,222
spe30,20180719114553_spe30_retest_run2_EEG.easy,55,100 200 300 400,1,88144,0,,240
spe30,20180719114553_spe30_retest_run2_EEG.easy,56,100 200 300 400,1,89819,0,,192
spe30,20180719114553_spe30_retest_run2_EEG.easy,57,100 200 300 400 500,2,91378,91416,76,256
spe30,20180719114553_spe30_retest_run2_EEG.easy,58,100 200 300 400 500,2,92586,92627,82,240
spe30,20180719114553_spe30_retest_run2_EEG.easy,59,100 200 300 400,1,93588,0,,262
spe30,20180719114553_spe30_retest_run2_EEG.easy,60,100 200 300 400,1,95209,0,,182
spe30,20180719114553_spe30_retest_run2_EEG.easy,61,100 200 300 400 500,2,96809,96856,94,224
spe30,20180719114553_spe30_retest_run2_EEG.easy,62,100 200 300 400,1,97754,0,,292
spe30,20180719114553_spe30_retest_run2_EEG.easy,63,100 200 300 400 500,2,99400,99437,74,268
spe30,20180719114553_spe30_retest_run2_EEG.easy,64,100 200 300 400 500,2,101214,101258,88,222
spe30,20180719114553_spe30_retest_run2_EEG.easy,65,100 200 300 400 500,2,102842,102886,88,274
spe30,20180719114553_spe30_retest_run2_EEG.easy,66,100 200 300 400,1,104734,0,,256
spe30,20180719114553_spe30_retest_run2_EEG.easy,67,100 200 300 400 500,2,106513,106560,94,264
spe30,20180719114553_spe30_retest_run2_EEG.easy,68,100 200 300 400,1,107927,0,,276
spe30,20180719114553_spe30_retest_run2_EEG.easy,69,100 200 300 400,1,109770,0,,256
spe30,20180719114553_spe30_retest_run2_EEG.easy,70,100 200 300 400,1,111229,0,,254
spe30,20180719114553_spe30_retest_run2_EEG.easy,71,100 200 300 400,1,112869,0,,234
spe30,20180719114553_spe30_retest_run2_EEG.easy,72,100 200 300 400,1,114225,0,,232
spe30,20180719114553_spe30_retest_run2_EEG.easy,73,100 200 300 400,1,115557,0,,268
spe30,20180719114553_spe30_retest_run2_EEG.easy,74,100 200 300 400 500,2,116892,116940,96,258
spe30,20180719114553_spe30_retest_run2_EEG.easy,75,100 200 300 400,1,118536,0,,246
spe30,20180719114553_spe30_retest_run2_EEG.easy,76,100 200 300 400,1,119915,0,,254
spe30,20180719114553_spe30_retest_run2_EEG.easy,77,100 200 300 400,1,121464,0,,240
spe30,20180719114553_spe30_retest_run2_EEG.easy,78,100 200 300 400 500,2,123045,123099,108,240
spe30,20180719114553_spe30_retest_run2_EEG.easy,79,100 200 300 400,1,124691,0,,234
spe30,20180719114553_spe30_retest_run2_EEG.easy,80,100 200 300 400 500,2,126130,126173,86,248
spe30,20180719114553_spe30_retest_run2_EEG.easy,81,100 200 300 400 500,2,127108,127156,96,300
spe30,20180719114553_spe30_retest_run2_EEG.easy,82,100 200 300 400,1,128677,0,,252
spe30,20180719114553_spe30_retest_run2_EEG.easy,83,100 200 300 400,1,130382,0,,278
spe30,20180719114553_spe30_retest_run2_EEG.easy,84,100 200 300 400,1,131865,0,,272
spe30,20180719114553_spe30_retest_run2_EEG.easy,85,100 200 300 400,1,133521,0,,192
spe30,20180719114553_spe30_retest_run2_EEG.easy,86,100 200 300 400,1,135333,0,,230
spe30,20180719114553_spe30_retest_run2_EEG.easy,87,100 200 300 400 500,2,136795,136836,82,268
spe30,20180719114553_spe30_retest_run2_EEG.easy,88,100 200 300 400,1,138240,0,,246
spe30,20180719114553_spe30_retest_run2_EEG.easy,89,100 200 300 400,1,139818,0,,234
spe30,20180719114553_spe30_retest_run2_EEG.easy,90,100 200 300 400 500,2,141406,141450,88,224
spe30,20180719114553_spe30_retest_run2_EEG.easy,91,100 200 300 400 500,2,142728,142775,94,220
spe30,20180719114553_spe30_retest_run2_EEG.easy,92,100 200 300 400,1,144334,0,,116
spe30,20180719114553_spe30_retest_run2_EEG.easy,93,100 200 300 400 500,2,145654,145695,82,262
spe30,20180719114553_spe30_retest_run2_EEG.easy,94,100 200 300 400,1,146528,0,,246
spe30,20180719114553_spe30_retest_run2_EEG.easy,95,100 200 300 400,1,148201,0,,150
spe30,20180719114553_spe30_retest_run2_EEG.easy,96,100 200 300 400 500,2,149599,149649,100,252
spe30,20180719114553_spe30_retest_run2_EEG.easy,97,100 200 300 400,1,151379,0,,252
spe30,20180719114553_spe30_retest_run2_EEG.easy,98,100 200 300 400,1,153010,0,,236
spe30,20180719114553_spe30_retest_run2_EEG.easy,99,100 200 300 400,1,154693,0,,168
spe30,20180719114553_spe30_retest_run2_EEG.easy,100,100 200 300 400,1,156687,0,,252
spe30,20180719114553_spe30_retest_run2_EEG.easy,101,100 200 300 400,1,158034,0,,288
spe30,20180719120122_spe30_retest_run3_EEG.easy,1,100 200 300 400,1,3658,0,,282
spe30,20180719120122_spe30_retest_run3_EEG.easy,2,100 200 300 400,1,5058,0,,264
spe30,20180719120122_spe30_retest_run3_EEG.easy,3,100 200 300 400,1,6504,0,,268
spe30,20180719120122_spe30_retest_run3_EEG.easy,4,100 200 300 400,1,7860,0,,230
spe30,20180719120122_spe30_retest_run3_EEG.easy,5,100 200 300 400 500,2,9344,9389,90,260
spe30,20180719120122_spe30_retest_run3_EEG.easy,6,100 200 300 400 500,2,10605,10647,84,252
spe30,20180719120122_spe30_retest_run3_EEG.easy,7,100 200 300 400 500,2,12483,12516,66,244
spe30,20180719120122_spe30_retest_run3_EEG.easy,8,100 200 300 400,1,14229,0,,248
spe30,20180719120122_spe30_retest_run3_EEG.easy,9,100 200 300 400,1,16103,0,,224
spe30,20180719120122_spe30_retest_run3_EEG.easy,10,100 200 300 400,1,17596,0,,266
spe30,20180719120122_spe30_retest_run3_EEG.easy,11,100 200 300 400 500,2,19090,19135,90,260
spe30,20180719120122_spe30_retest_run3_EEG.easy,12,100 200 300 400 500,2,20075,20114,78,246
spe30,20180719120122_spe30_retest_run3_EEG.easy,13,100 200 300 400,1,21721,0,,248
spe30,20180719120122_spe30_retest_run3_EEG.easy,14,100 200 300 400,1,23797,0,,266
spe30,20180719120122_spe30_retest_run3_EEG.easy,15,100 200 300 400,1,25050,0,,250
spe30,20180719120122_spe30_retest_run3_EEG.easy,16,100 200 300 400,1,26484,0,,236
spe30,20180719120122_spe30_retest_run3_EEG.easy,17,100 200 300 400,1,27882,0,,254
spe30,20180719120122_spe30_retest_run3_EEG.easy,18,100 200 300 400,1,30040,0,,250
spe30,20180719120122_spe30_retest_run3_EEG.easy,19,100 200 300 400,1,32482,0,,276
spe30,20180719120122_spe30_retest_run3_EEG.easy,20,100 200 300 400,1,34581,0,,280
spe30,20180719120122_spe30_retest_run3_EEG.easy,21,100 200 300 400,1,36094,0,,316
spe30,20180719120122_spe30_retest_run3_EEG.easy,22,100 200 300 400 500,2,37672,37726,108,282
spe30,20180719120122_spe30_retest_run3_EEG.easy,23,100 200 300 400 500,2,39462,39516,108,262
spe30,20180719120122_spe30_retest_run3_EEG.easy,24,100 200 300 400,1,41116,0,,252
spe30,20180719120122_spe30_retest_run3_EEG.easy,25,100 200 300 400 500,2,42599,42643,88,232
spe30,20180719120122_spe30_retest_run3_EEG.easy,26,100 200 300 400,1,43563,0,,248
spe30,20180719120122_spe30_retest_run3_EEG.easy,27,100 200 300 400,1,45227,0,,232
spe30,20180719120122_spe30_retest_run3_EEG.easy,28,100 200 300 400,1,46132,0,,248
spe30,20180719120122_spe30_retest_run3_EEG.easy,29,100 200 300 400 500,2,47556,47603,94,242
spe30,20180719120122_spe30_retest_run3_EEG.easy,30,100 200 300 400 500,2,48766,48802,72,266
spe30,20180719120122_spe30_retest_run3_EEG.easy,31,100 200 300 400 500,2,50368,50407,78,210
spe30,20180719120122_spe30_retest_run3_EEG.easy,32,100 200 300 400,1,52656,0,,254
spe30,20180719120122_spe30_retest_run3_EEG.easy,33,100 200 300 400,1,54135,0,,258
spe30,20180719120122_spe30_retest_run3_EEG.easy,34,100 255 200 300 400,1,55820,0,,246
spe30,20180719120122_spe30_retest_run3_EEG.easy,35,100 200 300 400,1,58310,0,,242
spe30,20180719120122_spe30_retest_run3_EEG.easy,36,100 200 300 400,1,59644,0,,228
spe30,20180719120122_spe30_retest_run3_EEG.easy,37,100 200 300 400,1,61292,0,,212
spe30,20180719120122_spe30_retest_run3_EEG.easy,38,100 200 300 400,1,62689,0,,340
spe30,20180719120122_spe30_retest_run3_EEG.easy,39,100 200 300 400,1,64043,0,,110
spe30,20180719120122_spe30_retest_run3_EEG.easy,40,100 200 300 400 500,2,65560,65590,60,234
spe30,20180719120122_spe30_retest_run3_EEG.easy,41,100 200 300 400 500,2,66908,66944,72,270
spe30,20180719120122_spe30_retest_run3_EEG.easy,42,100 200 300 400,1,68129,0,,272
spe30,20180719120122_spe30_retest_run3_EEG.easy,43,100 200 300 400,1,69601,0,,246
spe30,20180719120122_spe30_retest_run3_EEG.easy,44,100 200 300 400 500,2,70964,70996,64,292
spe30,20180719120122_spe30_retest_run3_EEG.easy,45,100 200 300 400 500,2,72523,72555,64,248
spe30,20180719120122_spe30_retest_run3_EEG.easy,46,100 200 300 400,1,74135,0,,274
spe30,20180719120122_spe30_retest_run3_EEG.easy,47,100 200 300 400,1,75471,0,,238
spe30,20180719120122_spe30_retest_run3_EEG.easy,48,100 200 300 400,1,76797,0,,234
spe30,20180719120122_spe30_retest_run3_EEG.easy,49,100 200 300 400,1,78415,0,,232
spe30,20180719120122_spe30_retest_run3_EEG.easy,50,100 200 300 400 500,2,79770,79808,76,238
spe30,20180719120122_spe30_retest_run3_EEG.easy,51,100 200 300 400,1,80978,0,,258
spe30,20180719120122_spe30_retest_run3_EEG.easy,52,100 200 300 400,1,82897,0,,250
spe30,20180719120122_spe30_retest_run3_EEG.easy,53,100 200 300 400,1,84482,0,,210
spe30,20180719120122_spe30_retest_run3_EEG.easy,54,100 200 300 400,1,86080,0,,230
spe30,20180719120122_spe30_retest_run3_EEG.easy,55,100 200 300 400 500,2,88049,88084,70,176
spe30,20180719120122_spe30_retest_run3_EEG.easy,56,100 200 300 400 500,2,89828,89870,84,234
spe30,20180719120122_spe30_retest_run3_EEG.easy,57,100 200 300 400 500,2,91127,91169,84,262
spe30,20180719120122_spe30_retest_run3_EEG.easy,58,100 200 300 400,1,92395,0,,266
spe30,20180719120122_spe30_retest_run3_EEG.easy,59,100 200 300 400,1,93945,0,,230
spe30,20180719120122_spe30_retest_run3_EEG.easy,60,100 200 300 400,1,95535,0,,228
spe30,20180719120122_spe30_retest_run3_EEG.easy,61,100 200 300 400,1,96970,0,,254
spe30,20180719120122_spe30_retest_run3_EEG.easy,62,100 200 300 400 500,2,99300,99345,90,254
spe30,20180719120122_spe30_retest_run3_EEG.easy,63,100 200 300 400,1,101149,0,,256
spe30,20180719120122_spe30_retest_run3_EEG.easy,64,100 200 300 400 500,2,102535,102579,88,240
spe30,20180719120122_spe30_retest_run3_EEG.easy,65,100 200 300 400,1,103975,0,,244
spe30,20180719120122_spe30_retest_run3_EEG.easy,66,100 200 300 400 500,2,105670,105714,88,200
spe30,20180719120122_spe30_retest_run3_EEG.easy,67,100 200 300 400,1,107231,0,,244
spe30,20180719120122_spe30_retest_run3_EEG.easy,68,100 200 300 400,1,109167,0,,206
spe30,20180719120122_spe30_retest_run3_EEG.easy,69,100 200 300 400,1,110478,0,,236
spe30,20180719120122_spe30_retest_run3_EEG.easy,70,100 200 300 400 500,2,112093,112137,88,224
spe30,20180719120122_spe30_retest_run3_EEG.easy,71,100 200 300 400,1,113489,0,,248
spe30,20180719120122_spe30_retest_run3_EEG.easy,72,100 200 300 400,1,115264,0,,244
spe30,20180719120122_spe30_retest_run3_EEG.easy,73,100 200 300 400,1,116811,0,,184
spe30,20180719120122_spe30_retest_run3_EEG.easy,74,100 200 300 400 500,2,118183,118221,76,210
spe30,20180719120122_spe30_retest_run3_EEG.easy,75,100 200 300 400,1,119815,0,,108
spe30,20180719120122_spe30_retest_run3_EEG.easy,76,100 200 300 400,1,121390,0,,244
spe30,20180719120122_spe30_retest_run3_EEG.easy,77,100 200 300 400,1,122960,0,,174
spe30,20180719120122_spe30_retest_run3_EEG.easy,78,100 200 300 400,1,124338,0,,264
spe30,20180719120122_spe30_retest_run3_EEG.easy,79,100 200 300 400,1,125903,0,,64
spe30,20180719120122_spe30_retest_run3_EEG.easy,80,100 200 300 400 500,2,127243,127287,88,230
spe30,20180719120122_spe30_retest_run3_EEG.easy,81,100 200 300 400,1,128267,0,,262
spe30,20180719120122_spe30_retest_run3_EEG.easy,82,100 200 300 400,1,129698,0,,252
spe30,20180719120122_spe30_retest_run3_EEG.easy,83,100 200 300 400,1,131026,0,,212
spe30,20180719120122_spe30_retest_run3_EEG.easy,84,100 200 300 400 500,2,132639,132683,88,234
spe30,20180719120122_spe30_retest_run3_EEG.easy,85,100 200 300 400 500,2,134269,134317,96,78
spe30,20180719120122_spe30_retest_run3_EEG.easy,86,100 200 300 400 500,2,135475,135523,96,314
spe30,20180719120122_spe30_retest_run3_EEG.easy,87,100 200 300 400,1,136991,0,,250
spe30,20180719120122_spe30_retest_run3_EEG.easy,88,100 200 300 400 500,2,138532,138582,100,210
spe30,20180719120122_spe30_retest_run3_EEG.easy,89,100 200 300 400,1,139490,0,,254
spe30,20180719120122_spe30_retest_run3_EEG.easy,90,100 200 300 400,1,141127,0,,212
spe30,20180719120122_spe30_retest_run3_EEG.easy,91,100 200 300 400,1,142742,0,,138
spe30,20180719120122_spe30_retest_run3_EEG.easy,92,100 200 300 400 500,2,144143,144183,80,186
spe30,20180719120122_spe30_retest_run3_EEG.easy,93,100 200 300 400 500,2,145300,145350,100,242
spe30,20180719120122_spe30_retest_run3_EEG.easy,94,100 200 300 400,1,146685,0,,262
spe30,20180719120122_spe30_retest_run3_EEG.easy,95,100 200 300 400,1,149064,0,,238
spe30,20180719120122_spe30_retest_run3_EEG.easy,96,100 200 300 400,1,150519,0,,244
spe30,20180719120122_spe30_retest_run3_EEG.easy,97,100 200 300 400 500,2,152211,152262,102,156
spe30,20180719120122_spe30_retest_run3_EEG.easy,98,100 200 300 400,1,154021,0,,190
spe30,20180719120122_spe30_retest_run3_EEG.easy,99,100 200 300 400 500,2,155616,155663,94,202
spe30,20180719120122_spe30_retest_run3_EEG.easy,100,100 200 300 400 500,2,157282,157333,102,172
spe30,20180719120700_spe30_retest_run4_EEG.easy,1,100 200 300 400,1,6390,0,,276
spe30,20180719120700_spe30_retest_run4_EEG.easy,2,100 200 300 400,1,7781,0,,260
spe30,20180719120700_spe30_retest_run4_EEG.easy,3,100 200 300 400 500,2,9109,9160,102,242
spe30,20180719120700_spe30_retest_run4_EEG.easy,4,100 200 300 400 500,2,10820,10871,102,178
spe30,20180719120700_spe30_retest_run4_EEG.easy,5,100 200 300 400,1,12638,0,,244
spe30,20180719120700_spe30_retest_run4_EEG.easy,6,100 200 300 400 500,2,14522,14561,78,196
spe30,20180719120700_spe30_retest_run4_EEG.easy,7,100 200 300 400,1,16280,0,,246
spe30,20180719120700_spe30_retest_run4_EEG.easy,8,100 200 300 400,1,17934,0,,148
spe30,20180719120700_spe30_retest_run4_EEG.easy,9,100 200 300 400,1,18889,0,,266
spe30,20180719120700_spe30_retest_run4_EEG.easy,10,100 200 300 400 500,2,20246,20300,108,226
spe30,20180719120700_spe30_retest_run4_EEG.easy,11,100 200 300 400,1,21476,0,,256
spe30,20180719120700_spe30_retest_run4_EEG.easy,12,100 200 300 400,1,23084,0,,198
spe30,20180719120700_spe30_retest_run4_EEG.easy,13,100 200 300 400,1,24529,0,,238
spe30,20180719120700_spe30_retest_run4_EEG.easy,14,100 200 300 400,1,26483,0,,238
spe30,20180719120700_spe30_retest_run4_EEG.easy,15,100 200 300 400,1,28289,0,,240
spe30,20180719120700_spe30_retest_run4_EEG.easy,16,100 200 300 400 500,2,30196,30244,96,244
spe30,20180719120700_spe30_retest_run4_EEG.easy,17,100 200 300 400,1,31827,0,,238
spe30,20180719120700_spe30_retest_run4_EEG.easy,18,100 200 300 400,1,33177,0,,262
spe30,20180719120700_spe30_retest_run4_EEG.easy,19,100 200 300 400 500,2,34826,34871,90,140
spe30,20180719120700_spe30_retest_run4_EEG.easy,20,100 200 300 400 500,2,36519,36560,82,258
spe30,20180719120700_spe30_retest_run4_EEG.easy,21,100 200 300 400,1,38297,0,,240
spe30,20180719120700_spe30_retest_run4_EEG.easy,22,100 200 300 400,1,39868,0,,258
spe30,20180719120700_spe30_retest_run4_EEG.easy,23,100 200 300 400,1,41192,0,,216
spe30,20180719120700_spe30_retest_run4_EEG.easy,24,100 200 300 400 500,2,43339,43375,72,220
spe30,20180719120700_spe30_retest_run4_EEG.easy,25,100 200 300 400,1,44685,0,,266
spe30,20180719120700_spe30_retest_run4_EEG.easy,26,100 200 300 400,1,46135,0,,246
spe30,20180719120700_spe30_retest_run4_EEG.easy,27,100 200 300 400,1,48086,0,,240
spe30,20180719120700_spe30_retest_run4_EEG.easy,28,100 200 300 400,1,49790,0,,196
spe30,20180719120700_spe30_retest_run4_EEG.easy,29,100 200 300 400,1,51324,0,,184
spe30,20180719120700_spe30_retest_run4_EEG.easy,30,100 200 300 400 500,2,52884,52925,82,210
spe30,20180719120700_spe30_retest_run4_EEG.easy,31,100 200 300 400 500,2,54493,54526,66,262
spe30,20180719120700_spe30_retest_run4_EEG.easy,32,100 200 300 400 500,2,56073,56117,88,252
spe30,20180719120700_spe30_retest_run4_EEG.easy,33,100 200 300 400 500,2,57272,57323,102,270
spe30,20180719120700_spe30_retest_run4_EEG.easy,34,100 200 300 400 500,2,58501,58549,96,300
spe30,20180719120700_spe30_retest_run4_EEG.easy,35,100 200 300 400,1,59437,0,,276
spe30,20180719120700_spe30_retest_run4_EEG.easy,36,100 200 300 400,1,60793,0,,266
spe30,20180719120700_spe30_retest_run4_EEG.easy,37,100 200 300 400,1,62347,0,,212
spe30,20180719120700_spe30_retest_run4_EEG.easy,38,100 200 300 400,1,63939,0,,232
spe30,20180719120700_spe30_retest_run4_EEG.easy,39,100 200 300 400,1,65512,0,,118
spe30,20180719120700_spe30_retest_run4_EEG.easy,40,100 200 300 400,1,66856,0,,256
spe30,20180719120700_spe30_retest_run4_EEG.easy,41,100 200 300 400,1,68288,0,,256
spe30,20180719120700_spe30_retest_run4_EEG.easy,42,100 200 300 400 500,2,69648,69701,106,274
spe30,20180719120700_spe30_retest_run4_EEG.easy,43,100 200 300 400,1,70839,0,,248
spe30,20180719120700_spe30_retest_run4_EEG.easy,44,100 200 300 400 500,2,73118,73164,92,218
spe30,20180719120700_spe30_retest_run4_EEG.easy,45,100 200 300 400,1,74874,0,,96
spe30,20180719120700_spe30_retest_run4_EEG.easy,46,100 200 300 400,1,76524,0,,42
spe30,20180719120700_spe30_retest_run4_EEG.easy,47,100 200 300 400,1,78169,0,,234
spe30,20180719120700_spe30_retest_run4_EEG.easy,48,100 200 300 400,1,79964,0,,256
spe30,20180719120700_spe30_retest_run4_EEG.easy,49,100 200 300 400,1,81682,0,,218
spe30,20180719120700_spe30_retest_run4_EEG.easy,50,100 200 300 400 500,2,83176,83225,98,258
spe30,20180719120700_spe30_retest_run4_EEG.easy,51,100 200 300 400,1,84735,0,,254
spe30,20180719120700_spe30_retest_run4_EEG.easy,52,100 200 300 400,1,86058,0,,262
spe30,20180719120700_spe30_retest_run4_EEG.easy,53,100 200 300 400 500,2,87518,87566,96,244
spe30,20180719120700_spe30_retest_run4_EEG.easy,54,100 200 300 400,1,89236,0,,244
spe30,20180719120700_spe30_retest_run4_EEG.easy,55,100 200 300 400 500,2,90954,90996,84,214
spe30,20180719120700_spe30_retest_run4_EEG.easy,56,100 200 300 400 500,2,92764,92806,84,230
spe30,20180719120700_spe30_retest_run4_EEG.easy,57,100 200 300 400,1,94366,0,,264
spe30,20180719120700_spe30_retest_run4_EEG.easy,58,100 200 300 400,1,95876,0,,266
spe30,20180719120700_spe30_retest_run4_EEG.easy,59,100 200 300 400,1,97359,0,,260
spe30,20180719120700_spe30_retest_run4_EEG.easy,60,100 200 300 400 500,2,98939,98993,108,206
spe30,20180719120700_spe30_retest_run4_EEG.easy,61,100 200 300 400 500,2,100592,100633,82,178
spe30,20180719120700_spe30_retest_run4_EEG.easy,62,100 200 300 400,1,102449,0,,150
spe30,20180719120700_spe30_retest_run4_EEG.easy,63,100 200 300 400,1,104344,0,,222
spe30,20180719120700_spe30_retest_run4_EEG.easy,64,100 200 300 400,1,105905,0,,258
spe30,20180719120700_spe30_retest_run4_EEG.easy,65,100 200 300 400 500,2,107218,107257,78,284
spe30,20180719120700_spe30_retest_run4_EEG.easy,66,100 200 300 400,1,108725,0,,260
spe30,20180719120700_spe30_retest_run4_EEG.easy,67,100 200 300 400,1,109549,0,,248
spe30,20180719120700_spe30_retest_run4_EEG.easy,68,100 200 300 400,1,110934,0,,276
spe30,20180719120700_spe30_retest_run4_EEG.easy,69,100 200 300 400,1,112367,0,,264
spe30,20180719120700_spe30_retest_run4_EEG.easy,70,100 200 300 400 500,2,113740,113802,124,280
spe30,20180719120700_spe30_retest_run4_EEG.easy,71,100 200 300 400 500,2,115120,115165,90,214
spe30,20180719120700_spe30_retest_run4_EEG.easy,72,100 200 300 400,1,116504,0,,246
spe30,20180719120700_spe30_retest_run4_EEG.easy,73,100 200 300 400,1,118886,0,,230
spe30,20180719120700_spe30_retest_run4_EEG.easy,74,100 200 300 400,1,120207,0,,266
spe30,20180719120700_spe30_retest_run4_EEG.easy,75,100 200 300 400 500,2,121515,121557,84,242
spe30,20180719120700_spe30_retest_run4_EEG.easy,76,100 200 300 400 500,2,122891,122938,94,238
spe30,20180719120700_spe30_retest_run4_EEG.easy,77,100 200 300 400,1,124634,0,,164
spe30,20180719120700_spe30_retest_run4_EEG.easy,78,100 200 300 400 500,2,126163,126229,132,124
spe30,20180719120700_spe30_retest_run4_EEG.easy,79,100 200 300 400,1,128184,0,,240
spe30,20180719120700_spe30_retest_run4_EEG.easy,80,100 200 300 400,1,129670,0,,288
spe30,20180719120700_spe30_retest_run4_EEG.easy,81,100 200 300 400,1,131250,0,,252
spe30,20180719120700_spe30_retest_run4_EEG.easy,82,100 200 300 400,1,132567,0,,226
spe30,20180719120700_spe30_retest_run4_EEG.easy,83,100 200 300 400,1,134009,0,,236
spe30,20180719120700_spe30_retest_run4_EEG.easy,84,100 200 300 400 500,2,135347,135395,96,262
spe30,20180719120700_spe30_retest_run4_EEG.easy,85,100 200 300 400 500,2,136307,136361,108,260
spe30,20180719120700_spe30_retest_run4_EEG.easy,86,100 200 300 400,1,137964,0,,278
spe30,20180719120700_spe30_retest_run4_EEG.easy,87,100 200 300 400 500,2,139445,139495,100,230
spe30,20180719120700_spe30_retest_run4_EEG.easy,88,100 200 300 400,1,141246,0,,188
spe30,20180719120700_spe30_retest_run4_EEG.easy,89,100 200 300 400,1,142896,0,,86
spe30,20180719120700_spe30_retest_run4_EEG.easy,90,100 200 300 400,1,144327,0,,238
spe30,20180719120700_spe30_retest_run4_EEG.easy,91,100 200 300 400,1,145218,0,,248
spe30,20180719120700_spe30_retest_run4_EEG.easy,92,100 200 300 400 500,2,146932,146980,96,226
spe30,20180719120700_spe30_retest_run4_EEG.easy,93,100 200 300 400,1,148635,0,,158
spe30,20180719120700_spe30_retest_run4_EEG.easy,94,100 200 300 400,1,150240,0,,106
spe30,20180719120700_spe30_retest_run4_EEG.easy,95,100 200 300 400,1,151638,0,,238
spe30,20180719120700_spe30_retest_run4_EEG.easy,96,100 200 300 400,1,153311,0,,124
spe30,20180719120700_spe30_retest_run4_EEG.easy,97,100 200 300 400,1,154858,0,,258
spe30,20180719120700_spe30_retest_run4_EEG.easy,98,100 200 300 400 500,2,156691,156744,106,214
spe30,20180719120700_spe30_retest_run4_EEG.easy,99,100 200 300 400 500,2,157665,157708,86,240
spe30,20180719120700_spe30_retest_run4_EEG.easy,100,100 200 300 400 500,2,159214,159255,82,252
spe30,20180719121252_spe30_retest_run5_EEG.easy,1,100 200 300 400,1,36299,0,,260
spe30,20180719121252_spe30_retest_run5_EEG.easy,2,100 200 300 400,1,37939,0,,250
spe30,20180719121252_spe30_retest_run5_EEG.easy,3,100 200 300 400 500,2,39744,39779,70,252
spe30,20180719121252_spe30_retest_run5_EEG.easy,4,100 200 300 400 500,2,41292,41324,64,262
spe30,20180719121252_spe30_retest_run5_EEG.easy,5,100 200 300 400 500,2,42554,42587,66,320
spe30,20180719121252_spe30_retest_run5_EEG.easy,6,100 200 300 400,1,44412,0,,180
spe30,20180719121252_spe30_retest_run5_EEG.easy,7,100 200 300 400,1,46020,0,,256
spe30,20180719121252_spe30_retest_run5_EEG.easy,8,100 200 300 400 500,2,47922,47960,76,232
spe30,20180719121252_spe30_retest_run5_EEG.easy,9,100 200 300 400 500,2,49640,49685,90,252
spe30,20180719121252_spe30_retest_run5_EEG.easy,10,100 200 300 400,1,50577,0,,308
spe30,20180719121252_spe30_retest_run5_EEG.easy,11,100 200 300 400,1,52263,0,,262
spe30,20180719121252_spe30_retest_run5_EEG.easy,12,100 200 300 400,1,54060,0,,212
spe30,20180719121252_spe30_retest_run5_EEG.easy,13,100 200 300 400,1,55608,0,,80
spe30,20180719121252_spe30_retest_run5_EEG.easy,14,100 200 300 400,1,57076,0,,266
spe30,20180719121252_spe30_retest_run5_EEG.easy,15,100 200 300 400,1,58693,0,,202
spe30,20180719121252_spe30_retest_run5_EEG.easy,16,100 200 300 400,1,60111,0,,258
spe30,20180719121252_spe30_retest_run5_EEG.easy,17,100 200 300 400,1,61674,0,,136
spe30,20180719121252_spe30_retest_run5_EEG.easy,18,100 200 300 400 500,2,63051,63095,88,262
spe30,20180719121252_spe30_retest_run5_EEG.easy,19,100 200 300 400,1,65451,0,,244
spe30,20180719121252_spe30_retest_run5_EEG.easy,20,100 200 300 400,1,67048,0,,242
spe30,20180719121252_spe30_retest_run5_EEG.easy,21,100 200 300 400,1,68454,0,,254
spe30,20180719121252_spe30_retest_run5_EEG.easy,22,100 200 300 400,1,69917,0,,238
spe30,20180719121252_spe30_retest_run5_EEG.easy,23,100 200 300 400,1,71437,0,,82
spe30,20180719121252_spe30_retest_run5_EEG.easy,24,100 200 300 400,1,73012,0,,216
spe30,20180719121252_spe30_retest_run5_EEG.easy,25,100 200 300 400 500,2,74501,74549,96,258
spe30,20180719121252_spe30_retest_run5_EEG.easy,26,100 200 300 400 500,2,75701,75748,94,254
spe30,20180719121252_spe30_retest_run5_EEG.easy,27,100 200 300 400,1,76872,0,,246
spe30,20180719121252_spe30_retest_run5_EEG.easy,28,100 200 300 400,1,78375,0,,246
spe30,20180719121252_spe30_retest_run5_EEG.easy,29,100 200 300 400,1,79703,0,,248
spe30,20180719121252_spe30_retest_run5_EEG.easy,30,100 200 300 400 500,2,81063,81105,84,262
spe30,20180719121252_spe30_retest_run5_EEG.easy,31,100 200 300 400,1,82829,0,,88
spe30,20180719121252_spe30_retest_run5_EEG.easy,32,100 200 300 400 500,2,84419,84464,90,172
spe30,20180719121252_spe30_retest_run5_EEG.easy,33,100 200 300 400,1,85276,0,,244
spe30,20180719121252_spe30_retest_run5_EEG.easy,34,100 200 300 400,1,86619,0,,272
spe30,20180719121252_spe30_retest_run5_EEG.easy,35,100 200 300 400 500,2,88158,88200,84,196
spe30,20180719121252_spe30_retest_run5_EEG.easy,36,100 200 300 400,1,89922,0,,106
spe30,20180719121252_spe30_retest_run5_EEG.easy,37,100 200 300 400,1,91282,0,,240
spe30,20180719121252_spe30_retest_run5_EEG.easy,38,100 200 300 400 500,2,92872,92917,90,256
spe30,20180719121252_spe30_retest_run5_EEG.easy,39,100 200 300 400,1,94071,0,,264
spe30,20180719121252_spe30_retest_run5_EEG.easy,40,100 200 300 400,1,95472,0,,288
spe30,20180719121252_spe30_retest_run5_EEG.easy,41,100 200 300 400 500,2,96825,96863,76,258
spe30,20180719121252_spe30_retest_run5_EEG.easy,42,100 200 300 400 500,2,98446,98487,82,216
spe30,20180719121252_spe30_retest_run5_EEG.easy,43,100 200 300 400,1,99991,0,,226
spe30,20180719121252_spe30_retest_run5_EEG.easy,44,100 200 300 400,1,102346,0,,258
spe30,20180719121252_spe30_retest_run5_EEG.easy,45,100 200 300 400 500,2,103751,103795,88,262
spe30,20180719121252_spe30_retest_run5_EEG.easy,46,100 200 300 400,1,105157,0,,244
spe30,20180719121252_spe30_retest_run5_EEG.easy,47,100 200 300 400 500,2,106503,106547,88,282
spe30,20180719121252_spe30_retest_run5_EEG.easy,48,100 200 300 400 500,2,108282,108332,100,206
spe30,20180719121252_spe30_retest_run5_EEG.easy,49,100 200 300 400,1,109699,0,,246
spe30,20180719121252_spe30_retest_run5_EEG.easy,50,100 200 300 400,1,111408,0,,134
spe30,20180719121252_spe30_retest_run5_EEG.easy,51,100 200 300 400 500,2,113491,113529,76,260
spe30,20180719121252_spe30_retest_run5_EEG.easy,52,100 200 300 400,1,115064,0,,240
spe30,20180719121252_spe30_retest_run5_EEG.easy,53,100 200 300 400,1,116973,0,,148
spe30,20180719121252_spe30_retest_run5_EEG.easy,54,100 200 300 400,1,118656,0,,250
spe30,20180719121252_spe30_retest_run5_EEG.easy,55,100 200 300 400,1,120236,0,,292
spe30,20180719121252_spe30_retest_run5_EEG.easy,56,100 200 300 400,1,121590,0,,328
spe30,20180719121252_spe30_retest_run5_EEG.easy,57,100 200 300 400,1,122946,0,,246
spe30,20180719121252_spe30_retest_run5_EEG.easy,58,100 200 300 400 500,2,124511,124555,88,212
spe30,20180719121252_spe30_retest_run5_EEG.easy,59,100 200 300 400 500,2,125464,125512,96,246
spe30,20180719121252_spe30_retest_run5_EEG.easy,60,100 200 300 400 500,2,127094,127139,90,174
spe30,20180719121252_spe30_retest_run5_EEG.easy,61,100 200 300 400,1,129912,0,,240
spe30,20180719121252_spe30_retest_run5_EEG.easy,62,100 200 300 400,1,131596,0,,242
spe30,20180719121252_spe30_retest_run5_EEG.easy,63,100 200 300 400,1,133351,0,,234
spe30,20180719121252_spe30_retest_run5_EEG.easy,64,100 200 300 400,1,134900,0,,206
spe30,20180719121252_spe30_retest_run5_EEG.easy,65,100 200 300 400,1,136214,0,,260
spe30,20180719121252_spe30_retest_run5_EEG.easy,66,100 200 300 400,1,137550,0,,250
spe30,20180719121252_spe30_retest_run5_EEG.easy,67,100 200 300 400,1,139144,0,,48
spe30,20180719121252_spe30_retest_run5_EEG.easy,68,100 200 300 400,1,140922,0,,196
spe30,20180719121252_spe30_retest_run5_EEG.easy,69,100 200 300 400 500,2,142585,142626,82,264
spe30,20180719121252_spe30_retest_run5_EEG.easy,70,100 200 300 400,1,144201,0,,256
spe30,20180719121252_spe30_retest_run5_EEG.easy,71,100 200 300 400,1,146798,0,,224
spe30,20180719121252_spe30_retest_run5_EEG.easy,72,100 200 300 400,1,148614,0,,250
spe30,20180719121252_spe30_retest_run5_EEG.easy,73,100 200 300 400,1,150186,0,,220
spe30,20180719121252_spe30_retest_run5_EEG.easy,74,100 200 300 400,1,151641,0,,254
spe30,20180719121252_spe30_retest_run5_EEG.easy,75,100 200 300 400,1,153309,0,,180
spe30,20180719121252_spe30_retest_run5_EEG.easy,76,100 200 300 400 500,2,154897,154942,90,230
spe30,20180719121252_spe30_retest_run5_EEG.easy,77,100 200 300 400 500,2,156295,156336,82,270
spe30,20180719121252_spe30_retest_run5_EEG.easy,78,100 200 300 400,1,157857,0,,256
spe30,20180719121252_spe30_retest_run5_EEG.easy,79,100 200 300 400 500,2,159444,159492,96,278
spe30,20180719121252_spe30_retest_run5_EEG.easy,80,100 200 300 400 500,2,160974,161015,82,224
spe30,20180719121252_spe30_retest_run5_EEG.easy,81,100 200 300 400 500,2,162780,162828,96,106
spe30,20180719121252_spe30_retest_run5_EEG.easy,82,100 200 300 400,1,164464,0,,266
spe30,20180719121252_spe30_retest_run5_EEG.easy,83,100 200 300 400,1,165917,0,,278
spe30,20180719121252_spe30_retest_run5_EEG.easy,84,100 200 300 400,1,167353,0,,282
spe30,20180719121252_spe30_retest_run5_EEG.easy,85,100 200 300 400,1,168868,0,,266
spe30,20180719121252_spe30_retest_run5_EEG.easy,86,100 200 300 400,1,170203,0,,254
spe30,20180719121252_spe30_retest_run5_EEG.easy,87,100 200 300 400 500,2,171777,171827,100,258
spe30,20180719121252_spe30_retest_run5_EEG.easy,88,100 200 300 400,1,172760,0,,324
spe30,20180719121252_spe30_retest_run5_EEG.easy,89,100 200 300 400 500,2,174484,174526,84,218
spe30,20180719121252_spe30_retest_run5_EEG.easy,90,100 200 300 400,1,176008,0,,232
spe30,20180719121252_spe30_retest_run5_EEG.easy,91,100 200 300 400,1,177452,0,,222
spe30,20180719121252_spe30_retest_run5_EEG.easy,92,100 200 300 400 500,2,179085,179124,78,152
spe30,20180719121252_spe30_retest_run5_EEG.easy,93,100 200 300 400 500,2,180194,180236,84,344
spe30,20180719121252_spe30_retest_run5_EEG.easy,94,100 200 300 400,1,181847,0,,18
spe30,20180719121252_spe30_retest_run5_EEG.easy,95,100 200 300 400,1,183183,0,,250
spe30,20180719121252_spe30_retest_run5_EEG.easy,96,100 200 300 400 500,2,184869,184907,76,170
spe30,20180719121252_spe30_retest_run5_EEG.easy,97,100 200 300 400 500,2,186263,186299,72,270
spe30,20180719121252_spe30_retest_run5_EEG.easy,98,100 200 300 400,1,187246,0,,258
spe30,20180719121252_spe30_retest_run5_EEG.easy,99,100 255 200 300 400 500,2,188983,189014,62,226
spe30,20180719121252_spe30_retest_run5_EEG.easy,100,100 200 300 400,1,190456,0,,258
mle01,20181112091842_mle01_pre_run1_EEG.easy,1,100 200 300 400,1,5056,0,,320
mle01,20181112091842_mle01_pre_run1_EEG.easy,2,100 200 300 400 500,2,7958,7982,48,264
mle01,20181112091842_mle01_pre_run1_EEG.easy,3,100 200 300 400,1,9272,0,,388
mle01,20181112091842_mle01_pre_run1_EEG.easy,4,100 200 300 400,1,11377,0,,324
mle01,20181112091842_mle01_pre_run1_EEG.easy,5,100 200 300 400 500,2,12541,12565,48,280
mle01,20181112091842_mle01_pre_run1_EEG.easy,6,100 200 300 400,1,14556,0,,344
mle01,20181112091842_mle01_pre_run1_EEG.easy,7,100 200 300 400,1,17524,0,,220
mle01,20181112091842_mle01_pre_run1_EEG.easy,8,100 200 300 400 500,2,18842,18874,64,334
mle01,20181112091842_mle01_pre_run1_EEG.easy,9,100 200 300 400,1,21949,0,,348
mle01,20181112091842_mle01_pre_run1_EEG.easy,10,100 200 300 400,1,24004,0,,308
mle01,20181112091842_mle01_pre_run1_EEG.easy,11,100 200 300 400,1,33990,0,,154
mle01,20181112091842_mle01_pre_run1_EEG.easy,12,100 200 300 400 500,2,36448,36484,72,302
mle01,20181112091842_mle01_pre_run1_EEG.easy,13,100 200 300 400 500,2,37738,37764,52,548
mle01,20181112091842_mle01_pre_run1_EEG.easy,14,100 200 300 400,1,39489,0,,314
mle01,20181112091842_mle01_pre_run1_EEG.easy,15,100 200 300 400,1,41012,0,,366
mle01,20181112091842_mle01_pre_run1_EEG.easy,16,100 200 300 400,1,43884,0,,420
mle01,20181112091842_mle01_pre_run1_EEG.easy,17,100 200 300 400 500,2,46905,46923,36,308
mle01,20181112091842_mle01_pre_run1_EEG.easy,18,100 200 300 400 500,2,48211,48232,42,372
mle01,20181112091842_mle01_pre_run1_EEG.easy,19,100 200 300 400,1,50453,0,,320
mle01,20181112091842_mle01_pre_run1_EEG.easy,20,100 200 300 400,1,51587,0,,394
mle01,20181112091842_mle01_pre_run1_EEG.easy,21,100 200 300 400,1,53749,0,,318
mle01,20181112091842_mle01_pre_run1_EEG.easy,22,100 200 300 400 500,2,55982,56023,82,338
mle01,20181112091842_mle01_pre_run1_EEG.easy,23,100 200 300 400,1,58893,0,,348
mle01,20181112091842_mle01_pre_run1_EEG.easy,24,100 200 300 400 500,2,60003,60029,52,368
mle01,20181112091842_mle01_pre_run1_EEG.easy,25,100 200 300 400 500,2,61920,62058,276,78
mle01,20181112091842_mle01_pre_run1_EEG.easy,26,100 200 300 400 500,2,64935,64968,66,304
mle01,20181112091842_mle01_pre_run1_EEG.easy,27,100 200 300 400,1,66097,0,,392
mle01,20181112091842_mle01_pre_run1_EEG.easy,28,100 200 300 400 500,2,67769,67793,48,308
mle01,20181112091842_mle01_pre_run1_EEG.easy,29,100 200 300 400,1,68831,0,,302
mle01,20181112091842_mle01_pre_run1_EEG.easy,30,100 200 300 400 500,2,70773,70821,96,356
mle01,20181112091842_mle01_pre_run1_EEG.easy,31,100 200 300 400 500,2,71804,71833,58,394
mle01,20181112091842_mle01_pre_run1_EEG.easy,32,100 200 300 400,1,73588,0,,278
mle01,20181112091842_mle01_pre_run1_EEG.easy,33,100 200 300 400,1,74722,0,,300
mle01,20181112091842_mle01_pre_run1_EEG.easy,34,100 200 300 400 500,2,75679,75723,88,378
mle01,20181112091842_mle01_pre_run1_EEG.easy,35,100 200 300 400 500,2,78129,78171,84,336
mle01,20181112091842_mle01_pre_run1_EEG.easy,36,100 200 300 400,1,79342,0,,336
mle01,20181112091842_mle01_pre_run1_EEG.easy,37,100 200 300 400 500,2,81602,81638,72,360
mle01,20181112091842_mle01_pre_run1_EEG.easy,38,100 200 300 400 500,2,87502,87547,90,352
mle01,20181112091842_mle01_pre_run1_EEG.easy,39,100 200 300 400,1,89721,0,,464
mle01,20181112091842_mle01_pre_run1_EEG.easy,40,100 200 300 400,1,90744,0,,368
mle01,20181112091842_mle01_pre_run1_EEG.easy,41,100 200 300 400,1,92683,0,,286
mle01,20181112091842_mle01_pre_run1_EEG.easy,42,100 200 300 400 500,2,96263,96293,60,536
mle01,20181112091842_mle01_pre_run1_EEG.easy,43,100 200 300 400 500,2,98602,98647,90,508
mle01,20181112091842_mle01_pre_run1_EEG.easy,44,100 200 300 400,1,99812,0,,724
mle01,20181112091842_mle01_pre_run1_EEG.easy,45,100 200 300 400,1,101695,0,,332
mle01,20181112091842_mle01_pre_run1_EEG.easy,46,100 200 300 400,1,102918,0,,344
mle01,20181112091842_mle01_pre_run1_EEG.easy,47,100 200 300 400 500,2,104638,104685,94,182
mle01,20181112091842_mle01_pre_run1_EEG.easy,48,100 200 300 400,1,106093,0,,400
mle01,20181112091842_mle01_pre_run1_EEG.easy,49,100 200 300 400,1,109012,0,,456
mle01,20181112091842_mle01_pre_run1_EEG.easy,50,100 200 300 400 500,2,110057,110098,82,484
mle01,20181112091842_mle01_pre_run1_EEG.easy,51,100 200 300 400,1,113551,0,,454
mle01,20181112091842_mle01_pre_run1_EEG.easy,52,100 200 300 400,1,114549,0,,462
mle01,20181112091842_mle01_pre_run1_EEG.easy,53,100 200 300 400,1,116522,0,,546
mle01,20181112091842_mle01_pre_run1_EEG.easy,54,100 200 300 400,1,117933,0,,748
mle01,20181112091842_mle01_pre_run1_EEG.easy,55,100 200 300 400,1,119212,0,,460
mle01,20181112091842_mle01_pre_run1_EEG.easy,56,100 200 300 400,1,121590,0,,344
mle01,20181112091842_mle01_pre_run1_EEG.easy,57,100 200 300 400,1,124968,0,,302
mle01,20181112091842_mle01_pre_run1_EEG.easy,58,100 200 300 400 500,2,126371,126418,94,318
mle01,20181112091842_mle01_pre_run1_EEG.easy,59,100 200 300 400 500,2,127642,127687,90,334
mle01,20181112091842_mle01_pre_run1_EEG.easy,60,100 200 300 400 500,2,130332,130375,86,422
mle01,20181112091842_mle01_pre_run1_EEG.easy,61,100 200 300 400 500,2,133493,133528,70,340
mle01,20181112091842_mle01_pre_run1_EEG.easy,62,100 200 300 400,1,134754,0,,316
mle01,20181112091842_mle01_pre_run1_EEG.easy,63,100 200 300 400,1,137195,0,,416
mle01,20181112091842_mle01_pre_run1_EEG.easy,64,100 200 300 400 500,2,138766,138798,64,308
mle01,20181112091842_mle01_pre_run1_EEG.easy,65,100 200 300 400,1,139781,0,,372
mle01,20181112091842_mle01_pre_run1_EEG.easy,66,100 200 300 400 500,2,142235,142269,68,322
mle01,20181112091842_mle01_pre_run1_EEG.easy,67,100 200 300 400,1,145701,0,,348
mle01,20181112091842_mle01_pre_run1_EEG.easy,68,100 200 300 400,1,146681,0,,504
mle01,20181112091842_mle01_pre_run1_EEG.easy,69,100 200 300 400,1,149316,0,,364
mle01,20181112091842_mle01_pre_run1_EEG.easy,70,100 200 300 400,1,151040,0,,418
mle01,20181112091842_mle01_pre_run1_EEG.easy,71,100 200 300 400,1,152599,0,,300
mle01,20181112091842_mle01_pre_run1_EEG.easy,72,100 200 300 400,1,155815,0,,310
mle01,20181112091842_mle01_pre_run1_EEG.easy,73,100 200 300 400 500,2,158164,158188,48,474
mle01,20181112091842_mle01_pre_run1_EEG.easy,74,100 200 300 400,1,161527,0,,316
mle01,20181112091842_mle01_pre_run1_EEG.easy,75,100 200 300 400,1,163271,0,,340
mle01,20181112091842_mle01_pre_run1_EEG.easy,76,100 200 300 400 500,2,164485,164515,60,410
mle01,20181112091842_mle01_pre_run1_EEG.easy,77,100 200 300 400,1,167243,0,,332
mle01,20181112091842_mle01_pre_run1_EEG.easy,78,100 200 300 400,1,170256,0,,320
mle01,20181112091842_mle01_pre_run1_EEG.easy,79,100 200 300 400,1,172282,0,,394
mle01,20181112091842_mle01_pre_run1_EEG.easy,80,100 200 300 400,1,174125,0,,310
mle01,20181112091842_mle01_pre_run1_EEG.easy,81,100 200 300 400,1,175724,0,,322
mle01,20181112091842_mle01_pre_run1_EEG.easy,82,100 200 300 400 500,2,177368,177391,46,310
mle01,20181112091842_mle01_pre_run1_EEG.easy,83,100 200 300 400 500,2,179886,179918,64,286
mle01,20181112091842_mle01_pre_run1_EEG.easy,84,100 200 300 400,1,181354,0,,606
mle01,20181112091842_mle01_pre_run1_EEG.easy,85,100 200 300 400,1,183158,0,,356
mle01,20181112091842_mle01_pre_run1_EEG.easy,86,100 200 300 400 500,2,184895,184921,52,344
mle01,20181112091842_mle01_pre_run1_EEG.easy,87,100 200 300 400,1,186161,0,,348
mle01,20181112091842_mle01_pre_run1_EEG.easy,88,100 200 300 400,1,190345,0,,384
mle01,20181112091842_mle01_pre_run1_EEG.easy,89,100 200 300 400,1,192214,0,,546
mle01,20181112091842_mle01_pre_run1_EEG.easy,90,100 200 300 400,1,194126,0,,328
mle01,20181112091842_mle01_pre_run1_EEG.easy,91,100 200 300 400,1,196119,0,,310
mle01,20181112091842_mle01_pre_run1_EEG.easy,92,100 200 300 400,1,197107,0,,332
mle01,20181112091842_mle01_pre_run1_EEG.easy,93,100 200 300 400,1,198821,0,,302
mle01,20181112091842_mle01_pre_run1_EEG.easy,94,100 200 300 400 500,2,200886,200927,82,304
mle01,20181112091842_mle01_pre_run1_EEG.easy,95,100 200 300 400,1,203869,0,,350
mle01,20181112091842_mle01_pre_run1_EEG.easy,96,100 200 300 400,1,207964,0,,432
mle01,20181112091842_mle01_pre_run1_EEG.easy,97,100 200 300 400,1,209896,0,,310
mle01,20181112091842_mle01_pre_run1_EEG.easy,98,100 200 300 400,1,210870,0,,454
mle01,20181112091842_mle01_pre_run1_EEG.easy,99,100 200 300 400,1,214295,0,,328
mle01,20181112091842_mle01_pre_run1_EEG.easy,100,100 200 300 400,1,216173,0,,412
mle01,20181112092632_mle01_pre_run2_EEG.easy,1,100 200 300 400 255,1,5080,0,,368
mle01,20181112092632_mle01_pre_run2_EEG.easy,2,100 200 300 400,1,6210,0,,342
mle01,20181112092632_mle01_pre_run2_EEG.easy,3,100 200 300 400,1,7645,0,,286
mle01,20181112092632_mle01_pre_run2_EEG.easy,4,100 200 300 400 500,2,9956,9998,84,294
mle01,20181112092632_mle01_pre_run2_EEG.easy,5,100 200 300 400,1,11043,0,,298
mle01,20181112092632_mle01_pre_run2_EEG.easy,6,100 200 300 400 500,2,12949,12995,92,382
mle01,20181112092632_mle01_pre_run2_EEG.easy,7,100 200 300 400 500,2,14580,14607,54,364
mle01,20181112092632_mle01_pre_run2_EEG.easy,8,100 200 300 400,1,16045,0,,570
mle01,20181112092632_mle01_pre_run2_EEG.easy,9,100 200 300 400 500,2,17968,18012,88,502
mle01,20181112092632_mle01_pre_run2_EEG.easy,10,100 200 300 400,1,19150,0,,458
mle01,20181112092632_mle01_pre_run2_EEG.easy,11,100 200 300 400,1,20757,0,,358
mle01,20181112092632_mle01_pre_run2_EEG.easy,12,100 200 300 400,1,22439,0,,442
mle01,20181112092632_mle01_pre_run2_EEG.easy,13,100 200 300 400,1,27049,0,,342
mle01,20181112092632_mle01_pre_run2_EEG.easy,14,100 200 300 400 500,2,29146,29172,52,448
mle01,20181112092632_mle01_pre_run2_EEG.easy,15,100 200 300 400,1,30227,0,,394
mle01,20181112092632_mle01_pre_run2_EEG.easy,16,100 200 300 400 500,2,32570,32602,64,344
mle01,20181112092632_mle01_pre_run2_EEG.easy,17,100 200 300 400,1,34720,0,,316
mle01,20181112092632_mle01_pre_run2_EEG.easy,18,100 200 300 400,1,36586,0,,414
mle01,20181112092632_mle01_pre_run2_EEG.easy,19,100 200 300 400 500,2,38760,38828,136,388
mle01,20181112092632_mle01_pre_run2_EEG.easy,20,100 200 300 400,1,40583,0,,300
mle01,20181112092632_mle01_pre_run2_EEG.easy,21,100 200 300 400,1,42246,0,,316
mle01,20181112092632_mle01_pre_run2_EEG.easy,22,100 200 300 400 500,2,44211,44252,82,400
mle01,20181112092632_mle01_pre_run2_EEG.easy,23,100 200 300 400 500,2,46453,46497,88,328
mle01,20181112092632_mle01_pre_run2_EEG.easy,24,100 200 300 400,1,47713,0,,376
mle01,20181112092632_mle01_pre_run2_EEG.easy,25,100 200 300 400,1,49073,0,,306
mle01,20181112092632_mle01_pre_run2_EEG.easy,26,100 200 300 400,1,51148,0,,398
mle01,20181112092632_mle01_pre_run2_EEG.easy,27,100 200 300 400 500,2,52238,52283,90,300
mle01,20181112092632_mle01_pre_run2_EEG.easy,28,100 200 300 400 500,2,53339,53389,100,420
mle01,20181112092632_mle01_pre_run2_EEG.easy,29,100 200 300 400,1,55191,0,,6
mle01,20181112092632_mle01_pre_run2_EEG.easy,30,100 200 300 400,1,57000,0,,276
mle01,20181112092632_mle01_pre_run2_EEG.easy,31,100 200 300 400 500,2,61130,61153,46,348
mle01,20181112092632_mle01_pre_run2_EEG.easy,32,100 200 300 400,1,62267,0,,320
mle01,20181112092632_mle01_pre_run2_EEG.easy,33,100 200 300 400,1,63816,0,,342
mle01,20181112092632_mle01_pre_run2_EEG.easy,34,100 200 300 400,1,66296,0,,350
mle01,20181112092632_mle01_pre_run2_EEG.easy,35,100 200 300 400,1,68040,0,,342
mle01,20181112092632_mle01_pre_run2_EEG.easy,36,100 200 300 400 500,2,69360,69402,84,320
mle01,20181112092632_mle01_pre_run2_EEG.easy,37,100 200 300 400,1,70720,0,,306
mle01,20181112092632_mle01_pre_run2_EEG.easy,38,100 200 300 400,1,72648,0,,310
mle01,20181112092632_mle01_pre_run2_EEG.easy,39,100 200 300 400,1,74452,0,,332
mle01,20181112092632_mle01_pre_run2_EEG.easy,40,100 200 300 400,1,76097,0,,296
mle01,20181112092632_mle01_pre_run2_EEG.easy,41,100 200 300 400,1,78087,0,,480
mle01,20181112092632_mle01_pre_run2_EEG.easy,43,100 200 300 400,1,81792,0,,344
mle01,20181112092632_mle01_pre_run2_EEG.easy,44,100 200 300 400,1,83709,0,,400
mle01,20181112092632_mle01_pre_run2_EEG.easy,45,100 200 300 400 500,2,85564,85584,40,288
mle01,20181112092632_mle01_pre_run2_EEG.easy,46,100 200 300 400 500,2,87556,87600,88,318
mle01,20181112092632_mle01_pre_run2_EEG.easy,47,100 200 300 400,1,89090,0,,318
mle01,20181112092632_mle01_pre_run2_EEG.easy,48,100 200 300 400,1,91878,0,,306
mle01,20181112092632_mle01_pre_run2_EEG.easy,49,100 200 300 400,1,93937,0,,294
mle01,20181112092632_mle01_pre_run2_EEG.easy,50,100 200 300 400 500,2,94849,94877,56,342
mle01,20181112092632_mle01_pre_run2_EEG.easy,51,100 200 300 400,1,96496,0,,46
mle01,20181112092632_mle01_pre_run2_EEG.easy,52,100 200 300 400 500,2,99189,99242,106,324
mle01,20181112092632_mle01_pre_run2_EEG.easy,53,100 200 300 400,1,100454,0,,286
mle01,20181112092632_mle01_pre_run2_EEG.easy,54,100 200 300 400 500,2,102820,102855,70,342
mle01,20181112092632_mle01_pre_run2_EEG.easy,55,100 200 300 400,1,104224,0,,262
mle01,20181112092632_mle01_pre_run2_EEG.easy,56,100 200 300 400,1,106652,0,,292
mle01,20181112092632_mle01_pre_run2_EEG.easy,57,100 200 300 400,1,109443,0,,290
mle01,20181112092632_mle01_pre_run2_EEG.easy,58,100 200 300 400,1,112531,0,,342
mle01,20181112092632_mle01_pre_run2_EEG.easy,59,100 200 300 400 500,2,115069,115094,50,266
mle01,20181112092632_mle01_pre_run2_EEG.easy,60,100 200 300 400 500,2,116099,116123,48,332
mle01,20181112092632_mle01_pre_run2_EEG.easy,61,100 200 300 400,1,117718,0,,234
mle01,20181112092632_mle01_pre_run2_EEG.easy,62,100 200 300 400 500,2,120722,120748,52,306
mle01,20181112092632_mle01_pre_run2_EEG.easy,63,100 200 300 400 500,2,123318,123338,40,378
mle01,20181112092632_mle01_pre_run2_EEG.easy,64,100 200 300 400 500,2,124639,124656,34,386
mle01,20181112092632_mle01_pre_run2_EEG.easy,65,100 255 200 300 400 500,2,126910,126939,58,336
mle01,20181112092632_mle01_pre_run2_EEG.easy,66,100 200 300 400 500,2,128847,128882,70,336
mle01,20181112092632_mle01_pre_run2_EEG.easy,67,100 200 300 400 500,2,130950,130986,72,336
mle01,20181112092632_mle01_pre_run2_EEG.easy,68,100 200 300 400,1,132024,0,,356
mle01,20181112092632_mle01_pre_run2_EEG.easy,69,100 200 300 400,1,134594,0,,336
mle01,20181112092632_mle01_pre_run2_EEG.easy,70,100 200 300 400,1,136538,0,,264
mle01,20181112092632_mle01_pre_run2_EEG.easy,71,100 200 300 400,1,138138,0,,320
mle01,20181112092632_mle01_pre_run2_EEG.easy,72,100 200 300 400,1,139125,0,,490
mle01,20181112092632_mle01_pre_run2_EEG.easy,73,100 200 300 400,1,140531,0,,272
mle01,20181112092632_mle01_pre_run2_EEG.easy,74,100 200 300 400,1,141607,0,,378
mle01,20181112092632_mle01_pre_run2_EEG.easy,75,100 200 300 400 500,2,143235,143277,84,306
mle01,20181112092632_mle01_pre_run2_EEG.easy,76,100 200 300 400,1,144478,0,,458
mle01,20181112092632_mle01_pre_run2_EEG.easy,77,100 200 300 400 500,2,146583,146613,60,274
mle01,20181112092632_mle01_pre_run2_EEG.easy,78,100 200 300 400,1,147517,0,,378
mle01,20181112092632_mle01_pre_run2_EEG.easy,79,100 200 300 400,1,149860,0,,26
mle01,20181112092632_mle01_pre_run2_EEG.easy,80,100 200 300 400,1,151733,0,,262
mle01,20181112092632_mle01_pre_run2_EEG.easy,81,100 200 300 400,1,152833,0,,340
mle01,20181112092632_mle01_pre_run2_EEG.easy,82,100 200 300 400,1,154478,0,,316
mle01,20181112092632_mle01_pre_run2_EEG.easy,83,100 200 300 400 500,2,157240,157278,76,738
mle01,20181112092632_mle01_pre_run2_EEG.easy,84,100 200 300 400,1,158367,0,,418
mle01,20181112092632_mle01_pre_run2_EEG.easy,85,100 200 300 400 500,2,161429,161470,82,364
mle01,20181112092632_mle01_pre_run2_EEG.easy,86,100 200 300 400,1,163248,0,,220
mle01,20181112092632_mle01_pre_run2_EEG.easy,87,100 200 300 400 500,2,164605,164661,112,544
mle01,20181112092632_mle01_pre_run2_EEG.easy,88,100 200 300 400,1,167633,0,,322
mle01,20181112092632_mle01_pre_run2_EEG.easy,89,100 200 300 400,1,168531,0,,320
mle01,20181112092632_mle01_pre_run2_EEG.easy,90,100 200 300 400,1,170531,0,,346
mle01,20181112092632_mle01_pre_run2_EEG.easy,91,100 200 300 400,1,172547,0,,370
mle01,20181112092632_mle01_pre_run2_EEG.easy,92,100 200 300 400 500,2,174767,174802,70,312
mle01,20181112092632_mle01_pre_run2_EEG.easy,93,100 200 300 400,1,177261,0,,308
mle01,20181112092632_mle01_pre_run2_EEG.easy,94,100 200 300 400,1,180019,0,,368
mle01,20181112092632_mle01_pre_run2_EEG.easy,95,100 200 300 400,1,181175,0,,300
mle01,20181112092632_mle01_pre_run2_EEG.easy,96,100 200 300 400 500,2,183787,183827,80,300
mle01,20181112092632_mle01_pre_run2_EEG.easy,97,100 200 300 400 500,2,186606,186640,68,360
mle01,20181112092632_mle01_pre_run2_EEG.easy,98,100 200 300 400,1,189514,0,,284
mle01,20181112092632_mle01_pre_run2_EEG.easy,99,100 200 300 400,1,191426,0,,310
mle01,20181112092632_mle01_pre_run2_EEG.easy,100,100 200 300 400,1,193532,0,,290
mle01,20181112093602_mle01_pre_run3_EEG.easy,1,100 200 300 400,1,4466,0,,366
mle01,20181112093602_mle01_pre_run3_EEG.easy,2,100 200 300 400,1,5376,0,,244
mle01,20181112093602_mle01_pre_run3_EEG.easy,3,100 255 255 255 255 255 255 255 255 255 255 255 255 255 255 255 255 255 255 255 255 255 255 255 255 255 255 255 255 255 255 255 255 255 255 255 255 255 255 255 255 255 255 255 255 255 255 255 255 255 255 255 255 255 255 255 255 255 255 255 255 255 255 255 255 255 255 255 255 200 255 255 255 255 255 255 300 400,1,7532,0,,280
mle01,20181112093602_mle01_pre_run3_EEG.easy,4,100 200 300 400 500,2,8784,8811,54,326
mle01,20181112093602_mle01_pre_run3_EEG.easy,5,100 200 300 400 500,2,10088,10115,54,288
mle01,20181112093602_mle01_pre_run3_EEG.easy,6,100 200 300 400,1,12989,0,,314
mle01,20181112093602_mle01_pre_run3_EEG.easy,7,100 200 300 400 500 255 255 255 255 255 255 255 255 255 255 255 255 255 255 255 255 255 255 255 255 255 255 255 255 255 255 255 255 255 255 255 255 255 255 255 255 255 255 255 255 255 255 255 255 255 255 255 255 255 255 255 255 255 255 255 255,2,14637,14667,60,364
mle01,20181112093602_mle01_pre_run3_EEG.easy,8,100 255 255 255 255 255 255 255 255 255 255 255 255 255 255 255 255 255 255 255 255 255 255 255 255 255 255 255 255 255 255 255 255 255 255 255 255 255 255 255 255 255 255 255 255 255 255 255 255 255 255 255 255 255 255 255 255 255 255 255 255 255 255 255 255 255 255 255 255 255 255 255 255 255 255 255 255 255 255 255 255 255 255 255 255 255 255 255 255 255 255 255 255 255 255 255 255 255 255 255 255 255 255 255 255 255 255 255 255 255 255 255 255 255 255 255 255 255 255 255 255 255 255 255 255 255 255 255 255 255 255 255 255 255 255 255 255 255 255 255 255 255 255 255 255 255 255 255 255 255 255 255 255 255 255 255 255 255 255 255 255 255 255 255 255 255 255 255 255 255 255 255 255 255 255 255 255 255 255 255 255 255 255 255 255 255 255 255 255 255 255 255 255 255 255 255 255 255 255 255 255 255 255 255 255 255 255 255 255 255 255 255 255 255 255 255 255 255 255 255 255 255 255 255 255 255 255 255 255 255 255 255 255 255 255 255 255 255 255 255 255 255 255 255 255 255 255 255 255 255 255 255 255 255 255 255 255 255 255 255 255 255 255 255 255 255 255 255 255 255 255 255 255 255 255 255 255 255 255 255 255 255 255 255 255 255 255 255 255 255 255 255 255 255 255 255 255 255 255 255 255 255 255 255 255 255 255 255 255 255 255 255 255 255 255 255 255 255 255 255 255 255 255 255 255 255 255 255 255 255 255 255 255 255 255 255 255 255 255 255 255 255 255 255 255 255 255 255 255 255 255 255 255 255 255 255 255 255 255 255 255 255 255 255 255 255 255 255 255 255 255 255 255 255 255 255 255 255 255 255 255 255 255 255 255 255 255 255 255 255 255 255 255 255 255 255 255 255 255 255 255 255 255 255 255 255 255 255 255 255 255 255 255 255 255 255 255 255 255 255 255 255 255 255 255 255 255 255 255 255 255 255 255 255 255 255 255 255 255 255 255 255 255 255 255 255 255 255 255 255 255 255 255 255 255 255 255 255 255 255 255 255 255 255 255 255 255 255 255 255 255 255 255 255 255 255 255 255 255 255 255 255 255 255 255 255 255 255 255 255 255 255 255 255 255 255 255 255 255 255 255 255 255 255 255 255 255 255 255 255 255 255 255 255 255 255 255 255 255 255 255 255 255 255 255 255 255 255 255 255 255 255 255 255 255 255 255 255 255 255 255 255 255 255 255 255 255 255 255 255 255 255 255 255 255 255 255 255 255 255 255 255 255 255 255 255 255 255 255 255 255 255 255 255 255 255 255 255 255 255 255 255 255 255 255 255 255 255 255 255 255 255 255 255 255 255 255 255 255 255 255 255 255 255 255 255 255 255 255 255 255 255 255 255 255 255 255 255 255 255 255 255 255 255 255 200 255 255 255 255 255 255 255 255 255 255 255 255 255 255 255 255 255 255 255 255 255 255 255 255 255 255 255 255 255 255 255 255 255 255 255 255 255 255 300 255 255 255 255 255 255 255 255 255 255 255 255 255 255 255 255 255 255 255 255 255 255 255 255 255 255 255 255 400,1,16499,0,,264
mle01,20181112093602_mle01_pre_run3_EEG.easy,9,100 255 255 255 255 255 255 255 255 255 255 255 255 255 255 255 255 255 255 255 255 255 255 255 255 255 255 255 255 255 255 255 255 255 255 255 255 255 255 255 255 255 255 255 255 255 255 255 255 255 255 255 255 255 255 255 255 255 255 255 255 255 255 255 255 255 255 255 255 255 255 255 255 255 255 255 255 255 255 255 255 255 255 255 255 255 255 255 255 255 255 255 255 255 255 255 255 255 255 255 255 255 255 255 255 255 255 255 255 255 255 255 255 255 255 255 255 255 255 255 255 255 255 255 255 255 255 255 255 255 255 255 255 255 255 255 255 255 255 255 255 255 255 255 255 255 255 255 255 255 255 255 255 255 255 255 255 255 255 255 255 255 255 255 255 255 255 255 255 255 255 255 255 255 255 255 255 255 255 255 255 255 255 255 255 255 255 200 255 255 255 255 255 255 255 255 255 255 255 255 255 255 255 255 255 255 255 255 255 255 255 255 255 255 255 255 255 255 255 255 255 255 255 255 255 255 255 255 255 255 255 255 255 255 255 255 255 255 255 255 255 255 255 255 255 255 255 255 255 255 255 255 255 255 255 255 255 255 255 255 255 255 255 255 255 255 255 255 255 255 255 255 255 255 255 255 255 255 255 255 255 255 255 255 255 255 255 255 255 255 255 255 255 255 255 255 255 255 255 255 255 255 255 255 255 255 255 255 255 255 255 255 255 255 255 255 255 255 255 255 255 255 255 255 255 255 255 255 255 255 255 255 255 255 255 255 255 255 255 255 255 255 255 255 255 255 255 255 300 255 255 255 255 255 255 255 255 255 255 255 255 255 255 255 255 255 255 255 255 255 255 255 255 255 255 255 255 400 255 255 255 255 255 255 255 255 255 255 255 255 255 255 255 255 255 255 255 255 255 255 255 255 255 255 255 255 255 255 255 255 255 255 255 255 255 255 255 255 255 255 255 255 255 255 255 255 255 255 255 255 255 255 255 255 255 255 255 255 255 255 255 255 255 255 255 255 255 255 255 255 255 255 255 255 255 255 255 255 255 255 255 255,1,18622,0,,276
mle01,20181112093602_mle01_pre_run3_EEG.easy,10,100 255 255 255 255 255 255 255 255 255 255 255 255 255 255 255 255 255 255 255 255 255 255 255 255 255 255 255 255 255 255 255 255 255 255 255 255 255 255 255 255 255 255 255 255 255 255 255 255 255 255 255 255 255 255 255 255 255 255 255 255 255 255 255 255 255 255 255 255 255 255 255 255 255 255 255 255 255 255 255 255 255 255 255 255 255 255 255 255 255 255 255 255 255 255 255 255 255 255 255 255 255 255 255 255 255 255 255 255 255 255 255 255 255 255 255 255 255 255 255 255 255 255 255 255 255 255 255 255 255 255 255 255 255 255 255 255 255 255 255 255 255 255 255 255 255 255 255 255 255 255 255 255 255 255 255 255 255 255 255 255 255 255 255 255 255 255 255 255 255 255 255 255 255 255 255 255 255 255 255 255 255 255 255 255 255 255 255 255 255 255 255 255 255 255 255 255 255 255 200 255 255 255 255 255 255 255 255 255 255 255 255 255 255 255 255 255 255 255 255 255 255 255 255 255 255 255 255 255 255 255 255 255 255 255 255 255 255 255 255 255 255 255 255 255 255 255 255 255 255 255 255 255 255 255 255 255 255 255 255 255 255 255 255 255 255 255 255 255 255 255 255 255 255 255 255 255 255 255 255 255 255 255 255 255 255 255 255 255 255 255 255 255 255 255 255 255 255 255 255 255 255 255 255 255 255 255 255 255 255 255 255 255 255 255 255 255 255 255 255 255 255 255 255 255 255 255 255 300 400 500,2,21051,21087,72,378
mle01,20181112093602_mle01_pre_run3_EEG.easy,11,100 200 300 400,1,22718,0,,354
mle01,20181112093602_mle01_pre_run3_EEG.easy,12,100 200 300 400,1,23627,0,,276
mle01,20181112093602_mle01_pre_run3_EEG.easy,13,100 200 300 400 500,2,25963,25999,72,296
mle01,20181112093602_mle01_pre_run3_EEG.easy,14,100 200 300 400,1,27462,0,,296
mle01,20181112093602_mle01_pre_run3_EEG.easy,15,100 200 300 400,1,29787,0,,292
mle01,20181112093602_mle01_pre_run3_EEG.easy,16,100 200 300 400,1,31332,0,,332
mle01,20181112093602_mle01_pre_run3_EEG.easy,17,100 200 300 400,1,34513,0,,380
mle01,20181112093602_mle01_pre_run3_EEG.easy,18,100 200 300 400,1,35379,0,,294
mle01,20181112093602_mle01_pre_run3_EEG.easy,19,100 200 300 400,1,36971,0,,372
mle01,20181112093602_mle01_pre_run3_EEG.easy,20,100 200 300 400 500,2,39788,39815,54,326
mle01,20181112093602_mle01_pre_run3_EEG.easy,21,100 200 300 400 500,2,42560,42593,66,414
mle01,20181112093602_mle01_pre_run3_EEG.easy,22,100 200 300 400 500,2,44130,44253,246,84
mle01,20181112093602_mle01_pre_run3_EEG.easy,23,100 200 300 400,1,45797,0,,296
mle01,20181112093602_mle01_pre_run3_EEG.easy,24,100 200 300 400 500,2,47551,47584,66,314
mle01,20181112093602_mle01_pre_run3_EEG.easy,25,100 200 300 400,1,49182,0,,794
mle01,20181112093602_mle01_pre_run3_EEG.easy,26,100 200 300 400,1,52032,0,,40
mle01,20181112093602_mle01_pre_run3_EEG.easy,27,100 200 300 400,1,53990,0,,310
mle01,20181112093602_mle01_pre_run3_EEG.easy,28,100 200 300 400,1,55997,0,,300
mle01,20181112093602_mle01_pre_run3_EEG.easy,29,100 200 300 400,1,56949,0,,448
mle01,20181112093602_mle01_pre_run3_EEG.easy,30,100 200 300 400,1,59210,0,,350
mle01,20181112093602_mle01_pre_run3_EEG.easy,31,100 200 300 400,1,64150,0,,378
mle01,20181112093602_mle01_pre_run3_EEG.easy,32,100 200 300 400 500,2,66744,66776,64,328
mle01,20181112093602_mle01_pre_run3_EEG.easy,33,100 200 300 400,1,69780,0,,326
mle01,20181112093602_mle01_pre_run3_EEG.easy,34,100 200 300 400,1,70725,0,,328
mle01,20181112093602_mle01_pre_run3_EEG.easy,35,100 200 300 400,1,72372,0,,302
mle01,20181112093602_mle01_pre_run3_EEG.easy,36,100 200 300 400,1,74695,0,,322
mle01,20181112093602_mle01_pre_run3_EEG.easy,37,100 200 300 400 500,2,75849,75882,66,302
mle01,20181112093602_mle01_pre_run3_EEG.easy,38,100 200 300 400 500,2,77403,77436,66,346
mle01,20181112093602_mle01_pre_run3_EEG.easy,39,100 200 300 400,1,81151,0,,342
mle01,20181112093602_mle01_pre_run3_EEG.easy,40,100 200 300 400 500,2,82121,82150,58,266
mle01,20181112093602_mle01_pre_run3_EEG.easy,41,100 200 300 400,1,85442,0,,324
mle01,20181112093602_mle01_pre_run3_EEG.easy,42,100 200 300 400,1,86280,0,,264
mle01,20181112093602_mle01_pre_run3_EEG.easy,43,100 200 300 400,1,89196,0,,340
mle01,20181112093602_mle01_pre_run3_EEG.easy,44,100 200 300 400,1,90356,0,,330
mle01,20181112093602_mle01_pre_run3_EEG.easy,45,100 200 300 400,1,92292,0,,356
mle01,20181112093602_mle01_pre_run3_EEG.easy,46,100 200 300 400 500,2,95139,95192,106,324
mle01,20181112093602_mle01_pre_run3_EEG.easy,47,100 200 300 400,1,96392,0,,338
mle01,20181112093602_mle01_pre_run3_EEG.easy,48,100 200 300 400 500,2,98492,98521,58,328
mle01,20181112093602_mle01_pre_run3_EEG.easy,49,100 200 300 400,1,101106,0,,294
mle01,20181112093602_mle01_pre_run3_EEG.easy,50,100 200 300 400,1,103208,0,,294
mle01,20181112093602_mle01_pre_run3_EEG.easy,51,100 200 300 400,1,104198,0,,342
mle01,20181112093602_mle01_pre_run3_EEG.easy,52,100 200 300 400 500,2,106316,106345,58,272
mle01,20181112093602_mle01_pre_run3_EEG.easy,53,100 200 300 400 500,2,107695,107726,62,316
mle01,20181112093602_mle01_pre_run3_EEG.easy,54,100 200 300 400,1,108688,0,,386
mle01,20181112093602_mle01_pre_run3_EEG.easy,55,100 200 300 400 500,2,110252,110335,166,114
mle01,20181112093602_mle01_pre_run3_EEG.easy,56,100 200 300 400,1,112853,0,,328
mle01,20181112093602_mle01_pre_run3_EEG.easy,57,100 200 300 400,1,113657,0,,298
mle01,20181112093602_mle01_pre_run3_EEG.easy,58,100 200 300 400 500,2,115609,115648,78,290
mle01,20181112093602_mle01_pre_run3_EEG.easy,59,100 200 300 400,1,116586,0,,312
mle01,20181112093602_mle01_pre_run3_EEG.easy,60,100 200 300 400 500,2,119037,119066,58,266
mle01,20181112093602_mle01_pre_run3_EEG.easy,61,100 200 300 400,1,121607,0,,334
mle01,20181112093602_mle01_pre_run3_EEG.easy,62,100 200 300 400 500,2,122435,122483,96,336
mle01,20181112093602_mle01_pre_run3_EEG.easy,63,100 200 300 400,1,125088,0,,322
mle01,20181112093602_mle01_pre_run3_EEG.easy,64,100 200 300 400,1,125915,0,,294
mle01,20181112093602_mle01_pre_run3_EEG.easy,65,100 200 300 400,1,128513,0,,114
mle01,20181112093602_mle01_pre_run3_EEG.easy,66,100 200 300 400 500,2,130345,130377,64,362
mle01,20181112093602_mle01_pre_run3_EEG.easy,67,100 200 300 400,1,133093,0,,296
mle01,20181112093602_mle01_pre_run3_EEG.easy,68,100 200 300 400,1,135879,0,,360
mle01,20181112093602_mle01_pre_run3_EEG.easy,69,100 200 300 400 500,2,138453,138482,58,694
mle01,20181112093602_mle01_pre_run3_EEG.easy,70,100 200 300 400 500,2,140971,141007,72,334
mle01,20181112093602_mle01_pre_run3_EEG.easy,71,100 200 300 400,1,143457,0,,358
mle01,20181112093602_mle01_pre_run3_EEG.easy,72,100 200 300 400,1,145116,0,,456
mle01,20181112093602_mle01_pre_run3_EEG.easy,73,100 200 300 400 500,2,147752,147780,56,286
mle01,20181112093602_mle01_pre_run3_EEG.easy,74,100 200 300 400 500,2,149862,149885,46,394
mle01,20181112093602_mle01_pre_run3_EEG.easy,75,100 200 300 400,1,152213,0,,338
mle01,20181112093602_mle01_pre_run3_EEG.easy,76,100 200 300 400 500,2,153303,153336,66,352
mle01,20181112093602_mle01_pre_run3_EEG.easy,77,100 200 300 400,1,154469,0,,276
mle01,20181112093602_mle01_pre_run3_EEG.easy,78,100 200 300 400,1,157438,0,,184
mle01,20181112093602_mle01_pre_run3_EEG.easy,79,100 200 300 400,1,160066,0,,328
mle01,20181112093602_mle01_pre_run3_EEG.easy,80,100 200 300 400,1,162978,0,,340
mle01,20181112093602_mle01_pre_run3_EEG.easy,81,100 200 300 400,1,163753,0,,264
mle01,20181112093602_mle01_pre_run3_EEG.easy,82,100 200 300 400 500,2,165954,165981,54,286
mle01,20181112093602_mle01_pre_run3_EEG.easy,83,100 200 300 400 500,2,167258,167303,90,348
mle01,20181112093602_mle01_pre_run3_EEG.easy,84,100 200 300 400 500,2,169619,169640,42,276
mle01,20181112093602_mle01_pre_run3_EEG.easy,85,100 200 300 400,1,172001,0,,348
mle01,20181112093602_mle01_pre_run3_EEG.easy,86,100 200 300 400,1,173081,0,,306
mle01,20181112093602_mle01_pre_run3_EEG.easy,87,100 200 300 400 500,2,176687,176717,60,332
mle01,20181112093602_mle01_pre_run3_EEG.easy,88,100 200 300 400,1,177811,0,,442
mle01,20181112093602_mle01_pre_run3_EEG.easy,89,100 200 300 400,1,180934,0,,442
mle01,20181112093602_mle01_pre_run3_EEG.easy,90,100 200 300 400,1,183323,0,,486
mle01,20181112093602_mle01_pre_run3_EEG.easy,91,100 200 300 400,1,185329,0,,322
mle01,20181112093602_mle01_pre_run3_EEG.easy,92,100 200 300 400,1,187628,0,,384
mle01,20181112093602_mle01_pre_run3_EEG.easy,93,100 200 300 400,1,190312,0,,552
mle01,20181112093602_mle01_pre_run3_EEG.easy,94,100 200 300 400 500,2,191432,191458,52,300
mle01,20181112093602_mle01_pre_run3_EEG.easy,95,100 200 300 400,1,193231,0,,306
mle01,20181112093602_mle01_pre_run3_EEG.easy,96,100 200 300 400,1,194110,0,,298
mle01,20181112093602_mle01_pre_run3_EEG.easy,97,100 200 300 400 500,2,197211,197238,54,360
mle01,20181112093602_mle01_pre_run3_EEG.easy,98,100 200 300 400,1,201448,0,,342
mle01,20181112093602_mle01_pre_run3_EEG.easy,99,100 200 300 400 500,2,203264,203291,54,324
mle01,20181112093602_mle01_pre_run3_EEG.easy,100,100 200 300 400,1,205065,0,,278
mle01,20181112094326_mle01_pre_run4_EEG.easy,1,100 200 300 400,1,3679,0,,364
mle01,20181112094326_mle01_pre_run4_EEG.easy,2,100 200 300 400,1,6883,0,,298
mle01,20181112094326_mle01_pre_run4_EEG.easy,3,100 200 300 400,1,9157,0,,246
mle01,20181112094326_mle01_pre_run4_EEG.easy,4,100 200 300 400 500,2,10789,10813,48,282
mle01,20181112094326_mle01_pre_run4_EEG.easy,5,100 200 300 400 500,2,12873,12904,62,328
mle01,20181112094326_mle01_pre_run4_EEG.easy,6,100 200 300 400 500,2,14872,14896,48,302
mle01,20181112094326_mle01_pre_run4_EEG.easy,7,100 200 300 400,1,17427,0,,334
mle01,20181112094326_mle01_pre_run4_EEG.easy,8,100 200 300 400 500,2,18928,18959,62,280
mle01,20181112094326_mle01_pre_run4_EEG.easy,9,100 200 300 400 500,2,20275,20313,76,322
mle01,20181112094326_mle01_pre_run4_EEG.easy,10,100 200 300 400 500,2,22444,22471,54,272
mle01,20181112094326_mle01_pre_run4_EEG.easy,11,100 200 300 400 500,2,26165,26189,48,418
mle01,20181112094326_mle01_pre_run4_EEG.easy,12,100 200 300 400,1,27253,0,,304
mle01,20181112094326_mle01_pre_run4_EEG.easy,13,100 200 300 400,1,29597,0,,322
mle01,20181112094326_mle01_pre_run4_EEG.easy,14,100 200 300 400,1,32584,0,,366
mle01,20181112094326_mle01_pre_run4_EEG.easy,15,100 200 300 400,1,34513,0,,300
mle01,20181112094326_mle01_pre_run4_EEG.easy,16,100 200 300 400,1,36867,0,,268
mle01,20181112094326_mle01_pre_run4_EEG.easy,17,100 200 300 400,1,39206,0,,322
mle01,20181112094326_mle01_pre_run4_EEG.easy,18,100 200 300 400,1,41787,0,,310
mle01,20181112094326_mle01_pre_run4_EEG.easy,19,100 200 300 400,1,44655,0,,330
mle01,20181112094326_mle01_pre_run4_EEG.easy,20,100 200 300 400,1,46653,0,,308
mle01,20181112094326_mle01_pre_run4_EEG.easy,21,100 200 300 400,1,48156,0,,282
mle01,20181112094326_mle01_pre_run4_EEG.easy,22,100 200 300 400 500,2,49857,49890,66,292
mle01,20181112094326_mle01_pre_run4_EEG.easy,23,100 200 300 400 500,2,51520,51570,100,324
mle01,20181112094326_mle01_pre_run4_EEG.easy,24,100 200 300 400,1,54566,0,,362
mle01,20181112094326_mle01_pre_run4_EEG.easy,25,100 200 300 400,1,55426,0,,278
mle01,20181112094326_mle01_pre_run4_EEG.easy,26,100 200 300 400 500,2,57461,57494,66,274
mle01,20181112094326_mle01_pre_run4_EEG.easy,27,100 200 300 400,1,60220,0,,358
mle01,20181112094326_mle01_pre_run4_EEG.easy,28,100 200 300 400,1,61679,0,,298
mle01,20181112094326_mle01_pre_run4_EEG.easy,29,100 200 300 400,1,64425,0,,362
mle01,20181112094326_mle01_pre_run4_EEG.easy,30,100 200 300 400,1,66824,0,,566
mle01,20181112094326_mle01_pre_run4_EEG.easy,31,100 200 300 400 500,2,68671,68700,58,288
mle01,20181112094326_mle01_pre_run4_EEG.easy,32,100 200 300 400 500,2,70356,70389,66,296
mle01,20181112094326_mle01_pre_run4_EEG.easy,33,100 200 300 400,1,72679,0,,320
mle01,20181112094326_mle01_pre_run4_EEG.easy,34,100 200 300 400,1,74285,0,,320
mle01,20181112094326_mle01_pre_run4_EEG.easy,35,100 200 300 400,1,76309,0,,278
mle01,20181112094326_mle01_pre_run4_EEG.easy,36,100 200 300 400,1,78429,0,,276
mle01,20181112094326_mle01_pre_run4_EEG.easy,37,100 200 300 400,1,79347,0,,344
mle01,20181112094326_mle01_pre_run4_EEG.easy,38,100 200 300 400,1,81001,0,,374
mle01,20181112094326_mle01_pre_run4_EEG.easy,39,100 200 300 400,1,81800,0,,304
mle01,20181112094326_mle01_pre_run4_EEG.easy,40,100 200 300 400 500,2,83112,83288,352,92
mle01,20181112094326_mle01_pre_run4_EEG.easy,41,100 200 300 400 500,2,86064,86096,64,286
mle01,20181112094326_mle01_pre_run4_EEG.easy,42,100 200 300 400,1,87882,0,,238
mle01,20181112094326_mle01_pre_run4_EEG.easy,43,100 200 300 400,1,89322,0,,280
mle01,20181112094326_mle01_pre_run4_EEG.easy,44,100 200 300 400,1,91856,0,,318
mle01,20181112094326_mle01_pre_run4_EEG.easy,45,100 200 300 400,1,94037,0,,336
mle01,20181112094326_mle01_pre_run4_EEG.easy,46,100 200 300 400,1,96494,0,,322
mle01,20181112094326_mle01_pre_run4_EEG.easy,47,100 200 300 400 500,2,98312,98368,112,354
mle01,20181112094326_mle01_pre_run4_EEG.easy,48,100 200 300 400,1,100230,0,,300
mle01,20181112094326_mle01_pre_run4_EEG.easy,49,100 200 300 400,1,103341,0,,390
mle01,20181112094326_mle01_pre_run4_EEG.easy,50,100 200 300 400,1,104269,0,,444
mle01,20181112094326_mle01_pre_run4_EEG.easy,51,100 200 300 400 500,2,106225,106251,52,596
mle01,20181112094326_mle01_pre_run4_EEG.easy,52,100 200 300 400 500,2,108620,108654,68,326
mle01,20181112094326_mle01_pre_run4_EEG.easy,53,100 200 300 400 500,2,112378,112413,70,408
mle01,20181112094326_mle01_pre_run4_EEG.easy,54,100 200 300 400,1,115542,0,,434
mle01,20181112094326_mle01_pre_run4_EEG.easy,55,100 200 300 400,1,116704,0,,304
mle01,20181112094326_mle01_pre_run4_EEG.easy,56,100 200 300 400 500,2,118468,118497,58,322
mle01,20181112094326_mle01_pre_run4_EEG.easy,57,100 200 300 400 500,2,119350,119378,56,260
mle01,20181112094326_mle01_pre_run4_EEG.easy,58,100 200 300 400,1,123934,0,,626
mle01,20181112094326_mle01_pre_run4_EEG.easy,59,100 200 300 400,1,124787,0,,326
mle01,20181112094326_mle01_pre_run4_EEG.easy,60,100 200 300 400,1,127546,0,,300
mle01,20181112094326_mle01_pre_run4_EEG.easy,61,100 200 300 400,1,129486,0,,380
mle01,20181112094326_mle01_pre_run4_EEG.easy,62,100 200 300 400,1,130583,0,,324
mle01,20181112094326_mle01_pre_run4_EEG.easy,63,100 200 300 400 500,2,134860,134883,46,330
mle01,20181112094326_mle01_pre_run4_EEG.easy,64,100 200 300 400,1,136699,0,,438
mle01,20181112094326_mle01_pre_run4_EEG.easy,65,100 200 300 400 500,2,141063,141104,82,296
mle01,20181112094326_mle01_pre_run4_EEG.easy,66,100 200 300 400,1,143546,0,,386
mle01,20181112094326_mle01_pre_run4_EEG.easy,67,100 200 300 400,1,144369,0,,308
mle01,20181112094326_mle01_pre_run4_EEG.easy,68,100 200 300 400 500,2,146619,146654,70,340
mle01,20181112094326_mle01_pre_run4_EEG.easy,69,100 200 300 400 500,2,147592,147619,54,372
mle01,20181112094326_mle01_pre_run4_EEG.easy,70,100 200 300 400,1,149211,0,,296
mle01,20181112094326_mle01_pre_run4_EEG.easy,71,100 200 300 400 500,2,152815,152830,30,432
mle01,20181112094326_mle01_pre_run4_EEG.easy,72,100 200 300 400,1,155368,0,,380
mle01,20181112094326_mle01_pre_run4_EEG.easy,73,100 200 300 400,1,156494,0,,392
mle01,20181112094326_mle01_pre_run4_EEG.easy,74,100 200 300 400,1,158596,0,,400
mle01,20181112094326_mle01_pre_run4_EEG.easy,75,100 200 300 400,1,160398,0,,558
mle01,20181112094326_mle01_pre_run4_EEG.easy,76,100 200 300 400,1,162216,0,,444
mle01,20181112094326_mle01_pre_run4_EEG.easy,77,100 200 300 400,1,163128,0,,426
mle01,20181112094326_mle01_pre_run4_EEG.easy,78,100 200 300 400,1,164723,0,,302
mle01,20181112094326_mle01_pre_run4_EEG.easy,79,100 200 300 400,1,166229,0,,152
mle01,20181112094326_mle01_pre_run4_EEG.easy,80,100 200 300 400 500,2,167732,167764,64,324
mle01,20181112094326_mle01_pre_run4_EEG.easy,81,100 200 300 400 500,2,169956,170021,130,344
mle01,20181112094326_mle01_pre_run4_EEG.easy,82,100 200 300 400,1,172291,0,,338
mle01,20181112094326_mle01_pre_run4_EEG.easy,83,100 200 300 400,1,173424,0,,284
mle01,20181112094326_mle01_pre_run4_EEG.easy,84,100 200 300 400 500,2,175312,175345,66,386
mle01,20181112094326_mle01_pre_run4_EEG.easy,85,100 200 300 400,1,176368,0,,340
mle01,20181112094326_mle01_pre_run4_EEG.easy,86,100 200 300 400,1,178676,0,,388
mle01,20181112094326_mle01_pre_run4_EEG.easy,87,100 200 300 400 500,2,180536,180568,64,302
mle01,20181112094326_mle01_pre_run4_EEG.easy,88,100 200 300 400 500,2,183156,183194,76,310
mle01,20181112094326_mle01_pre_run4_EEG.easy,89,100 200 300 400 500,2,188394,188432,76,372
mle01,20181112094326_mle01_pre_run4_EEG.easy,90,100 200 300 400 500,2,190477,190509,64,368
mle01,20181112094326_mle01_pre_run4_EEG.easy,91,100 200 300 400,1,191431,0,,332
mle01,20181112094326_mle01_pre_run4_EEG.easy,92,100 200 300 400 500,2,194804,194834,60,376
mle01,20181112094326_mle01_pre_run4_EEG.easy,93,100 200 300 400,1,196554,0,,300
mle01,20181112094326_mle01_pre_run4_EEG.easy,94,100 200 300 400 500,2,199139,199183,88,394
mle01,20181112094326_mle01_pre_run4_EEG.easy,95,100 200 300 400,1,201233,0,,432
mle01,20181112094326_mle01_pre_run4_EEG.easy,96,100 200 300 400,1,204350,0,,670
mle01,20181112094326_mle01_pre_run4_EEG.easy,97,100 200 300 400,1,205267,0,,318
mle01,20181112094326_mle01_pre_run4_EEG.easy,98,100 200 300 400,1,207406,0,,290
mle01,20181112094326_mle01_pre_run4_EEG.easy,99,100 200 300 400,1,209128,0,,350
mle01,20181112094326_mle01_pre_run4_EEG.easy,100,100 200 300 400,1,210771,0,,402
mle01,20181112095047_mle01_pre_run5_EEG.easy,1,100 200 300 400,1,5336,0,,348
mle01,20181112095047_mle01_pre_run5_EEG.easy,2,100 200 300 400,1,7652,0,,354
mle01,20181112095047_mle01_pre_run5_EEG.easy,3,100 200 300 400 500,2,9521,9548,54,296
mle01,20181112095047_mle01_pre_run5_EEG.easy,4,100 200 300 400,1,12189,0,,340
mle01,20181112095047_mle01_pre_run5_EEG.easy,5,100 200 300 400,1,14351,0,,324
mle01,20181112095047_mle01_pre_run5_EEG.easy,6,100 200 300 400,1,15751,0,,290
mle01,20181112095047_mle01_pre_run5_EEG.easy,7,100 200 300 400,1,17256,0,,290
mle01,20181112095047_mle01_pre_run5_EEG.easy,8,100 200 300 400,1,20206,0,,456
mle01,20181112095047_mle01_pre_run5_EEG.easy,9,100 200 300 400,1,21771,0,,290
mle01,20181112095047_mle01_pre_run5_EEG.easy,10,100 200 300 400,1,23368,0,,302
mle01,20181112095047_mle01_pre_run5_EEG.easy,11,100 200 300 400 500,2,25315,25350,70,306
mle01,20181112095047_mle01_pre_run5_EEG.easy,12,100 200 300 400,1,26917,0,,310
mle01,20181112095047_mle01_pre_run5_EEG.easy,13,100 200 300 400,1,29747,0,,400
mle01,20181112095047_mle01_pre_run5_EEG.easy,14,100 200 300 400 500,2,31690,31725,70,340
mle01,20181112095047_mle01_pre_run5_EEG.easy,15,100 200 300 400,1,36819,0,,346
mle01,20181112095047_mle01_pre_run5_EEG.easy,16,100 200 300 400 500,2,39476,39514,76,278
mle01,20181112095047_mle01_pre_run5_EEG.easy,17,100 200 300 400,1,41414,0,,310
mle01,20181112095047_mle01_pre_run5_EEG.easy,18,100 200 300 400,1,42892,0,,318
mle01,20181112095047_mle01_pre_run5_EEG.easy,19,100 200 300 400,1,47240,0,,376
mle01,20181112095047_mle01_pre_run5_EEG.easy,20,100 200 300 400 500,2,49754,49781,54,314
mle01,20181112095047_mle01_pre_run5_EEG.easy,21,100 200 300 400,1,51601,0,,280
mle01,20181112095047_mle01_pre_run5_EEG.easy,22,100 200 300 400,1,53468,0,,494
mle01,20181112095047_mle01_pre_run5_EEG.easy,23,100 200 300 400,1,55381,0,,358
mle01,20181112095047_mle01_pre_run5_EEG.easy,24,100 200 300 400,1,57506,0,,330
mle01,20181112095047_mle01_pre_run5_EEG.easy,25,100 200 300 400,1,59212,0,,346
mle01,20181112095047_mle01_pre_run5_EEG.easy,26,100 200 300 400,1,60789,0,,348
mle01,20181112095047_mle01_pre_run5_EEG.easy,27,100 200 300 400,1,62233,0,,334
mle01,20181112095047_mle01_pre_run5_EEG.easy,28,100 200 300 400 500,2,63331,63367,72,308
mle01,20181112095047_mle01_pre_run5_EEG.easy,29,100 200 300 400,1,64878,0,,300
mle01,20181112095047_mle01_pre_run5_EEG.easy,30,100 200 300 400 500,2,66947,66974,54,356
mle01,20181112095047_mle01_pre_run5_EEG.easy,31,100 200 300 400,1,68690,0,,368
mle01,20181112095047_mle01_pre_run5_EEG.easy,32,100 200 300 400,1,70818,0,,320
mle01,20181112095047_mle01_pre_run5_EEG.easy,33,100 200 300 400,1,72073,0,,394
mle01,20181112095047_mle01_pre_run5_EEG.easy,34,100 200 300 400,1,73873,0,,324
mle01,20181112095047_mle01_pre_run5_EEG.easy,35,100 200 300 400 500,2,74712,74748,72,334
mle01,20181112095047_mle01_pre_run5_EEG.easy,36,100 200 300 400 500,2,79318,79357,78,440
mle01,20181112095047_mle01_pre_run5_EEG.easy,37,100 200 300 400,1,81722,0,,266
mle01,20181112095047_mle01_pre_run5_EEG.easy,38,100 200 300 400 500,2,83793,83820,54,338
mle01,20181112095047_mle01_pre_run5_EEG.easy,39,100 200 300 400 500,2,84751,84778,54,308
mle01,20181112095047_mle01_pre_run5_EEG.easy,40,100 200 300 400 500,2,87514,87546,64,336
mle01,20181112095047_mle01_pre_run5_EEG.easy,41,100 200 300 400,1,90362,0,,656
mle01,20181112095047_mle01_pre_run5_EEG.easy,42,100 200 300 400 500,2,92143,92170,54,346
mle01,20181112095047_mle01_pre_run5_EEG.easy,43,100 200 300 400,1,93151,0,,230
mle01,20181112095047_mle01_pre_run5_EEG.easy,44,100 200 300 400 500,2,96094,96121,54,302
mle01,20181112095047_mle01_pre_run5_EEG.easy,45,100 200 300 400,1,99632,0,,458
mle01,20181112095047_mle01_pre_run5_EEG.easy,46,100 200 300 400,1,103365,0,,432
mle01,20181112095047_mle01_pre_run5_EEG.easy,47,100 200 300 400 500,2,105361,105382,42,358
mle01,20181112095047_mle01_pre_run5_EEG.easy,48,100 200 300 400,1,108459,0,,314
mle01,20181112095047_mle01_pre_run5_EEG.easy,49,100 200 300 400 500,2,109883,109906,46,216
mle01,20181112095047_mle01_pre_run5_EEG.easy,50,100 200 300 400,1,110727,0,,260
mle01,20181112095047_mle01_pre_run5_EEG.easy,51,100 200 300 400,1,114985,0,,498
mle01,20181112095047_mle01_pre_run5_EEG.easy,52,100 200 300 400 500,2,117464,117482,36,332
mle01,20181112095047_mle01_pre_run5_EEG.easy,53,100 200 300 400,1,118579,0,,276
mle01,20181112095047_mle01_pre_run5_EEG.easy,54,100 200 300 400 500,2,121046,121081,70,340
mle01,20181112095047_mle01_pre_run5_EEG.easy,55,100 200 300 400,1,122188,0,,282
mle01,20181112095047_mle01_pre_run5_EEG.easy,56,100 200 300 400,1,123896,0,,286
mle01,20181112095047_mle01_pre_run5_EEG.easy,57,100 200 300 400,1,125627,0,,386
mle01,20181112095047_mle01_pre_run5_EEG.easy,58,100 200 300 400,1,128106,0,,372
mle01,20181112095047_mle01_pre_run5_EEG.easy,59,100 200 300 400,1,130055,0,,328
mle01,20181112095047_mle01_pre_run5_EEG.easy,60,100 200 300 400,1,132074,0,,390
mle01,20181112095047_mle01_pre_run5_EEG.easy,61,100 200 300 400 500,2,132934,132951,34,350
mle01,20181112095047_mle01_pre_run5_EEG.easy,62,100 200 300 400 500,2,135832,135868,72,400
mle01,20181112095047_mle01_pre_run5_EEG.easy,63,100 200 300 400,1,138008,0,,400
mle01,20181112095047_mle01_pre_run5_EEG.easy,64,100 200 300 400,1,140620,0,,382
mle01,20181112095047_mle01_pre_run5_EEG.easy,65,100 200 300 400,1,142827,0,,322
mle01,20181112095047_mle01_pre_run5_EEG.easy,66,100 200 300 400 500,2,144083,144110,54,320
mle01,20181112095047_mle01_pre_run5_EEG.easy,67,100 200 300 400,1,146734,0,,356
mle01,20181112095047_mle01_pre_run5_EEG.easy,68,100 200 300 400 500,2,149506,149533,54,526
mle01,20181112095047_mle01_pre_run5_EEG.easy,69,100 200 300 400 500,2,151353,151388,70,302
mle01,20181112095047_mle01_pre_run5_EEG.easy,70,100 200 300 400,1,154612,0,,350
mle01,20181112095047_mle01_pre_run5_EEG.easy,71,100 200 300 400 500,2,155451,155472,42,246
mle01,20181112095047_mle01_pre_run5_EEG.easy,72,100 200 300 400 500,2,158939,158971,64,426
mle01,20181112095047_mle01_pre_run5_EEG.easy,73,100 200 300 400,1,160831,0,,324
mle01,20181112095047_mle01_pre_run5_EEG.easy,74,100 200 300 400,1,162472,0,,292
mle01,20181112095047_mle01_pre_run5_EEG.easy,75,100 200 300 400 500,2,164711,164743,64,294
mle01,20181112095047_mle01_pre_run5_EEG.easy,76,100 200 300 400,1,166268,0,,328
mle01,20181112095047_mle01_pre_run5_EEG.easy,77,100 200 300 400,1,168290,0,,336
mle01,20181112095047_mle01_pre_run5_EEG.easy,78,100 200 300 400 500,2,169402,169431,58,298
mle01,20181112095047_mle01_pre_run5_EEG.easy,79,100 200 300 400 500,2,171446,171484,76,352
mle01,20181112095047_mle01_pre_run5_EEG.easy,80,100 200 300 400,1,173730,0,,304
mle01,20181112095047_mle01_pre_run5_EEG.easy,81,100 200 300 400,1,175417,0,,290
mle01,20181112095047_mle01_pre_run5_EEG.easy,82,100 200 300 400,1,177742,0,,416
mle01,20181112095047_mle01_pre_run5_EEG.easy,83,100 200 300 400 500,2,179483,179513,60,286
mle01,20181112095047_mle01_pre_run5_EEG.easy,84,100 200 300 400,1,181656,0,,302
mle01,20181112095047_mle01_pre_run5_EEG.easy,85,100 200 300 400,1,183129,0,,342
mle01,20181112095047_mle01_pre_run5_EEG.easy,86,100 200 300 400,1,185297,0,,548
mle01,20181112095047_mle01_pre_run5_EEG.easy,87,100 200 300 400,1,186734,0,,286
mle01,20181112095047_mle01_pre_run5_EEG.easy,88,100 200 300 400 500,2,189636,189669,66,348
mle01,20181112095047_mle01_pre_run5_EEG.easy,89,100 200 300 400,1,193273,0,,378
mle01,20181112095047_mle01_pre_run5_EEG.easy,90,100 200 300 400,1,195110,0,,276
mle01,20181112095047_mle01_pre_run5_EEG.easy,91,100 200 300 400 500,2,197151,197174,46,282
mle01,20181112095047_mle01_pre_run5_EEG.easy,92,100 200 300 400,1,198966,0,,370
mle01,20181112095047_mle01_pre_run5_EEG.easy,93,100 200 300 400,1,201705,0,,456
mle01,20181112095047_mle01_pre_run5_EEG.easy,94,100 200 300 400,1,205700,0,,312
mle01,20181112095047_mle01_pre_run5_EEG.easy,95,100 200 300 400 500,2,206875,206919,88,366
mle01,20181112095047_mle01_pre_run5_EEG.easy,96,100 200 300 400 500,2,208887,208934,94,424
mle01,20181112095047_mle01_pre_run5_EEG.easy,97,100 200 300 400 500,2,211060,211087,54,304
mle01,20181112095047_mle01_pre_run5_EEG.easy,98,100 200 300 400,1,212156,0,,322
mle01,20181112095047_mle01_pre_run5_EEG.easy,99,100 200 300 400,1,214048,0,,288
mle01,20181112095047_mle01_pre_run5_EEG.easy,100,100 200 300 400,1,216695,0,,386
mle01,20181112103246_mle01_post_run1_EEG.easy,1,100 200 300 400,1,5894,0,,608
mle01,20181112103246_mle01_post_run1_EEG.easy,2,100 200 300 400,1,9881,0,,382
mle01,20181112103246_mle01_post_run1_EEG.easy,3,100 200 300 400,1,13121,0,,344
mle01,20181112103246_mle01_post_run1_EEG.easy,4,100 200 300 400,1,17815,0,,340
mle01,20181112103246_mle01_post_run1_EEG.easy,5,100 200 300 400 500,2,19653,19689,72,368
mle01,20181112103246_mle01_post_run1_EEG.easy,6,100 200 300 400,1,21707,0,,376
mle01,20181112103246_mle01_post_run1_EEG.easy,7,100 200 300 400 500,2,23836,23884,96,364
mle01,20181112103246_mle01_post_run1_EEG.easy,8,100 200 300 400,1,26737,0,,292
mle01,20181112103246_mle01_post_run1_EEG.easy,9,100 200 300 400 500,2,29720,29786,132,360
mle01,20181112103246_mle01_post_run1_EEG.easy,10,100 200 300 400,1,33359,0,,320
mle01,20181112103246_mle01_post_run1_EEG.easy,11,100 200 300 400 500,2,35241,35292,102,352
mle01,20181112103246_mle01_post_run1_EEG.easy,12,100 200 300 400,1,36972,0,,398
mle01,20181112103246_mle01_post_run1_EEG.easy,13,100 200 300 400,1,38888,0,,846
mle01,20181112103246_mle01_post_run1_EEG.easy,14,100 200 300 400 500,2,41089,41152,126,346
mle01,20181112103246_mle01_post_run1_EEG.easy,15,100 200 300 400 500,2,43904,43956,104,348
mle01,20181112103246_mle01_post_run1_EEG.easy,16,100 200 300 400,1,47495,0,,374
mle01,20181112103246_mle01_post_run1_EEG.easy,17,100 200 300 400 500,2,49244,49289,90,404
mle01,20181112103246_mle01_post_run1_EEG.easy,18,100 200 300 400,1,52218,0,,374
mle01,20181112103246_mle01_post_run1_EEG.easy,19,100 200 300 400,1,54950,0,,318
mle01,20181112103246_mle01_post_run1_EEG.easy,20,100 200 300 400,1,57840,0,,330
mle01,20181112103246_mle01_post_run1_EEG.easy,21,100 200 255 300 400,1,61124,0,,348
mle01,20181112103246_mle01_post_run1_EEG.easy,22,100 200 300 400,1,62618,0,,318
mle01,20181112103246_mle01_post_run1_EEG.easy,23,100 200 300 400 500,2,67337,67369,64,428
mle01,20181112103246_mle01_post_run1_EEG.easy,24,100 200 300 400 500,2,69458,69491,66,380
mle01,20181112103246_mle01_post_run1_EEG.easy,25,100 200 300 400,1,71634,0,,546
mle01,20181112103246_mle01_post_run1_EEG.easy,26,100 200 300 400,1,75188,0,,320
mle01,20181112103246_mle01_post_run1_EEG.easy,27,100 200 300 400,1,77230,0,,308
mle01,20181112103246_mle01_post_run1_EEG.easy,28,100 200 300 400,1,80184,0,,270
mle01,20181112103246_mle01_post_run1_EEG.easy,29,100 200 300 400,1,82192,0,,282
mle01,20181112103246_mle01_post_run1_EEG.easy,30,100 200 300 400 500,2,83946,83978,64,298
mle01,20181112103246_mle01_post_run1_EEG.easy,31,100 200 300 400,1,86025,0,,270
mle01,20181112103246_mle01_post_run1_EEG.easy,32,100 200 300 400,1,88587,0,,302
mle01,20181112103246_mle01_post_run1_EEG.easy,33,100 200 300 400 500,2,91845,91880,70,364
mle01,20181112103246_mle01_post_run1_EEG.easy,34,100 200 300 400,1,93756,0,,262
mle01,20181112103246_mle01_post_run1_EEG.easy,35,100 200 300 400,1,97297,0,,288
mle01,20181112103246_mle01_post_run1_EEG.easy,36,100 200 300 400,1,99604,0,,338
mle01,20181112103246_mle01_post_run1_EEG.easy,37,100 200 300 400 500,2,104900,104936,72,312
mle01,20181112103246_mle01_post_run1_EEG.easy,38,100 200 300 400,1,107584,0,,306
mle01,20181112103246_mle01_post_run1_EEG.easy,39,100 200 300 400 500,2,110684,110717,66,272
mle01,20181112103246_mle01_post_run1_EEG.easy,40,100 200 300 400,1,115086,0,,336
mle01,20181112103246_mle01_post_run1_EEG.easy,41,100 200 300 400,1,116274,0,,290
mle01,20181112103246_mle01_post_run1_EEG.easy,42,100 200 300 400,1,118574,0,,272
mle01,20181112103246_mle01_post_run1_EEG.easy,43,100 200 300 400 500,2,120011,120041,60,286
mle01,20181112103246_mle01_post_run1_EEG.easy,44,100 200 300 400,1,122711,0,,290
mle01,20181112103246_mle01_post_run1_EEG.easy,45,100 200 300 400,1,124367,0,,258
mle01,20181112103246_mle01_post_run1_EEG.easy,46,100 200 300 400,1,126747,0,,356
mle01,20181112103246_mle01_post_run1_EEG.easy,47,100 200 300 400 500,2,128550,128579,58,336
mle01,20181112103246_mle01_post_run1_EEG.easy,48,100 200 300 400,1,130576,0,,46
mle01,20181112103246_mle01_post_run1_EEG.easy,49,100 200 300 400,1,133800,0,,446
mle01,20181112103246_mle01_post_run1_EEG.easy,50,100 200 300 400 500,2,135310,135332,44,282
mle01,20181112103246_mle01_post_run1_EEG.easy,51,100 200 300 400,1,137201,0,,332
mle01,20181112103246_mle01_post_run1_EEG.easy,52,100 200 300 400 500,2,138732,138761,58,272
mle01,20181112103246_mle01_post_run1_EEG.easy,53,100 200 300 400,1,141431,0,,268
mle01,20181112103246_mle01_post_run1_EEG.easy,54,100 200 300 400 500,2,143210,143239,58,310
mle01,20181112103246_mle01_post_run1_EEG.easy,55,100 200 300 400,1,146474,0,,320
mle01,20181112103246_mle01_post_run1_EEG.easy,56,100 200 300 400 500,2,148604,148638,68,376
mle01,20181112103246_mle01_post_run1_EEG.easy,57,100 200 300 400,1,150647,0,,322
mle01,20181112103246_mle01_post_run1_EEG.easy,58,100 200 300 400,1,152230,0,,302
mle01,20181112103246_mle01_post_run1_EEG.easy,59,100 200 300 400,1,154316,0,,122
mle01,20181112103246_mle01_post_run1_EEG.easy,60,100 200 300 400,1,156392,0,,318
mle01,20181112103246_mle01_post_run1_EEG.easy,61,100 200 300 400 500,2,157993,158025,64,232
mle01,20181112103246_mle01_post_run1_EEG.easy,62,100 200 300 400 500,2,160394,160424,60,324
mle01,20181112103246_mle01_post_run1_EEG.easy,63,100 200 300 400 500,2,162386,162422,72,292
mle01,20181112103246_mle01_post_run1_EEG.easy,64,100 200 300 400 500,2,164912,164954,84,306
mle01,20181112103246_mle01_post_run1_EEG.easy,65,100 200 300 400 500,2,166226,166268,84,266
mle01,20181112103246_mle01_post_run1_EEG.easy,66,100 200 300 400,1,168892,0,,388
mle01,20181112103246_mle01_post_run1_EEG.easy,67,100 200 300 400,1,171026,0,,364
mle01,20181112103246_mle01_post_run1_EEG.easy,68,100 200 300 400,1,173113,0,,342
mle01,20181112103246_mle01_post_run1_EEG.easy,69,100 200 300 400,1,174897,0,,274
mle01,20181112103246_mle01_post_run1_EEG.easy,70,100 200 300 400,1,177749,0,,288
mle01,20181112103246_mle01_post_run1_EEG.easy,71,100 200 300 400 500,2,179591,179615,48,278
mle01,20181112103246_mle01_post_run1_EEG.easy,72,100 200 300 400 500,2,181852,181891,78,288
mle01,20181112103246_mle01_post_run1_EEG.easy,73,100 200 300 400,1,184198,0,,292
mle01,20181112103246_mle01_post_run1_EEG.easy,74,100 200 300 400,1,185977,0,,314
mle01,20181112103246_mle01_post_run1_EEG.easy,75,100 200 300 400 500,2,188363,188400,74,54
mle01,20181112103246_mle01_post_run1_EEG.easy,76,100 200 300 400,1,189680,0,,298
mle01,20181112103246_mle01_post_run1_EEG.easy,77,100 200 300 400 500,2,192327,192356,58,298
mle01,20181112103246_mle01_post_run1_EEG.easy,78,100 200 300 400,1,194296,0,,314
mle01,20181112103246_mle01_post_run1_EEG.easy,79,100 200 300 400,1,196339,0,,274
mle01,20181112103246_mle01_post_run1_EEG.easy,80,100 200 300 400,1,198882,0,,320
mle01,20181112103246_mle01_post_run1_EEG.easy,81,100 200 300 400,1,201392,0,,276
mle01,20181112103246_mle01_post_run1_EEG.easy,82,100 200 300 400 500,2,203504,203536,64,312
mle01,20181112103246_mle01_post_run1_EEG.easy,83,100 200 300 400,1,204692,0,,266
mle01,20181112103246_mle01_post_run1_EEG.easy,84,100 200 300 400,1,207007,0,,292
mle01,20181112103246_mle01_post_run1_EEG.easy,85,100 200 300 400 500,2,207935,207981,92,312
mle01,20181112103246_mle01_post_run1_EEG.easy,86,100 200 300 400 500,2,209613,209654,82,302
mle01,20181112103246_mle01_post_run1_EEG.easy,87,100 200 300 400,1,210626,0,,298
mle01,20181112103246_mle01_post_run1_EEG.easy,88,100 200 300 400,1,212547,0,,290
mle01,20181112103246_mle01_post_run1_EEG.easy,89,100 200 300 400 500,2,215540,215685,290,88
mle01,20181112103246_mle01_post_run1_EEG.easy,90,100 200 300 400,1,217721,0,,292
mle01,20181112103246_mle01_post_run1_EEG.easy,91,100 200 300 400,1,221126,0,,338
mle01,20181112103246_mle01_post_run1_EEG.easy,92,100 200 300 400 500,2,223542,223578,72,286
mle01,20181112103246_mle01_post_run1_EEG.easy,93,100 200 300 400,1,225737,0,,292
mle01,20181112103246_mle01_post_run1_EEG.easy,94,100 200 300 400,1,227851,0,,302
mle01,20181112103246_mle01_post_run1_EEG.easy,95,100 200 300 400 500,2,229966,229999,66,334
mle01,20181112103246_mle01_post_run1_EEG.easy,96,100 200 300 400,1,231990,0,,344
mle01,20181112103246_mle01_post_run1_EEG.easy,97,100 200 300 400,1,234158,0,,286
mle01,20181112103246_mle01_post_run1_EEG.easy,98,100 200 300 400,1,236345,0,,294
mle01,20181112103246_mle01_post_run1_EEG.easy,99,100 200 300 400,1,238066,0,,326
mle01,20181112103246_mle01_post_run1_EEG.easy,100,100 200 300 400,1,241224,0,,346
mle01,20181112104125_mle01_post_run2_EEG.easy,1,100 200 300 400,1,4635,0,,346
mle01,20181112104125_mle01_post_run2_EEG.easy,2,100 200 300 400,1,6933,0,,272
mle01,20181112104125_mle01_post_run2_EEG.easy,3,100 200 300 400,1,8541,0,,184
mle01,20181112104125_mle01_post_run2_EEG.easy,4,100 200 300 400 500,2,10224,10262,76,282
mle01,20181112104125_mle01_post_run2_EEG.easy,5,100 200 300 400 500,2,12407,12446,78,294
mle01,20181112104125_mle01_post_run2_EEG.easy,6,100 200 300 400,1,14686,0,,298
mle01,20181112104125_mle01_post_run2_EEG.easy,7,100 200 300 400 500,2,15877,15910,66,314
mle01,20181112104125_mle01_post_run2_EEG.easy,8,100 200 300 400,1,17029,0,,300
mle01,20181112104125_mle01_post_run2_EEG.easy,9,100 200 300 400 500,2,18770,18880,220,340
mle01,20181112104125_mle01_post_run2_EEG.easy,10,100 200 300 400 500,2,21750,21800,100,332
mle01,20181112104125_mle01_post_run2_EEG.easy,11,100 200 300 400 500,2,24294,24352,116,312
mle01,20181112104125_mle01_post_run2_EEG.easy,12,100 200 300 400 500,2,26957,26993,72,338
mle01,20181112104125_mle01_post_run2_EEG.easy,13,100 200 300 400,1,29620,0,,350
mle01,20181112104125_mle01_post_run2_EEG.easy,14,100 200 300 400,1,31764,0,,304
mle01,20181112104125_mle01_post_run2_EEG.easy,15,100 200 300 400,1,33772,0,,312
mle01,20181112104125_mle01_post_run2_EEG.easy,16,100 200 300 400,1,37116,0,,310
mle01,20181112104125_mle01_post_run2_EEG.easy,17,100 200 300 400,1,38809,0,,552
mle01,20181112104125_mle01_post_run2_EEG.easy,18,100 200 300 400,1,40654,0,,346
mle01,20181112104125_mle01_post_run2_EEG.easy,19,100 200 300 400 500,2,42794,42835,82,392
mle01,20181112104125_mle01_post_run2_EEG.easy,20,100 200 300 400,1,45244,0,,354
mle01,20181112104125_mle01_post_run2_EEG.easy,21,100 200 300 400,1,47781,0,,320
mle01,20181112104125_mle01_post_run2_EEG.easy,22,100 200 300 400 500,2,50460,50502,84,338
mle01,20181112104125_mle01_post_run2_EEG.easy,23,100 200 300 400 500,2,52587,52639,104,324
mle01,20181112104125_mle01_post_run2_EEG.easy,24,100 200 300 400 500,2,54796,54883,174,394
mle01,20181112104125_mle01_post_run2_EEG.easy,25,100 200 300 400,1,57812,0,,766
mle01,20181112104125_mle01_post_run2_EEG.easy,26,100 200 300 400 500,2,59551,59611,120,326
mle01,20181112104125_mle01_post_run2_EEG.easy,27,100 200 300 400 500,2,61834,61872,76,316
mle01,20181112104125_mle01_post_run2_EEG.easy,28,100 200 300 400,1,63454,0,,304
mle01,20181112104125_mle01_post_run2_EEG.easy,29,100 200 300 400,1,65978,0,,342
mle01,20181112104125_mle01_post_run2_EEG.easy,30,100 200 300 400,1,68797,0,,312
mle01,20181112104125_mle01_post_run2_EEG.easy,31,100 200 300 400,1,70364,0,,398
mle01,20181112104125_mle01_post_run2_EEG.easy,32,100 200 300 400,1,72628,0,,342
mle01,20181112104125_mle01_post_run2_EEG.easy,33,100 200 300 400,1,74048,0,,310
mle01,20181112104125_mle01_post_run2_EEG.easy,34,100 200 300 400 500,2,75500,75535,70,274
mle01,20181112104125_mle01_post_run2_EEG.easy,35,100 200 300 400 500,2,77235,77307,144,338
mle01,20181112104125_mle01_post_run2_EEG.easy,36,100 200 300 400 500,2,79411,79468,114,324
mle01,20181112104125_mle01_post_run2_EEG.easy,37,100 200 300 400,1,81519,0,,276
mle01,20181112104125_mle01_post_run2_EEG.easy,38,100 200 300 400,1,83947,0,,376
mle01,20181112104125_mle01_post_run2_EEG.easy,39,100 200 300 400,1,85636,0,,314
mle01,20181112104125_mle01_post_run2_EEG.easy,40,100 200 300 400 500,2,89064,89112,96,340
mle01,20181112104125_mle01_post_run2_EEG.easy,41,100 200 300 400,1,90443,0,,358
mle01,20181112104125_mle01_post_run2_EEG.easy,42,100 200 300 400,1,93828,0,,330
mle01,20181112104125_mle01_post_run2_EEG.easy,43,100 200 300 400 500,2,96427,96457,60,350
mle01,20181112104125_mle01_post_run2_EEG.easy,44,100 200 300 400 500,2,98054,98122,136,370
mle01,20181112104125_mle01_post_run2_EEG.easy,45,100 200 300 400,1,101086,0,,288
mle01,20181112104125_mle01_post_run2_EEG.easy,46,100 200 300 400 500,2,103049,103087,76,294
mle01,20181112104125_mle01_post_run2_EEG.easy,47,100 200 300 400,1,105514,0,,280
mle01,20181112104125_mle01_post_run2_EEG.easy,48,100 200 300 400 500,2,108830,108868,76,286
mle01,20181112104125_mle01_post_run2_EEG.easy,49,100 200 300 400,1,110613,0,,6
mle01,20181112104125_mle01_post_run2_EEG.easy,50,100 200 300 400 500,2,112803,112933,260,150
mle01,20181112104125_mle01_post_run2_EEG.easy,51,100 200 300 400,1,116075,0,,300
mle01,20181112104125_mle01_post_run2_EEG.easy,52,100 200 300 400,1,118937,0,,340
mle01,20181112104125_mle01_post_run2_EEG.easy,53,100 200 300 400 500,2,122185,122232,94,256
mle01,20181112104125_mle01_post_run2_EEG.easy,54,100 200 300 400,1,123960,0,,282
mle01,20181112104125_mle01_post_run2_EEG.easy,55,100 200 300 400,1,126226,0,,340
mle01,20181112104125_mle01_post_run2_EEG.easy,56,100 200 300 400 500,2,128810,129005,390,6
mle01,20181112104125_mle01_post_run2_EEG.easy,57,100 200 300 400,1,130787,0,,70
mle01,20181112104125_mle01_post_run2_EEG.easy,58,100 200 300 400 500,2,132692,132738,92,346
mle01,20181112104125_mle01_post_run2_EEG.easy,59,100 200 300 400 500,2,135103,135138,70,282
mle01,20181112104125_mle01_post_run2_EEG.easy,60,100 200 300 400,1,137090,0,,264
mle01,20181112104125_mle01_post_run2_EEG.easy,61,100 200 300 400 500,2,139227,139274,94,288
mle01,20181112104125_mle01_post_run2_EEG.easy,62,100 200 300 400,1,141523,0,,326
mle01,20181112104125_mle01_post_run2_EEG.easy,63,100 200 300 400,1,143169,0,,280
mle01,20181112104125_mle01_post_run2_EEG.easy,64,100 200 300 400,1,144767,0,,368
mle01,20181112104125_mle01_post_run2_EEG.easy,65,100 200 300 400,1,146195,0,,328
mle01,20181112104125_mle01_post_run2_EEG.easy,66,100 200 300 400 500,2,148017,148055,76,450
mle01,20181112104125_mle01_post_run2_EEG.easy,67,100 200 300 400,1,150032,0,,296
mle01,20181112104125_mle01_post_run2_EEG.easy,68,100 200 300 400 500,2,151626,151677,102,264
mle01,20181112104125_mle01_post_run2_EEG.easy,69,100 200 300 400,1,154957,0,,316
mle01,20181112104125_mle01_post_run2_EEG.easy,70,100 200 300 400,1,157294,0,,322
mle01,20181112104125_mle01_post_run2_EEG.easy,71,100 200 300 400,1,158707,0,,314
mle01,20181112104125_mle01_post_run2_EEG.easy,72,100 200 300 400 500,2,162645,162691,92,334
mle01,20181112104125_mle01_post_run2_EEG.easy,73,100 200 300 400,1,164376,0,,280
mle01,20181112104125_mle01_post_run2_EEG.easy,74,100 200 300 400,1,166769,0,,584
mle01,20181112104125_mle01_post_run2_EEG.easy,75,100 200 300 400 500,2,168286,168312,52,356
mle01,20181112104125_mle01_post_run2_EEG.easy,76,100 200 300 400,1,170932,0,,390
mle01,20181112104125_mle01_post_run2_EEG.easy,77,100 200 300 400,1,171945,0,,274
mle01,20181112104125_mle01_post_run2_EEG.easy,78,100 200 300 400 500,2,175098,175140,84,434
mle01,20181112104125_mle01_post_run2_EEG.easy,79,100 200 300 400,1,178390,0,,340
mle01,20181112104125_mle01_post_run2_EEG.easy,80,100 200 300 400,1,182259,0,,342
mle01,20181112104125_mle01_post_run2_EEG.easy,81,100 200 300 400,1,185425,0,,364
mle01,20181112104125_mle01_post_run2_EEG.easy,82,100 200 300 400 500,2,186338,186381,86,368
mle01,20181112104125_mle01_post_run2_EEG.easy,83,100 200 300 400,1,188186,0,,306
mle01,20181112104125_mle01_post_run2_EEG.easy,84,100 200 300 400,1,190769,0,,480
mle01,20181112104125_mle01_post_run2_EEG.easy,85,100 200 300 400,1,192908,0,,314
mle01,20181112104125_mle01_post_run2_EEG.easy,86,100 200 300 400,1,194681,0,,328
mle01,20181112104125_mle01_post_run2_EEG.easy,87,100 200 300 400,1,196273,0,,454
mle01,20181112104125_mle01_post_run2_EEG.easy,88,100 200 300 400,1,198099,0,,386
mle01,20181112104125_mle01_post_run2_EEG.easy,89,100 200 300 400,1,200789,0,,428
mle01,20181112104125_mle01_post_run2_EEG.easy,90,100 200 300 400,1,204137,0,,566
mle01,20181112104125_mle01_post_run2_EEG.easy,91,100 200 300 400,1,204957,0,,362
mle01,20181112104125_mle01_post_run2_EEG.easy,92,100 200 300 400,1,206532,0,,346
mle01,20181112104125_mle01_post_run2_EEG.easy,93,100 200 300 400,1,209592,0,,316
mle01,20181112104125_mle01_post_run2_EEG.easy,94,100 200 300 400 500,2,210433,210510,154,252
mle01,20181112104125_mle01_post_run2_EEG.easy,95,100 200 300 400,1,212402,0,,284
mle01,20181112104125_mle01_post_run2_EEG.easy,96,100 200 300 400,1,214678,0,,358
mle01,20181112104125_mle01_post_run2_EEG.easy,97,100 200 300 400,1,216786,0,,302
mle01,20181112104125_mle01_post_run2_EEG.easy,98,100 200 300 400,1,218460,0,,266
mle01,20181112104125_mle01_post_run2_EEG.easy,99,100 200 300 400,1,221240,0,,522
mle01,20181112104125_mle01_post_run2_EEG.easy,100,100 200 300 400,1,224733,0,,412
mle01,20181112104936_mle01_post_run3_EEG.easy,1,100 200 300 400,1,4790,0,,328
mle01,20181112104936_mle01_post_run3_EEG.easy,2,100 200 300 400,1,6695,0,,304
mle01,20181112104936_mle01_post_run3_EEG.easy,3,100 200 300 400,1,8317,0,,336
mle01,20181112104936_mle01_post_run3_EEG.easy,4,100 200 300 400,1,9782,0,,318
mle01,20181112104936_mle01_post_run3_EEG.easy,5,100 200 255 255 255 255 255 255 255 255 255 255 255 255 255 255 255 255 255 255 255 255 255 255 255 255 255 255 255 255 255 255 255 255 255 255 255 255 255 255 255 255 255 255 255 255 255 255 255 255 255 255 255 255 255 255 255 255 255 255 255 255 255 255 255 255 255 255 255 255 255 255 255 255 255 255 255 255 255 255 255 255 255 255 255 255 255 255 255 255 255 255 255 255 255 255 255 255 255 255 300 255 255 255 255 255 255 255 255 255 255 255 255 255 255 255 255 255 255 255 255 255 255 255 255 255 255 255 255 255 255 255 255 255 255 255 255 400 255 255 255 255 255 255 255 255 255 255 255 255 255 255 255 255 255 255 255 255 255 255 255 255 255 255 255 255 255 255 255 255 255 255 255 255 255 255 255 255 255 255 255 255 255 255 255 255 255 255 255 255 255 255 255 255 255 255 255 255 255 255 255 255 255 255 255 255 255 255 255 255 255 255 255 255 255 255 255 255 255 255 255 255 255 255 255 255 255 255 255 255 255 255 255 255 255 255 255 255 255 255,1,11316,0,,282
mle01,20181112104936_mle01_post_run3_EEG.easy,6,100 255 255 255 255 255 255 255 255 255 255 255 255 255 255 255 255 255 255 255 255 255 255 255 255 255 255 255 255 255 255 255 255 255 255 255 255 255 255 255 255 255 255 255 255 255 255 255 255 255 255 255 255 255 255 255 255 255 255 255 255 255 255 255 255 255 255 255 255 255 255 255 255 255 255 255 255 255 255 255 255 255 255 255 255 255 255 255 255 255 255 255 255 255 255 255 255 255 255 255 255 255 255 255 255 255 255 255 255 255 255 255 255 255 255 255 255 255 255 255 255 255 255 255 255 255 255 255 255 255 255 255 255 255 255 255 255 255 255 255 255 255 255 255 255 255 255 255 255 255 255 255 255 255 255 255 255 255 255 255 255 255 255 255 255 255 255 255 255 255 255 255 255 255 255 255 255 255 255 255 255 255 255 255 255 255 255 255 255 255 255 255 255 255 255 255 255 255 255 255 255 255 255 255 255 255 255 255 255 255 255 255 255 255 255 255 255 255 255 255 255 255 255 255 255 255 255 255 255 255 255 255 255 255 255 255 255 255 255 255 255 255 255 255 255 255 255 255 255 255 255 255 255 255 255 255 255 255 255 255 255 255 255 255 255 255 255 255 255 255 255 255 255 255 255 255 255 255 255 255 255 255 255 255 255 255 255 255 255 255 255 255 255 255 255 255 255 255 255 255 255 255 255 255 255 255 255 255 255 255 255 255 255 255 255 255 255 255 255 255 255 255 255 255 255 255 255 255 255 255 255 255 255 255 255 255 255 255 255 255 255 255 255 255 255 255 255 255 255 255 255 255 255 255 255 255 255 255 255 255 255 255 255 255 255 255 255 255 255 255 255 255 255 255 255 255 255 255 255 255 255 255 255 255 255 255 255 255 255 255 255 255 255 255 255 255 255 255 255 255 255 255 255 255 255 255 255 255 255 255 255 255 255 255 255 255 255 255 255 255 255 255 255 255 255 255 255 255 255 255 255 255 255 255 255 255 255 255 255 255 255 255 255 255 255 255 255 255 255 255 255 255 255 255 255 255 255 255 255 255 255 255 255 255 255 255 255 255 255 255 255 255 255 255 255 255 255 255 255 255 255 255 255 255 255 255 255 255 255 255 255 255 255 200 255 255 255 255 255 255 255 255 255 255 255 255 255 255 255 255 255 255 255 255 255 255 255 255 255 255 255 255 255 255 255 255 255 255 255 255 255 255 255 255 255 255 255 255 255 255 255 255 255 255 255 255 255 255 255 255 255 255 255 255 255 255 255 255 255 255 255 255 255 255 255 255 255 255 255 255 300 255 255 255 255 255 255 255 255 255 255 255 255 255 255 255 255 255 255 255 255 255 255 255 255 255 255 255 255 255 255 255 255 255 255 255 255 255 255 255 255 255 255 255 255 255 255 255 255 255 255 255 255 255 255 255 255 255 255 255 255 255 255 255 255 255 255 255 255 255 255 255 255 255 255 255 255 255 255 255 255 255 255 255 255 255 255 255 255 255 255 255 255 255 255 400 255 255 255 255 255 255 255 255 255 255 255 255 255 255 255 255 255 255 255 255 255 255 255 255 255 255 255 255 255 255 255 255 255 255 255 255 255 255 255 255 255 255 255 255 255 255 255 255 255 255 255 255 255 255 255 255 255 255 255 255 255 255 255 255 255 255 255 255 255 255 255 255 255 255 255 255 255 255 255 255 255 255 255 255 255 255 255 255 255 255 255 255 255 255 255 255 255 255 255 255 255 255 255 255 255 255 255 255 255 255,1,12838,0,,340
mle01,20181112104936_mle01_post_run3_EEG.easy,7,100 255 255 255 255 255 255 255 255 255 255 255 255 255 255 255 255 255 255 255 255 255 255 255 255 255 255 255 255 255 255 255 255 255 255 255 255 255 255 255 255 255 255 255 255 255 255 255 255 255 255 255 255 255 255 255 255 255 255 255 255 255 255 255 255 255 255 255 255 255 255 255 255 255 255 255 255 255 255 255 255 255 255 255 255 255 255 255 255 255 255 255 255 255 255 255 255 255 255 255 255 255 255 255 255 255 255 255 255 255 255 255 255 255 255 255 255 255 255 255 255 255 255 255 255 255 255 255 255 255 255 255 255 255 255 255 255 255 255 255 255 255 255 255 255 255 255 255 255 255 255 255 255 255 255 255 255 255 255 255 255 255 255 255 255 255 255 255 255 255 255 255 255 255 255 255 255 255 255 255 255 255 255 255 255 255 255 255 255 255 255 255 255 255 255 255 255 255 255 255 255 255 255 255 255 255 255 255 255 255 255 255 255 255 255 255 255 255 255 255 255 255 255 255 255 255 255 255 255 255 255 255 255 255 255 255 255 255 255 255 255 255 255 255 255 255 255 255 255 255 255 255 255 255 255 255 255 255 255 255 255 255 255 255 255 255 255 255 255 255 255 255 255 255 255 255 255 255 255 255 255 255 255 255 255 255 255 255 255 255 255 255 255 255 255 255 255 255 255 255 255 255 255 255 255 255 255 255 255 255 255 255 255 255 255 255 255 255 255 255 255 255 255 255 255 255 255 255 255 255 255 255 255 255 255 255 255 255 255 255 255 255 255 255 255 255 255 255 255 255 255 255 255 255 255 255 255 255 255 255 255 255 255 255 255 255 255 255 255 255 255 255 255 255 255 255 255 255 255 255 255 255 255 255 255 255 255 255 255 255 255 255 255 255 255 255 255 255 255 255 255 255 255 255 255 255 255 255 255 255 255 255 255 255 255 255 255 255 255 255 255 255 255 255 255 255 255 255 255 255 255 255 255 255 255 255 255 255 255 255 255 255 255 255 255 255 255 255 255 255 255 255 255 255 255 255 255 255 255 255 255 255 255 255 255 255 255 255 255 255 255 255 255 255 255 255 255 255 255 255 200 255 255 255 255 255 255 255 255 255 255 255 255 255 255 255 255 255 255 255 255 255 255 255 255 255 255 255 255 255 255 255 255 255 255 255 255 255 255 255 255 255 255 255 255 255 255 255 255 255 255 255 255 255 255 255 255 255 255 255 255 300 255 255 255 255 255 255 255 255 255 255 255 255 255 255 255 255 255 255 255 255 255 255 255 255 255 255 255 255 255 255 255 255 255 255 255 255 255 255 255 255 255 255 255 255 255 255 255 255 255 255 255 255 255 255 255 255 255 255 255 255 255 255 255 255 255 255 400 255 255 255 255 255 255 255 255 255 255 255 255 255 255 255 255 255 255 255 255 500 255 255 255 255 255 255 255 255 255 255 255 255 255 255 255 255 255 255 255 255 255 255 255 255 255 255 255 255 255 255 255 255 255 255 255 255 255 255 255 255 255 255 255 255 255 255 255 255 255 255 255 255 255 255 255 255 255 255 255 255 255 255 255 255 255 255 255 255 255 255 255 255 255 255 255 255 255 255 255 255 255 255 255 255,2,14605,14644,78,322
mle01,20181112104936_mle01_post_run3_EEG.easy,8,100 255 255 255 255 255 255 255 255 255 255 255 255 255 255 255 255 255 255 255 255 255 255 255 255 255 255 255 255 255 255 255 255 255 255 255 255 255 255 255 255 255 255 255 255 255 255 255 255 255 255 255 255 255 255 255 255 255 255 255 255 255 255 255 255 255 255 255 255 255 255 255 255 255 255 255 255 255 255 255 255 255 255 255 255 255 255 255 255 255 255 255 255 255 255 255 255 255 255 255 255 255 255 255 255 255 255 255 255 255 255 255 255 255 255 255 255 255 255 255 255 255 255 255 255 255 255 255 255 255 255 255 255 255 255 255 255 255 255 255 255 255 255 255 255 255 255 255 255 255 255 255 255 255 255 255 255 255 255 255 255 255 255 255 255 255 255 255 255 255 255 255 255 255 255 255 255 255 255 255 255 255 255 255 255 255 255 255 255 255 255 255 255 255 255 255 255 255 255 255 255 255 255 255 255 255 255 255 255 255 255 255 255 255 255 255 255 255 255 255 255 255 255 255 255 255 255 255 255 255 255 255 255 255 255 255 255 255 255 255 255 255 255 255 255 255 255 255 255 255 255 255 255 255 255 255 255 255 255 255 255 255 255 255 255 255 255 255 255 255 255 255 255 255 255 255 255 255 255 255 255 255 255 255 255 255 255 255 255 255 255 255 255 255 255 255 255 255 255 255 255 255 255 255 255 255 255 255 255 255 255 255 255 255 255 255 255 255 255 255 255 255 255 255 255 255 255 255 255 255 255 255 255 255 255 255 255 255 255 255 255 255 200 300 400 500,2,17414,17445,62,290
mle01,20181112104936_mle01_post_run3_EEG.easy,9,100 200 300 400,1,18506,0,,278
mle01,20181112104936_mle01_post_run3_EEG.easy,10,100 200 300 400 500,2,20345,20384,78,240
mle01,20181112104936_mle01_post_run3_EEG.easy,11,100 200 300 400 500 255 255 255 255 255,2,21965,22009,88,280
mle01,20181112104936_mle01_post_run3_EEG.easy,12,100 255 255 255 255 255 255 255 255 255 255 255 255 255 255 255 255 255 255 200 300 400,1,24935,0,,358
mle01,20181112104936_mle01_post_run3_EEG.easy,13,100 200 300 400,1,26858,0,,268
mle01,20181112104936_mle01_post_run3_EEG.easy,14,100 200 300 400,1,28734,0,,282
mle01,20181112104936_mle01_post_run3_EEG.easy,15,100 200 300 400,1,30446,0,,316
mle01,20181112104936_mle01_post_run3_EEG.easy,16,100 200 300 400,1,32791,0,,280
mle01,20181112104936_mle01_post_run3_EEG.easy,17,100 200 300 400,1,34347,0,,296
mle01,20181112104936_mle01_post_run3_EEG.easy,18,100 200 300 400 500,2,35925,35957,64,372
mle01,20181112104936_mle01_post_run3_EEG.easy,19,100 200 300 400,1,37519,0,,310
mle01,20181112104936_mle01_post_run3_EEG.easy,20,100 200 300 400,1,39248,0,,340
mle01,20181112104936_mle01_post_run3_EEG.easy,21,100 200 300 400 500,2,40567,40605,76,336
mle01,20181112104936_mle01_post_run3_EEG.easy,22,100 200 255 255 255 255 255 255 255 255 255 255 255 255 255 255 255 255 255 255 255 255 255 255 255 255 255 255 255 255 255 255 255 255 255 255 255 255 255 255 255 255 255 255 255 255 255 255 255 255 255 255 255 255 255 255 255 255 255 255 255 255 255 255 255 255 255 255 255 255 255 255 255 255 255 255 255 255 255 255 255 255 255 255 255 255 255 255 255 255 255 255 255 255 255 255 255 255 255 255 255 255 255 255 255 255 255 255 255 255 255 255 255 255 255 255 255 255 255 255 255 255 255 255 255 255 255 255 255 255 255 255 255 255 255 255 255 255 255 255 255 255 255 255 255 255 255 255 255 255 255 255 255 255 255 255 255 255 255 255 255 255 255 255 255 255 255 255 255 255 255 255 255 255 255 255 255 255 255 255 255 255 255 255 255 255 255 255 255 255 255 255 255 255 255 255 255 255 255 255 255 255 255 255 255 255 255 255 255 255 255 255 255 255 255 255 255 255 255 255 255 255 255 255 255 255 255 255 255 255 255 255 255 255 255 255 255 255 255 255 255 255 255 255 255 255 255 255 255 255 255 255 255 255 255 255 255 255 255 255 255 255 255 255 255 255 255 255 255 255 255 255 255 255 255 255 255 255 255 255 255 255 255 255 255 255 255 255 255 255 255 255 255 255 255 255 255 255 255 255 255 255 255 255 255 255 255 255 255 255 255 255 255 255 255 255 255 255 255 255 255 255 255 255 255 255 255 255 255 255 255 255 255 255 255 255 255 255 255 255 255 255 255 255 255 255 255 255 255 255 255 255 255 255 255 255 255 255 255 255 255 255 255 255 255 255 255 255 255 255 255 255 255 255 255 255 255 255 255 255 255 255 255 255 255 255 255 255 255 255 255 255 255 255 255 255 255 255 255 255 300 255 255 255 255 255 255 255 255 255 255 255 255 255 255 255 255 255 255 255 255 255 255 255 255 255 255 255 255 255 255 255 255 255 255 255 255 255 255 255 255 255 255 255 255 255 255 255 255 255 255 255 255 255 255 255 255 255 255 255 255 255 255 255 255 255 400 255 255 255 255 255 255 255 255 500,2,42621,42662,82,324
mle01,20181112104936_mle01_post_run3_EEG.easy,23,100 255 255 255 255 255 255 255 255 255 255 255 255 255 255 255 255 255 255 255 255 255 255 255 255 255 255 255 255 255 255 255 255 255 255 255 255 255 255 255 255 255 255 255 255 255 255 255 255 255 255 255 255 255 255 255 255 255 255 255 255 255 255 255 255 255 255 255 255 255 255 255 255 255 255 255 255 255 255 255 255 255 255 255 255 255 255 255 255 255 255 255 255 255 255 255 255 255 255 255 255 255 255 255 255 255 255 255 255 255 255 255 255 255 255 255 255 255 255 255 255 255 255 255 255 255 255 255 255 255 255 255 255 255 255 255 255 255 255 255 255 255 255 255 255 255 255 255 255 255 255 255 255 255 255 255 255 255 255 255 255 255 255 255 255 255 255 255 255 255 255 255 255 255 255 255 255 255 255 255 255 255 255 255 255 255 255 255 255 255 255 255 255 255 255 255 255 255 255 255 255 255 255 255 255 255 255 255 255 255 255 255 255 255 255 255 255 255 255 255 255 255 255 255 255 255 255 255 255 255 255 255 255 255 255 255 255 255 255 255 255 200 255 255 255 255 255 255 255 255 255 255 255 255 255 255 300 400,1,45845,0,,676
mle01,20181112104936_mle01_post_run3_EEG.easy,24,100 200 300 400,1,46925,0,,270
mle01,20181112104936_mle01_post_run3_EEG.easy,25,100 200 300 400 500,2,50526,50567,82,428
mle01,20181112104936_mle01_post_run3_EEG.easy,26,100 255 255 255 255 255 255 255 255 255 255 255 255 255 255 255 255 255 255 255 255 255 255 255 255 255 255 255 255 255 255 255 255 255 255 255 255 255 255 255 255 255 255 255 255 255 255 255 255 255 255 255 255 255 255 255 255 255 255 255 255 255 255 255 255 255 255 255 255 255 255 255 255 255 255 255 255 255 255 255 255 255 255 255 255 255 255 255 255 255 255 255 255 255 255 255 255 255 255 255 255 255 255 255 255 255 255 255 255 255 255 255 255 255 255 255 255 255 255 255 255 255 255 255 255 255 255 255 255 255 255 255 255 255 255 255 255 255 255 255 255 255 255 255 255 255 255 255 255 255 255 255 255 255 255 200 300 400,1,52762,0,,294
mle01,20181112104936_mle01_post_run3_EEG.easy,27,100 200 300 400 500,2,55015,55066,102,498
mle01,20181112104936_mle01_post_run3_EEG.easy,28,100 200 300 400,1,58164,0,,278
mle01,20181112104936_mle01_post_run3_EEG.easy,29,100 200 300 400,1,59012,0,,476
mle01,20181112104936_mle01_post_run3_EEG.easy,30,100 200 300 400,1,62457,0,,330
mle01,20181112104936_mle01_post_run3_EEG.easy,31,100 200 300 400 500,2,64162,64197,70,318
mle01,20181112104936_mle01_post_run3_EEG.easy,32,100 200 300 400,1,66603,0,,338
mle01,20181112104936_mle01_post_run3_EEG.easy,33,100 200 300 400 500,2,68974,69024,100,396
mle01,20181112104936_mle01_post_run3_EEG.easy,34,100 200 300 400,1,70997,0,,318
mle01,20181112104936_mle01_post_run3_EEG.easy,35,100 200 300 400 500,2,73564,73597,66,294
mle01,20181112104936_mle01_post_run3_EEG.easy,36,100 200 300 400,1,75291,0,,294
mle01,20181112104936_mle01_post_run3_EEG.easy,37,100 200 300 400,1,77437,0,,290
mle01,20181112104936_mle01_post_run3_EEG.easy,38,100 200 300 400,1,79963,0,,362
mle01,20181112104936_mle01_post_run3_EEG.easy,39,100 200 300 400,1,82408,0,,280
mle01,20181112104936_mle01_post_run3_EEG.easy,40,100 200 300 400,1,85871,0,,356
mle01,20181112104936_mle01_post_run3_EEG.easy,41,100 200 300 400,1,87437,0,,316
mle01,20181112104936_mle01_post_run3_EEG.easy,42,100 200 300 400,1,89259,0,,274
mle01,20181112104936_mle01_post_run3_EEG.easy,43,100 200 300 400,1,91340,0,,100
mle01,20181112104936_mle01_post_run3_EEG.easy,44,100 200 300 400,1,94413,0,,280
mle01,20181112104936_mle01_post_run3_EEG.easy,45,100 200 300 400,1,96464,0,,272
mle01,20181112104936_mle01_post_run3_EEG.easy,46,100 200 300 400,1,98742,0,,390
mle01,20181112104936_mle01_post_run3_EEG.easy,47,100 200 300 400,1,101204,0,,332
mle01,20181112104936_mle01_post_run3_EEG.easy,48,100 200 300 400 500,2,103034,103095,122,310
mle01,20181112104936_mle01_post_run3_EEG.easy,49,100 200 300 400,1,104825,0,,320
mle01,20181112104936_mle01_post_run3_EEG.easy,50,100 200 300 400,1,107059,0,,292
mle01,20181112104936_mle01_post_run3_EEG.easy,51,100 200 300 400,1,109647,0,,298
mle01,20181112104936_mle01_post_run3_EEG.easy,52,100 200 300 400 500,2,111395,111443,96,318
mle01,20181112104936_mle01_post_run3_EEG.easy,53,100 200 300 400 500,2,114583,114634,102,244
mle01,20181112104936_mle01_post_run3_EEG.easy,54,100 200 300 400 500,2,115822,115887,130,304
mle01,20181112104936_mle01_post_run3_EEG.easy,55,100 200 300 400,1,118678,0,,298
mle01,20181112104936_mle01_post_run3_EEG.easy,56,100 200 300 400 500,2,120058,120112,108,64
mle01,20181112104936_mle01_post_run3_EEG.easy,57,100 200 300 400,1,124701,0,,502
mle01,20181112104936_mle01_post_run3_EEG.easy,58,100 200 300 400,1,128445,0,,302
mle01,20181112104936_mle01_post_run3_EEG.easy,59,100 200 300 400,1,130691,0,,404
mle01,20181112104936_mle01_post_run3_EEG.easy,60,100 200 300 400 500,2,132670,132714,88,338
mle01,20181112104936_mle01_post_run3_EEG.easy,61,100 200 300 400,1,134878,0,,290
mle01,20181112104936_mle01_post_run3_EEG.easy,62,100 200 300 400,1,138751,0,,626
mle01,20181112104936_mle01_post_run3_EEG.easy,63,100 200 300 400 500,2,140721,140766,90,276
mle01,20181112104936_mle01_post_run3_EEG.easy,64,100 200 300 400,1,143000,0,,288
mle01,20181112104936_mle01_post_run3_EEG.easy,65,100 200 300 400 500,2,145022,145068,92,278
mle01,20181112104936_mle01_post_run3_EEG.easy,66,100 200 300 400,1,146690,0,,394
mle01,20181112104936_mle01_post_run3_EEG.easy,67,100 200 300 400 500,2,149574,149786,424,6
mle01,20181112104936_mle01_post_run3_EEG.easy,68,100 200 300 400 500,2,152152,152194,84,334
mle01,20181112104936_mle01_post_run3_EEG.easy,69,100 200 300 400 500,2,153590,153628,76,304
mle01,20181112104936_mle01_post_run3_EEG.easy,70,100 200 300 400,1,154539,0,,290
mle01,20181112104936_mle01_post_run3_EEG.easy,71,100 200 300 400,1,158141,0,,246
mle01,20181112104936_mle01_post_run3_EEG.easy,72,100 200 300 400,1,161262,0,,236
mle01,20181112104936_mle01_post_run3_EEG.easy,73,100 200 300 400,1,162740,0,,372
mle01,20181112104936_mle01_post_run3_EEG.easy,74,100 200 300 400,1,164713,0,,346
mle01,20181112104936_mle01_post_run3_EEG.easy,75,100 200 300 400,1,167045,0,,332
mle01,20181112104936_mle01_post_run3_EEG.easy,76,100 200 300 400,1,170589,0,,314
mle01,20181112104936_mle01_post_run3_EEG.easy,77,100 200 300 400 500,2,172609,172639,60,376
mle01,20181112104936_mle01_post_run3_EEG.easy,78,100 200 300 400,1,174331,0,,340
mle01,20181112104936_mle01_post_run3_EEG.easy,79,100 200 300 400 500,2,176630,176669,78,392
mle01,20181112104936_mle01_post_run3_EEG.easy,80,100 200 300 400 500,2,177577,177634,114,306
mle01,20181112104936_mle01_post_run3_EEG.easy,81,100 200 300 400 500,2,180879,180914,70,392
mle01,20181112104936_mle01_post_run3_EEG.easy,82,100 200 300 400,1,183780,0,,298
mle01,20181112104936_mle01_post_run3_EEG.easy,83,100 200 300 400 500,2,186179,186214,70,344
mle01,20181112104936_mle01_post_run3_EEG.easy,84,100 200 300 400,1,188633,0,,330
mle01,20181112104936_mle01_post_run3_EEG.easy,85,100 200 300 400 500,2,190432,190464,64,432
mle01,20181112104936_mle01_post_run3_EEG.easy,86,100 200 300 400,1,192143,0,,372
mle01,20181112104936_mle01_post_run3_EEG.easy,87,100 200 300 400 500,2,194750,194779,58,326
mle01,20181112104936_mle01_post_run3_EEG.easy,88,100 200 300 400,1,197701,0,,376
mle01,20181112104936_mle01_post_run3_EEG.easy,89,100 200 300 400 500,2,200290,200322,64,336
mle01,20181112104936_mle01_post_run3_EEG.easy,90,100 200 300 400,1,202743,0,,304
mle01,20181112104936_mle01_post_run3_EEG.easy,91,100 200 300 400,1,205679,0,,298
mle01,20181112104936_mle01_post_run3_EEG.easy,92,100 200 300 400,1,207686,0,,538
mle01,20181112104936_mle01_post_run3_EEG.easy,93,100 200 300 400 500,2,208592,208633,82,308
mle01,20181112104936_mle01_post_run3_EEG.easy,94,100 200 300 400 500,2,211898,211939,82,116
mle01,20181112104936_mle01_post_run3_EEG.easy,95,100 200 300 400,1,212876,0,,298
mle01,20181112104936_mle01_post_run3_EEG.easy,96,100 200 300 400,1,216178,0,,628
mle01,20181112104936_mle01_post_run3_EEG.easy,97,100 200 300 400,1,217685,0,,416
mle01,20181112104936_mle01_post_run3_EEG.easy,98,100 200 300 400 500,2,219403,219442,78,320
mle01,20181112104936_mle01_post_run3_EEG.easy,99,100 200 300 400,1,221776,0,,92
mle01,20181112104936_mle01_post_run3_EEG.easy,100,100 200 300 400,1,224482,0,,328
mle01,20181112105723_mle01_post_run4_EEG.easy,1,100 200 300 400,1,8970,0,,360
mle01,20181112105723_mle01_post_run4_EEG.easy,2,100 200 300 400 500,2,11100,11132,64,276
mle01,20181112105723_mle01_post_run4_EEG.easy,3,100 200 300 400 500,2,12942,12972,60,280
mle01,20181112105723_mle01_post_run4_EEG.easy,4,100 200 300 400 500,2,14483,14513,60,304
mle01,20181112105723_mle01_post_run4_EEG.easy,5,100 200 300 400,1,16746,0,,368
mle01,20181112105723_mle01_post_run4_EEG.easy,6,100 200 300 400 500,2,19659,19697,76,110
mle01,20181112105723_mle01_post_run4_EEG.easy,7,100 200 300 400,1,22316,0,,270
mle01,20181112105723_mle01_post_run4_EEG.easy,8,100 200 300 400 500,2,23661,23685,48,264
mle01,20181112105723_mle01_post_run4_EEG.easy,9,100 200 300 400,1,26492,0,,106
mle01,20181112105723_mle01_post_run4_EEG.easy,10,100 200 300 400 500,2,30773,30802,58,292
mle01,20181112105723_mle01_post_run4_EEG.easy,11,100 200 300 400,1,33695,0,,316
mle01,20181112105723_mle01_post_run4_EEG.easy,12,100 200 300 400,1,35147,0,,290
mle01,20181112105723_mle01_post_run4_EEG.easy,13,100 200 300 400 500,2,36854,36883,58,326
mle01,20181112105723_mle01_post_run4_EEG.easy,14,100 200 300 400 500,2,38708,38747,78,360
mle01,20181112105723_mle01_post_run4_EEG.easy,15,100 200 300 400,1,40385,0,,302
mle01,20181112105723_mle01_post_run4_EEG.easy,16,100 200 300 400,1,42042,0,,282
mle01,20181112105723_mle01_post_run4_EEG.easy,17,100 200 300 400 500,2,44008,44031,46,298
mle01,20181112105723_mle01_post_run4_EEG.easy,18,100 200 300 400,1,45795,0,,342
mle01,20181112105723_mle01_post_run4_EEG.easy,19,100 200 300 400 500,2,47742,47768,52,296
mle01,20181112105723_mle01_post_run4_EEG.easy,20,100 200 300 400,1,48781,0,,384
mle01,20181112105723_mle01_post_run4_EEG.easy,21,100 200 300 400,1,51842,0,,270
mle01,20181112105723_mle01_post_run4_EEG.easy,23,100 200 300 400,1,56529,0,,262
mle01,20181112105723_mle01_post_run4_EEG.easy,24,100 200 300 400 500,2,57345,57363,36,320
mle01,20181112105723_mle01_post_run4_EEG.easy,25,100 200 300 400,1,59002,0,,274
mle01,20181112105723_mle01_post_run4_EEG.easy,26,100 200 300 400,1,62792,0,,292
mle01,20181112105723_mle01_post_run4_EEG.easy,27,100 200 300 400 500,2,65439,65468,58,314
mle01,20181112105723_mle01_post_run4_EEG.easy,28,100 200 300 400,1,66605,0,,288
mle01,20181112105723_mle01_post_run4_EEG.easy,29,100 200 300 400,1,69396,0,,374
mle01,20181112105723_mle01_post_run4_EEG.easy,30,100 200 300 400,1,70236,0,,284
mle01,20181112105723_mle01_post_run4_EEG.easy,31,100 200 300 400,1,71771,0,,286
mle01,20181112105723_mle01_post_run4_EEG.easy,32,100 200 300 400,1,73360,0,,302
mle01,20181112105723_mle01_post_run4_EEG.easy,33,100 200 300 400 500,2,74435,74462,54,266
mle01,20181112105723_mle01_post_run4_EEG.easy,34,100 200 300 400,1,76870,0,,334
mle01,20181112105723_mle01_post_run4_EEG.easy,35,100 200 300 400 500,2,78950,78967,34,336
mle01,20181112105723_mle01_post_run4_EEG.easy,36,100 200 300 400 500,2,80639,80665,52,252
mle01,20181112105723_mle01_post_run4_EEG.easy,37,100 200 300 400 500,2,82475,82505,60,364
mle01,20181112105723_mle01_post_run4_EEG.easy,38,100 200 300 400,1,84246,0,,308
mle01,20181112105723_mle01_post_run4_EEG.easy,39,100 200 300 400 500,2,86990,87019,58,314
mle01,20181112105723_mle01_post_run4_EEG.easy,40,100 200 300 400,1,88474,0,,342
mle01,20181112105723_mle01_post_run4_EEG.easy,41,100 200 300 400,1,89587,0,,346
mle01,20181112105723_mle01_post_run4_EEG.easy,42,100 200 300 400,1,91504,0,,434
mle01,20181112105723_mle01_post_run4_EEG.easy,43,100 200 300 400,1,93716,0,,322
mle01,20181112105723_mle01_post_run4_EEG.easy,44,100 200 300 400,1,95871,0,,282
mle01,20181112105723_mle01_post_run4_EEG.easy,45,100 200 300 400,1,97484,0,,312
mle01,20181112105723_mle01_post_run4_EEG.easy,46,100 200 300 400 500,2,98695,98750,110,440
mle01,20181112105723_mle01_post_run4_EEG.easy,47,100 200 300 400,1,102441,0,,396
mle01,20181112105723_mle01_post_run4_EEG.easy,48,100 200 300 400,1,104163,0,,304
mle01,20181112105723_mle01_post_run4_EEG.easy,49,100 200 300 400,1,105313,0,,288
mle01,20181112105723_mle01_post_run4_EEG.easy,50,100 200 300 400,1,107179,0,,294
mle01,20181112105723_mle01_post_run4_EEG.easy,51,100 200 300 400,1,108160,0,,568
mle01,20181112105723_mle01_post_run4_EEG.easy,52,100 200 300 400,1,109931,0,,338
mle01,20181112105723_mle01_post_run4_EEG.easy,53,100 200 300 400 500,2,112053,112077,48,268
mle01,20181112105723_mle01_post_run4_EEG.easy,54,100 200 300 400,1,112974,0,,280
mle01,20181112105723_mle01_post_run4_EEG.easy,55,100 200 300 400 500,2,115411,115434,46,266
mle01,20181112105723_mle01_post_run4_EEG.easy,56,100 200 300 400 500,2,117840,117867,54,302
mle01,20181112105723_mle01_post_run4_EEG.easy,57,100 200 300 400,1,119015,0,,316
mle01,20181112105723_mle01_post_run4_EEG.easy,58,100 200 300 400,1,121354,0,,320
mle01,20181112105723_mle01_post_run4_EEG.easy,59,100 200 300 400,1,124108,0,,282
mle01,20181112105723_mle01_post_run4_EEG.easy,60,100 200 300 400,1,124972,0,,298
mle01,20181112105723_mle01_post_run4_EEG.easy,61,100 200 300 400,1,126340,0,,264
mle01,20181112105723_mle01_post_run4_EEG.easy,62,100 200 300 400 500,2,127158,127179,42,276
mle01,20181112105723_mle01_post_run4_EEG.easy,63,100 200 300 400,1,129787,0,,288
mle01,20181112105723_mle01_post_run4_EEG.easy,64,100 200 300 400 500,2,131433,131456,46,298
mle01,20181112105723_mle01_post_run4_EEG.easy,65,100 200 300 400,1,134202,0,,286
mle01,20181112105723_mle01_post_run4_EEG.easy,66,100 200 300 400,1,136048,0,,42
mle01,20181112105723_mle01_post_run4_EEG.easy,67,100 200 300 400,1,138387,0,,284
mle01,20181112105723_mle01_post_run4_EEG.easy,68,100 200 300 400,1,140811,0,,190
mle01,20181112105723_mle01_post_run4_EEG.easy,69,100 200 300 400 500,2,143483,143524,82,310
mle01,20181112105723_mle01_post_run4_EEG.easy,70,100 200 300 400,1,145700,0,,316
mle01,20181112105723_mle01_post_run4_EEG.easy,71,100 200 300 400,1,147796,0,,158
mle01,20181112105723_mle01_post_run4_EEG.easy,72,100 200 300 400 500,2,150236,150266,60,318
mle01,20181112105723_mle01_post_run4_EEG.easy,73,100 200 300 400,1,152260,0,,308
mle01,20181112105723_mle01_post_run4_EEG.easy,74,100 200 300 400,1,154452,0,,124
mle01,20181112105723_mle01_post_run4_EEG.easy,75,100 200 300 400 500,2,156077,156107,60,282
mle01,20181112105723_mle01_post_run4_EEG.easy,76,100 200 300 400,1,159716,0,,330
mle01,20181112105723_mle01_post_run4_EEG.easy,77,100 200 300 400,1,162650,0,,370
mle01,20181112105723_mle01_post_run4_EEG.easy,78,100 200 300 400,1,164939,0,,282
mle01,20181112105723_mle01_post_run4_EEG.easy,79,100 200 300 400,1,167423,0,,316
mle01,20181112105723_mle01_post_run4_EEG.easy,80,100 200 300 400 500,2,170978,171001,46,330
mle01,20181112105723_mle01_post_run4_EEG.easy,81,100 200 300 400,1,172886,0,,386
mle01,20181112105723_mle01_post_run4_EEG.easy,82,100 200 300 400 500,2,173902,173940,76,482
mle01,20181112105723_mle01_post_run4_EEG.easy,83,100 200 300 400,1,176243,0,,302
mle01,20181112105723_mle01_post_run4_EEG.easy,84,100 200 300 400,1,178692,0,,362
mle01,20181112105723_mle01_post_run4_EEG.easy,85,100 200 300 400 500,2,180722,180751,58,290
mle01,20181112105723_mle01_post_run4_EEG.easy,86,100 200 300 400,1,183121,0,,300
mle01,20181112105723_mle01_post_run4_EEG.easy,87,100 200 300 400,1,184354,0,,358
mle01,20181112105723_mle01_post_run4_EEG.easy,88,100 200 300 400 500,2,186979,187000,42,412
mle01,20181112105723_mle01_post_run4_EEG.easy,89,100 200 300 400,1,188550,0,,350
mle01,20181112105723_mle01_post_run4_EEG.easy,90,100 200 300 400,1,190252,0,,366
mle01,20181112105723_mle01_post_run4_EEG.easy,91,100 200 300 400,1,192506,0,,356
mle01,20181112105723_mle01_post_run4_EEG.easy,92,100 200 300 400 500,2,195121,195148,54,276
mle01,20181112105723_mle01_post_run4_EEG.easy,93,100 200 300 400,1,198415,0,,362
mle01,20181112105723_mle01_post_run4_EEG.easy,94,100 200 300 400,1,201592,0,,298
mle01,20181112105723_mle01_post_run4_EEG.easy,95,100 200 300 400,1,203800,0,,308
mle01,20181112105723_mle01_post_run4_EEG.easy,96,100 200 300 400 500,2,205816,205839,46,298
mle01,20181112105723_mle01_post_run4_EEG.easy,97,100 200 300 400,1,206938,0,,340
mle01,20181112105723_mle01_post_run4_EEG.easy,98,100 200 300 400,1,208426,0,,342
mle01,20181112105723_mle01_post_run4_EEG.easy,99,100 200 300 400 500,2,210325,210370,90,594
mle01,20181112105723_mle01_post_run4_EEG.easy,100,100 200 300 400,1,212108,0,,264
mle01,20181112110453_mle01_post_run5_EEG.easy,1,100 200 300 400,1,3895,0,,292
mle01,20181112110453_mle01_post_run5_EEG.easy,2,100 200 300 400 500,2,5676,5703,54,278
mle01,20181112110453_mle01_post_run5_EEG.easy,3,100 200 300 400,1,7497,0,,262
mle01,20181112110453_mle01_post_run5_EEG.easy,4,100 200 300 400,1,8480,0,,294
mle01,20181112110453_mle01_post_run5_EEG.easy,5,100 200 300 400 500,2,10251,10286,70,264
mle01,20181112110453_mle01_post_run5_EEG.easy,6,100 200 300 400,1,12497,0,,286
mle01,20181112110453_mle01_post_run5_EEG.easy,7,100 200 300 400,1,14699,0,,292
mle01,20181112110453_mle01_post_run5_EEG.easy,8,100 200 300 400,1,16596,0,,300
mle01,20181112110453_mle01_post_run5_EEG.easy,9,100 200 300 400,1,18690,0,,302
mle01,20181112110453_mle01_post_run5_EEG.easy,10,100 200 300 400 500,2,21206,21236,60,282
mle01,20181112110453_mle01_post_run5_EEG.easy,11,100 200 300 400,1,22086,0,,328
mle01,20181112110453_mle01_post_run5_EEG.easy,12,100 200 300 400,1,24700,0,,304
mle01,20181112110453_mle01_post_run5_EEG.easy,13,100 200 300 400 255,1,26648,0,,270
mle01,20181112110453_mle01_post_run5_EEG.easy,14,100 200 300 400,1,30170,0,,320
mle01,20181112110453_mle01_post_run5_EEG.easy,15,100 200 300 400 500,2,31579,31605,52,254
mle01,20181112110453_mle01_post_run5_EEG.easy,16,100 200 300 400,1,33164,0,,276
mle01,20181112110453_mle01_post_run5_EEG.easy,17,100 200 300 400,1,36382,0,,388
mle01,20181112110453_mle01_post_run5_EEG.easy,18,100 200 300 400,1,38041,0,,280
mle01,20181112110453_mle01_post_run5_EEG.easy,19,100 200 300 400,1,39416,0,,228
mle01,20181112110453_mle01_post_run5_EEG.easy,20,100 200 300 400,1,41800,0,,400
mle01,20181112110453_mle01_post_run5_EEG.easy,21,100 200 300 400,1,44487,0,,308
mle01,20181112110453_mle01_post_run5_EEG.easy,22,100 200 300 400,1,45312,0,,308
mle01,20181112110453_mle01_post_run5_EEG.easy,23,100 200 300 400,1,48070,0,,444
mle01,20181112110453_mle01_post_run5_EEG.easy,24,100 200 300 400 500,2,50422,50455,66,274
mle01,20181112110453_mle01_post_run5_EEG.easy,25,100 200 300 400,1,52711,0,,300
mle01,20181112110453_mle01_post_run5_EEG.easy,26,100 200 300 400,1,53882,0,,6
mle01,20181112110453_mle01_post_run5_EEG.easy,27,100 200 300 400,1,55968,0,,324
mle01,20181112110453_mle01_post_run5_EEG.easy,28,100 200 300 400,1,58553,0,,424
mle01,20181112110453_mle01_post_run5_EEG.easy,29,100 200 300 400,1,60049,0,,290
mle01,20181112110453_mle01_post_run5_EEG.easy,30,100 200 300 400,1,63317,0,,276
mle01,20181112110453_mle01_post_run5_EEG.easy,31,100 200 300 400,1,65389,0,,278
mle01,20181112110453_mle01_post_run5_EEG.easy,32,100 200 300 400,1,67210,0,,290
mle01,20181112110453_mle01_post_run5_EEG.easy,33,100 200 300 400,1,68771,0,,282
mle01,20181112110453_mle01_post_run5_EEG.easy,34,100 200 300 400,1,69746,0,,368
mle01,20181112110453_mle01_post_run5_EEG.easy,35,100 200 300 400,1,71215,0,,266
mle01,20181112110453_mle01_post_run5_EEG.easy,36,100 200 300 400 500,2,73452,73492,80,60
mle01,20181112110453_mle01_post_run5_EEG.easy,37,100 200 300 400 500,2,77136,77174,76,324
mle01,20181112110453_mle01_post_run5_EEG.easy,38,100 200 300 400,1,80034,0,,340
mle01,20181112110453_mle01_post_run5_EEG.easy,39,100 200 300 400 500,2,83027,83066,78,320
mle01,20181112110453_mle01_post_run5_EEG.easy,40,100 200 300 400 500,2,85150,85201,102,310
mle01,20181112110453_mle01_post_run5_EEG.easy,41,100 255 200 300 400 500,2,87779,87808,58,328
mle01,20181112110453_mle01_post_run5_EEG.easy,42,100 200 300 400,1,89285,0,,300
mle01,20181112110453_mle01_post_run5_EEG.easy,43,100 200 300 400,1,91309,0,,576
mle01,20181112110453_mle01_post_run5_EEG.easy,44,100 200 300 400 500,2,93167,93217,100,348
mle01,20181112110453_mle01_post_run5_EEG.easy,45,100 200 300 400 500,2,95647,95693,92,292
mle01,20181112110453_mle01_post_run5_EEG.easy,46,100 200 300 400,1,98027,0,,302
mle01,20181112110453_mle01_post_run5_EEG.easy,47,100 200 300 400 500,2,100811,100832,42,294
mle01,20181112110453_mle01_post_run5_EEG.easy,48,100 200 300 400 500,2,103706,103751,90,318
mle01,20181112110453_mle01_post_run5_EEG.easy,49,100 200 300 400,1,106024,0,,348
mle01,20181112110453_mle01_post_run5_EEG.easy,50,100 200 300 400,1,108371,0,,390
mle01,20181112110453_mle01_post_run5_EEG.easy,51,100 200 300 400 500,2,112361,112389,56,258
mle01,20181112110453_mle01_post_run5_EEG.easy,52,100 200 300 400 500,2,114800,114845,90,448
mle01,20181112110453_mle01_post_run5_EEG.easy,53,100 200 300 400,1,119934,0,,288
mle01,20181112110453_mle01_post_run5_EEG.easy,54,100 200 300 400,1,122131,0,,360
mle01,20181112110453_mle01_post_run5_EEG.easy,55,100 200 300 400 500,2,124808,125000,384,78
mle01,20181112110453_mle01_post_run5_EEG.easy,56,100 200 300 400 500,2,126858,126893,70,314
mle01,20181112110453_mle01_post_run5_EEG.easy,57,100 200 300 400 500,2,129101,129145,88,328
mle01,20181112110453_mle01_post_run5_EEG.easy,58,100 200 300 400,1,131044,0,,378
mle01,20181112110453_mle01_post_run5_EEG.easy,59,100 200 300 400,1,133593,0,,228
mle01,20181112110453_mle01_post_run5_EEG.easy,60,100 200 300 400,1,136320,0,,322
mle01,20181112110453_mle01_post_run5_EEG.easy,61,100 200 300 400,1,140516,0,,332
mle01,20181112110453_mle01_post_run5_EEG.easy,62,100 200 300 400,1,142805,0,,294
mle01,20181112110453_mle01_post_run5_EEG.easy,63,100 200 300 400,1,143646,0,,340
mle01,20181112110453_mle01_post_run5_EEG.easy,64,100 200 300 400 500,2,145690,145724,68,282
mle01,20181112110453_mle01_post_run5_EEG.easy,65,100 200 300 400,1,148081,0,,286
mle01,20181112110453_mle01_post_run5_EEG.easy,66,100 200 300 400,1,149945,0,,340
mle01,20181112110453_mle01_post_run5_EEG.easy,67,100 200 300 400,1,151018,0,,292
mle01,20181112110453_mle01_post_run5_EEG.easy,68,100 200 300 400 500,2,153806,153851,90,370
mle01,20181112110453_mle01_post_run5_EEG.easy,69,100 200 300 400 500,2,156895,156947,104,308
mle01,20181112110453_mle01_post_run5_EEG.easy,70,100 200 300 400 500,2,159998,160036,76,276
mle01,20181112110453_mle01_post_run5_EEG.easy,71,100 200 300 400 500,2,160956,160988,64,340
mle01,20181112110453_mle01_post_run5_EEG.easy,72,100 200 300 400 500,2,164640,164676,72,288
mle01,20181112110453_mle01_post_run5_EEG.easy,73,100 200 300 400 500,2,165900,165933,66,266
mle01,20181112110453_mle01_post_run5_EEG.easy,74,100 200 300 400,1,169243,0,,396
mle01,20181112110453_mle01_post_run5_EEG.easy,75,100 200 300 400 500,2,173446,173472,52,282
mle01,20181112110453_mle01_post_run5_EEG.easy,76,100 200 300 255 400,1,176810,0,,282
mle01,20181112110453_mle01_post_run5_EEG.easy,77,100 200 300 400,1,178837,0,,284
mle01,20181112110453_mle01_post_run5_EEG.easy,78,100 200 300 400,1,182555,0,,418
mle01,20181112110453_mle01_post_run5_EEG.easy,79,100 200 300 400 500,2,184640,184678,76,332
mle01,20181112110453_mle01_post_run5_EEG.easy,80,100 200 300 400,1,185655,0,,246
mle01,20181112110453_mle01_post_run5_EEG.easy,81,100 200 300 400,1,188217,0,,288
mle01,20181112110453_mle01_post_run5_EEG.easy,82,100 200 300 400,1,190860,0,,296
mle01,20181112110453_mle01_post_run5_EEG.easy,83,100 200 300 400 500,2,194503,194547,88,300
mle01,20181112110453_mle01_post_run5_EEG.easy,84,100 200 300 400,1,197452,0,,324
mle01,20181112110453_mle01_post_run5_EEG.easy,85,100 200 300 400,1,200268,0,,272
mle01,20181112110453_mle01_post_run5_EEG.easy,86,100 200 300 400,1,201836,0,,266
mle01,20181112110453_mle01_post_run5_EEG.easy,87,100 200 300 400 500,2,203644,203686,84,254
mle01,20181112110453_mle01_post_run5_EEG.easy,88,100 200 300 400,1,205696,0,,304
mle01,20181112110453_mle01_post_run5_EEG.easy,89,100 200 300 400 500,2,207400,207459,118,316
mle01,20181112110453_mle01_post_run5_EEG.easy,90,100 200 300 400 500,2,209839,209871,64,332
mle01,20181112110453_mle01_post_run5_EEG.easy,91,100 200 300 400,1,212216,0,,354
mle01,20181112110453_mle01_post_run5_EEG.easy,92,100 200 300 400,1,214910,0,,872
mle01,20181112110453_mle01_post_run5_EEG.easy,93,100 200 300 400,1,217053,0,,298
mle01,20181112110453_mle01_post_run5_EEG.easy,94,100 200 300 400,1,219595,0,,312
mle01,20181112110453_mle01_post_run5_EEG.easy,95,100 200 300 400 500,2,222160,222193,66,342
mle01,20181112110453_mle01_post_run5_EEG.easy,96,100 200 300 400 500,2,223937,223970,66,270
mle01,20181112110453_mle01_post_run5_EEG.easy,97,100 200 300 400,1,226945,0,,340
mle01,20181112110453_mle01_post_run5_EEG.easy,98,100 200 300 400,1,228547,0,,348
mle01,20181112110453_mle01_post_run5_EEG.easy,99,100 200 300 400,1,231897,0,,512
mle01,20181112110453_mle01_post_run5_EEG.easy,100,100 200 300 400 255,1,234036,0,,260
mle01,20181113090152_mle01_retest_run1_EEG.easy,1,100 200 300 400,1,6301,0,,328
mle01,20181113090152_mle01_retest_run1_EEG.easy,2,100 200 300 400,1,8657,0,,312
mle01,20181113090152_mle01_retest_run1_EEG.easy,3,100 200 300 400,1,10912,0,,312
mle01,20181113090152_mle01_retest_run1_EEG.easy,4,100 200 300 400,1,13236,0,,82
mle01,20181113090152_mle01_retest_run1_EEG.easy,5,100 200 300 400 500,2,14921,14948,54,354
mle01,20181113090152_mle01_retest_run1_EEG.easy,6,100 200 300 400 500,2,16952,16978,52,500
mle01,20181113090152_mle01_retest_run1_EEG.easy,7,100 200 300 400,1,18708,0,,330
mle01,20181113090152_mle01_retest_run1_EEG.easy,8,100 200 300 400 500,2,20484,20519,70,306
mle01,20181113090152_mle01_retest_run1_EEG.easy,9,100 200 300 400,1,21808,0,,498
mle01,20181113090152_mle01_retest_run1_EEG.easy,10,100 200 300 400 500,2,23353,23385,64,318
mle01,20181113090152_mle01_retest_run1_EEG.easy,11,100 200 300 400,1,24741,0,,334
mle01,20181113090152_mle01_retest_run1_EEG.easy,12,100 200 300 400,1,27664,0,,694
mle01,20181113090152_mle01_retest_run1_EEG.easy,13,100 200 300 400 500,2,28516,28549,66,298
mle01,20181113090152_mle01_retest_run1_EEG.easy,14,100 200 300 400 500,2,30596,30626,60,426
mle01,20181113090152_mle01_retest_run1_EEG.easy,15,100 200 300 400,1,32478,0,,346
mle01,20181113090152_mle01_retest_run1_EEG.easy,16,100 200 300 400,1,33428,0,,274
mle01,20181113090152_mle01_retest_run1_EEG.easy,17,100 200 300 400,1,35725,0,,282
mle01,20181113090152_mle01_retest_run1_EEG.easy,18,100 200 300 400,1,37274,0,,300
mle01,20181113090152_mle01_retest_run1_EEG.easy,19,100 200 300 400,1,38235,0,,354
mle01,20181113090152_mle01_retest_run1_EEG.easy,20,100 200 300 400 500,2,41673,41700,54,346
mle01,20181113090152_mle01_retest_run1_EEG.easy,21,100 200 300 400,1,43211,0,,514
mle01,20181113090152_mle01_retest_run1_EEG.easy,22,100 200 300 400,1,45078,0,,302
mle01,20181113090152_mle01_retest_run1_EEG.easy,23,100 200 300 400 500,2,47269,47374,210,92
mle01,20181113090152_mle01_retest_run1_EEG.easy,24,100 200 300 400,1,50272,0,,376
mle01,20181113090152_mle01_retest_run1_EEG.easy,25,100 200 300 400,1,52159,0,,390
mle01,20181113090152_mle01_retest_run1_EEG.easy,26,100 200 300 400,1,53679,0,,672
mle01,20181113090152_mle01_retest_run1_EEG.easy,27,100 200 300 400 500,2,55214,55237,46,280
mle01,20181113090152_mle01_retest_run1_EEG.easy,28,100 200 300 400,1,57981,0,,322
mle01,20181113090152_mle01_retest_run1_EEG.easy,29,100 200 300 400,1,59576,0,,348
mle01,20181113090152_mle01_retest_run1_EEG.easy,30,100 200 300 400,1,60489,0,,348
mle01,20181113090152_mle01_retest_run1_EEG.easy,31,100 200 300 400,1,62061,0,,292
mle01,20181113090152_mle01_retest_run1_EEG.easy,32,100 200 300 400,1,63967,0,,310
mle01,20181113090152_mle01_retest_run1_EEG.easy,33,100 200 300 400 500,2,66381,66402,42,356
mle01,20181113090152_mle01_retest_run1_EEG.easy,34,100 200 300 400 500,2,67492,67518,52,296
mle01,20181113090152_mle01_retest_run1_EEG.easy,35,100 200 300 400,1,69352,0,,316
mle01,20181113090152_mle01_retest_run1_EEG.easy,36,100 200 300 400,1,71464,0,,340
mle01,20181113090152_mle01_retest_run1_EEG.easy,37,100 200 300 400,1,73508,0,,308
mle01,20181113090152_mle01_retest_run1_EEG.easy,38,100 200 300 400 500,2,74488,74505,34,516
mle01,20181113090152_mle01_retest_run1_EEG.easy,39,100 200 300 400,1,77446,0,,358
mle01,20181113090152_mle01_retest_run1_EEG.easy,40,100 200 300 400 500,2,79131,79155,48,300
mle01,20181113090152_mle01_retest_run1_EEG.easy,41,100 200 300 400,1,81004,0,,368
mle01,20181113090152_mle01_retest_run1_EEG.easy,42,100 200 300 400 500,2,82576,82609,66,334
mle01,20181113090152_mle01_retest_run1_EEG.easy,43,100 200 300 400,1,84936,0,,308
mle01,20181113090152_mle01_retest_run1_EEG.easy,44,100 200 300 400,1,87215,0,,292
mle01,20181113090152_mle01_retest_run1_EEG.easy,45,100 200 300 400,1,89567,0,,322
mle01,20181113090152_mle01_retest_run1_EEG.easy,46,100 200 300 400,1,91841,0,,302
mle01,20181113090152_mle01_retest_run1_EEG.easy,47,100 200 300 400,1,93826,0,,312
mle01,20181113090152_mle01_retest_run1_EEG.easy,48,100 200 300 400,1,95425,0,,310
mle01,20181113090152_mle01_retest_run1_EEG.easy,49,100 200 300 400 500,2,97445,97466,42,552
mle01,20181113090152_mle01_retest_run1_EEG.easy,50,100 200 300 400,1,99865,0,,312
mle01,20181113090152_mle01_retest_run1_EEG.easy,51,100 200 300 400,1,101915,0,,318
mle01,20181113090152_mle01_retest_run1_EEG.easy,52,100 200 300 400,1,104500,0,,324
mle01,20181113090152_mle01_retest_run1_EEG.easy,53,100 200 300 400,1,106822,0,,290
mle01,20181113090152_mle01_retest_run1_EEG.easy,54,100 200 300 400,1,108000,0,,420
mle01,20181113090152_mle01_retest_run1_EEG.easy,55,100 200 300 400 500,2,109847,109874,54,292
mle01,20181113090152_mle01_retest_run1_EEG.easy,56,100 200 300 400,1,111832,0,,276
mle01,20181113090152_mle01_retest_run1_EEG.easy,57,100 200 300 400 500,2,112679,112705,52,318
mle01,20181113090152_mle01_retest_run1_EEG.easy,58,100 200 300 400,1,114545,0,,306
mle01,20181113090152_mle01_retest_run1_EEG.easy,59,100 200 300 400,1,116449,0,,280
mle01,20181113090152_mle01_retest_run1_EEG.easy,60,100 200 300 400 500,2,118819,118849,60,326
mle01,20181113090152_mle01_retest_run1_EEG.easy,61,100 200 300 400 500,2,122020,122043,46,360
mle01,20181113090152_mle01_retest_run1_EEG.easy,62,100 200 300 400,1,123154,0,,286
mle01,20181113090152_mle01_retest_run1_EEG.easy,63,100 200 300 400,1,125290,0,,350
mle01,20181113090152_mle01_retest_run1_EEG.easy,64,100 200 300 400,1,126302,0,,276
mle01,20181113090152_mle01_retest_run1_EEG.easy,65,100 200 300 400,1,128328,0,,272
mle01,20181113090152_mle01_retest_run1_EEG.easy,66,100 200 300 400 500,2,130845,130881,72,384
mle01,20181113090152_mle01_retest_run1_EEG.easy,67,100 200 300 400 500,2,132663,132696,66,288
mle01,20181113090152_mle01_retest_run1_EEG.easy,68,100 200 300 400,1,134927,0,,304
mle01,20181113090152_mle01_retest_run1_EEG.easy,69,100 200 300 400,1,136944,0,,282
mle01,20181113090152_mle01_retest_run1_EEG.easy,70,100 200 300 400 500,2,139220,139246,52,282
mle01,20181113090152_mle01_retest_run1_EEG.easy,71,100 200 300 400,1,141771,0,,280
mle01,20181113090152_mle01_retest_run1_EEG.easy,72,100 200 300 400 500,2,144466,144507,82,392
mle01,20181113090152_mle01_retest_run1_EEG.easy,73,100 200 300 400,1,146326,0,,290
mle01,20181113090152_mle01_retest_run1_EEG.easy,74,100 200 300 400 500,2,148336,148370,68,424
mle01,20181113090152_mle01_retest_run1_EEG.easy,75,100 200 300 400 500,2,149956,149982,52,256
mle01,20181113090152_mle01_retest_run1_EEG.easy,76,100 200 300 400,1,151245,0,,276
mle01,20181113090152_mle01_retest_run1_EEG.easy,77,100 200 300 400,1,153297,0,,288
mle01,20181113090152_mle01_retest_run1_EEG.easy,78,100 200 300 400,1,155174,0,,294
mle01,20181113090152_mle01_retest_run1_EEG.easy,79,100 200 300 400 500,2,156887,156914,54,268
mle01,20181113090152_mle01_retest_run1_EEG.easy,80,100 200 300 400,1,158349,0,,284
mle01,20181113090152_mle01_retest_run1_EEG.easy,81,100 200 300 400 500,2,159880,159906,52,292
mle01,20181113090152_mle01_retest_run1_EEG.easy,82,100 200 300 400,1,161074,0,,264
mle01,20181113090152_mle01_retest_run1_EEG.easy,83,100 200 300 400 500,2,162959,162988,58,310
mle01,20181113090152_mle01_retest_run1_EEG.easy,84,100 200 300 400,1,164651,0,,18
mle01,20181113090152_mle01_retest_run1_EEG.easy,85,100 200 300 400 500,2,167762,167786,48,430
mle01,20181113090152_mle01_retest_run1_EEG.easy,86,100 200 300 400 500,2,170503,170529,52,276
mle01,20181113090152_mle01_retest_run1_EEG.easy,87,100 200 300 400,1,172554,0,,280
mle01,20181113090152_mle01_retest_run1_EEG.easy,88,100 200 300 400 500,2,174348,174378,60,282
mle01,20181113090152_mle01_retest_run1_EEG.easy,89,100 200 300 400,1,175898,0,,274
mle01,20181113090152_mle01_retest_run1_EEG.easy,90,100 200 300 400,1,177733,0,,300
mle01,20181113090152_mle01_retest_run1_EEG.easy,91,100 200 300 400 500,2,179601,179630,58,306
mle01,20181113090152_mle01_retest_run1_EEG.easy,92,100 200 300 400,1,183181,0,,402
mle01,20181113090152_mle01_retest_run1_EEG.easy,93,100 200 300 400,1,186102,0,,320
mle01,20181113090152_mle01_retest_run1_EEG.easy,94,100 200 300 400,1,188050,0,,300
mle01,20181113090152_mle01_retest_run1_EEG.easy,95,100 200 300 400 500,2,191155,191176,42,292
mle01,20181113090152_mle01_retest_run1_EEG.easy,96,100 200 300 400,1,192071,0,,254
mle01,20181113090152_mle01_retest_run1_EEG.easy,97,100 200 300 400 500,2,194314,194345,62,256
mle01,20181113090152_mle01_retest_run1_EEG.easy,98,100 200 300 400,1,195570,0,,268
mle01,20181113090152_mle01_retest_run1_EEG.easy,99,100 200 300 400,1,197611,0,,300
mle01,20181113090152_mle01_retest_run1_EEG.easy,100,100 200 300 400,1,199335,0,,288
mle01,20181113090855_mle01_retest_run2_EEG.easy,1,100 200 300 400,1,3873,0,,328
mle01,20181113090855_mle01_retest_run2_EEG.easy,2,100 200 300 400 500,2,6470,6498,56,264
mle01,20181113090855_mle01_retest_run2_EEG.easy,3,100 200 300 400 500,2,8514,8573,118,340
mle01,20181113090855_mle01_retest_run2_EEG.easy,4,100 200 300 400 500,2,10878,10901,46,318
mle01,20181113090855_mle01_retest_run2_EEG.easy,5,100 200 300 400,1,12278,0,,642
mle01,20181113090855_mle01_retest_run2_EEG.easy,6,100 200 300 400,1,14870,0,,354
mle01,20181113090855_mle01_retest_run2_EEG.easy,7,100 200 300 400 500,2,16859,16882,46,300
mle01,20181113090855_mle01_retest_run2_EEG.easy,8,100 200 300 400 500,2,17849,17879,60,246
mle01,20181113090855_mle01_retest_run2_EEG.easy,9,100 200 300 400 500,2,19587,19614,54,280
mle01,20181113090855_mle01_retest_run2_EEG.easy,10,100 200 300 400 500,2,20706,20742,72,262
mle01,20181113090855_mle01_retest_run2_EEG.easy,11,100 200 300 400,1,23026,0,,272
mle01,20181113090855_mle01_retest_run2_EEG.easy,12,100 200 300 400,1,23950,0,,256
mle01,20181113090855_mle01_retest_run2_EEG.easy,13,100 200 300 400 500,2,25959,25991,64,270
mle01,20181113090855_mle01_retest_run2_EEG.easy,14,100 200 300 400,1,28867,0,,276
mle01,20181113090855_mle01_retest_run2_EEG.easy,15,100 200 300 400,1,31810,0,,316
mle01,20181113090855_mle01_retest_run2_EEG.easy,16,100 200 300 400,1,32660,0,,308
mle01,20181113090855_mle01_retest_run2_EEG.easy,17,100 200 300 400 500,2,35680,35713,66,280
mle01,20181113090855_mle01_retest_run2_EEG.easy,18,100 200 300 400,1,37658,0,,274
mle01,20181113090855_mle01_retest_run2_EEG.easy,19,100 200 300 400,1,38580,0,,254
mle01,20181113090855_mle01_retest_run2_EEG.easy,20,100 200 300 400,1,40786,0,,296
mle01,20181113090855_mle01_retest_run2_EEG.easy,21,100 200 300 400,1,41721,0,,312
mle01,20181113090855_mle01_retest_run2_EEG.easy,22,100 200 300 400 500,2,44882,44927,90,330
mle01,20181113090855_mle01_retest_run2_EEG.easy,23,100 200 300 400,1,46591,0,,318
mle01,20181113090855_mle01_retest_run2_EEG.easy,24,100 200 300 400 500,2,48766,48811,90,336
mle01,20181113090855_mle01_retest_run2_EEG.easy,25,100 200 300 400,1,49703,0,,296
mle01,20181113090855_mle01_retest_run2_EEG.easy,26,100 200 300 400 500,2,52741,52785,88,308
mle01,20181113090855_mle01_retest_run2_EEG.easy,27,100 200 300 400 500,2,54167,54206,78,308
mle01,20181113090855_mle01_retest_run2_EEG.easy,28,100 200 300 400,1,55691,0,,306
mle01,20181113090855_mle01_retest_run2_EEG.easy,29,100 200 300 400 500,2,57685,57715,60,334
mle01,20181113090855_mle01_retest_run2_EEG.easy,30,100 200 300 400 500,2,59446,59491,90,332
mle01,20181113090855_mle01_retest_run2_EEG.easy,31,100 200 300 400 500,2,61164,61207,86,306
mle01,20181113090855_mle01_retest_run2_EEG.easy,32,100 200 300 400,1,63251,0,,396
mle01,20181113090855_mle01_retest_run2_EEG.easy,33,100 200 300 400,1,65363,0,,390
mle01,20181113090855_mle01_retest_run2_EEG.easy,34,100 200 300 400,1,67724,0,,316
mle01,20181113090855_mle01_retest_run2_EEG.easy,35,100 200 300 400 500,2,69832,69865,66,346
mle01,20181113090855_mle01_retest_run2_EEG.easy,36,100 200 300 400 500,2,72819,72860,82,358
mle01,20181113090855_mle01_retest_run2_EEG.easy,37,100 200 300 400,1,74284,0,,274
mle01,20181113090855_mle01_retest_run2_EEG.easy,38,100 200 300 400,1,77098,0,,408
mle01,20181113090855_mle01_retest_run2_EEG.easy,39,100 200 300 400 500,2,79905,79940,70,348
mle01,20181113090855_mle01_retest_run2_EEG.easy,40,100 200 300 400 500,2,81726,81761,70,308
mle01,20181113090855_mle01_retest_run2_EEG.easy,41,100 200 300 400,1,82704,0,,268
mle01,20181113090855_mle01_retest_run2_EEG.easy,42,100 200 300 400,1,85552,0,,300
mle01,20181113090855_mle01_retest_run2_EEG.easy,43,100 200 300 400,1,87027,0,,568
mle01,20181113090855_mle01_retest_run2_EEG.easy,45,100 200 300 400,1,91315,0,,274
mle01,20181113090855_mle01_retest_run2_EEG.easy,46,100 200 300 400,1,93239,0,,294
mle01,20181113090855_mle01_retest_run2_EEG.easy,47,100 200 300 400,1,94545,0,,238
mle01,20181113090855_mle01_retest_run2_EEG.easy,48,100 200 300 400 500,2,96636,96670,68,270
mle01,20181113090855_mle01_retest_run2_EEG.easy,49,100 200 300 400,1,99135,0,,292
mle01,20181113090855_mle01_retest_run2_EEG.easy,50,100 200 300 400,1,100294,0,,362
mle01,20181113090855_mle01_retest_run2_EEG.easy,51,100 200 300 400 500,2,102603,102635,64,290
mle01,20181113090855_mle01_retest_run2_EEG.easy,52,100 200 300 400,1,103602,0,,282
mle01,20181113090855_mle01_retest_run2_EEG.easy,53,100 200 300 400,1,105777,0,,274
mle01,20181113090855_mle01_retest_run2_EEG.easy,54,100 200 300 400,1,106619,0,,320
mle01,20181113090855_mle01_retest_run2_EEG.easy,55,100 200 300 400,1,108412,0,,446
mle01,20181113090855_mle01_retest_run2_EEG.easy,56,100 200 300 400,1,110154,0,,288
mle01,20181113090855_mle01_retest_run2_EEG.easy,57,100 200 300 400 500,2,111228,111268,80,292
mle01,20181113090855_mle01_retest_run2_EEG.easy,58,100 200 300 400,1,112936,0,,270
mle01,20181113090855_mle01_retest_run2_EEG.easy,59,100 200 300 400 500,2,115175,115206,62,300
mle01,20181113090855_mle01_retest_run2_EEG.easy,60,100 200 300 400,1,116140,0,,278
mle01,20181113090855_mle01_retest_run2_EEG.easy,61,100 200 300 400,1,118380,0,,312
mle01,20181113090855_mle01_retest_run2_EEG.easy,62,100 200 300 400 500,2,121395,121436,82,336
mle01,20181113090855_mle01_retest_run2_EEG.easy,63,100 200 300 400,1,123090,0,,312
mle01,20181113090855_mle01_retest_run2_EEG.easy,64,100 200 300 400,1,125745,0,,320
mle01,20181113090855_mle01_retest_run2_EEG.easy,65,100 200 300 400,1,126626,0,,288
mle01,20181113090855_mle01_retest_run2_EEG.easy,66,100 200 300 400,1,128805,0,,306
mle01,20181113090855_mle01_retest_run2_EEG.easy,67,100 200 300 400,1,131422,0,,370
mle01,20181113090855_mle01_retest_run2_EEG.easy,68,100 200 300 400 500,2,132242,132275,66,292
mle01,20181113090855_mle01_retest_run2_EEG.easy,69,100 200 300 400,1,134429,0,,282
mle01,20181113090855_mle01_retest_run2_EEG.easy,70,100 200 300 400 500,2,136581,136612,62,282
mle01,20181113090855_mle01_retest_run2_EEG.easy,71,100 200 300 400,1,138353,0,,308
mle01,20181113090855_mle01_retest_run2_EEG.easy,72,100 200 300 400 500,2,139239,139274,70,312
mle01,20181113090855_mle01_retest_run2_EEG.easy,73,100 200 300 400,1,142556,0,,352
mle01,20181113090855_mle01_retest_run2_EEG.easy,74,100 200 300 400 500,2,145920,145946,52,438
mle01,20181113090855_mle01_retest_run2_EEG.easy,75,100 200 300 400,1,148380,0,,306
mle01,20181113090855_mle01_retest_run2_EEG.easy,76,100 200 300 400 500,2,149195,149224,58,302
mle01,20181113090855_mle01_retest_run2_EEG.easy,77,100 200 300 400,1,151726,0,,324
mle01,20181113090855_mle01_retest_run2_EEG.easy,78,100 200 300 400,1,154526,0,,408
mle01,20181113090855_mle01_retest_run2_EEG.easy,79,100 200 300 400,1,156375,0,,368
mle01,20181113090855_mle01_retest_run2_EEG.easy,80,100 200 300 400,1,158555,0,,288
mle01,20181113090855_mle01_retest_run2_EEG.easy,81,100 200 300 400,1,160374,0,,312
mle01,20181113090855_mle01_retest_run2_EEG.easy,82,100 200 300 400 255 255 255 255 255 255 255 255 255 255 255 255 255 255,1,163163,0,,298
mle01,20181113090855_mle01_retest_run2_EEG.easy,83,100 255 255 255 255 200 255 255 255 255 255 255 255 255 255 255 255 255 255 255 255 255 300 255 255 255 255 255 255 255 255 255 255 255 255 255 255 400 255 255,1,164454,0,,262
mle01,20181113090855_mle01_retest_run2_EEG.easy,84,100 255 255 255 255 255 255 255 255 200 300 400,1,166186,0,,272
mle01,20181113090855_mle01_retest_run2_EEG.easy,85,100 200 300 400 500,2,168171,168216,90,278
mle01,20181113090855_mle01_retest_run2_EEG.easy,86,100 200 300 400 500,2,170493,170540,94,268
mle01,20181113090855_mle01_retest_run2_EEG.easy,87,100 200 255 255 255 255 255 255 300 255 255 255 255 400 255 255 255 255 255 255 255 255 255 255 255 255 255 255 255 255 255 255 255 255 255 255 255 255,1,172638,0,,204
mle01,20181113090855_mle01_retest_run2_EEG.easy,88,100 200 300 400 500,2,174903,174946,86,292
mle01,20181113090855_mle01_retest_run2_EEG.easy,89,100 200 300 400,1,176609,0,,310
mle01,20181113090855_mle01_retest_run2_EEG.easy,90,100 200 300 400,1,179607,0,,314
mle01,20181113090855_mle01_retest_run2_EEG.easy,91,100 200 300 400,1,180823,0,,288
mle01,20181113090855_mle01_retest_run2_EEG.easy,92,100 200 300 400,1,182961,0,,430
mle01,20181113090855_mle01_retest_run2_EEG.easy,93,100 200 300 400,1,185427,0,,322
mle01,20181113090855_mle01_retest_run2_EEG.easy,94,100 200 255 255 255 255 255 255 255 255 255 255 255 255 255 255 300 400 500,2,187588,187633,90,282
mle01,20181113090855_mle01_retest_run2_EEG.easy,95,100 255 255 255 255 255 255 255 255 255 255 255 255 255 255 255 255 255 255 255 255 255 255 255 255 255 255 255 255 255 255 255 255 255 255 255 255 255 255 255 255 255 255 255 255 255 255 255 255 255 255 255 255 255 255 255 255 255 255 255 255 255 255 255 255 255 255 255 255 255 255 255 255 255 255 255 255 255 255 255 255 255 255 255 255 255 255 255 255 255 255 255 255 255 255 255 255 255 255 255 255 255 255 255 255 255 255 255 255 255 255 255 255 255 255 255 255 255 255 255 255 255 255 255 255 200 255 255 255 255 255 255 255 255 255 255 255 255 255 255 255 255 255 255 300 400,1,190641,0,,342
mle01,20181113090855_mle01_retest_run2_EEG.easy,96,100 255 255 200 255 255 255 255 255 255 255 255 300 400,1,193258,0,,394
mle01,20181113090855_mle01_retest_run2_EEG.easy,97,100 200 300 400,1,194531,0,,302
mle01,20181113090855_mle01_retest_run2_EEG.easy,98,100 200 300 400,1,196016,0,,176
mle01,20181113090855_mle01_retest_run2_EEG.easy,99,100 200 255 255 255 255 255 255 255 255 255 255 255 255 255 255 255 255 255 255 255 255 255 255 255 255 255 255 255 255 255 255 255 255 255 255 255 255 255 255 255 255 255 255 255 255 255 255 255 255 255 255 255 255 300 400 255 255 255 255 255 255 255 255 255 255 255 255 255 255 255 255 255 255,1,198647,0,,322
mle01,20181113090855_mle01_retest_run2_EEG.easy,100,100 255 255 255 255 255 255 255 255 255 255 255 255 255 255 255 255 255 255 255 255 255 255 255 255 255 255 255 255 255 255 255 255 255 255 200 300 400,1,200636,0,,362
mle01,20181113091555_mle01_retest_run3_EEG.easy,1,100 200 300 400,1,5136,0,,376
mle01,20181113091555_mle01_retest_run3_EEG.easy,2,100 200 300 400,1,6764,0,,314
mle01,20181113091555_mle01_retest_run3_EEG.easy,3,100 200 300 400,1,8480,0,,266
mle01,20181113091555_mle01_retest_run3_EEG.easy,4,100 200 300 400 500,2,11968,12005,74,304
mle01,20181113091555_mle01_retest_run3_EEG.easy,5,100 200 300 400,1,13257,0,,276
mle01,20181113091555_mle01_retest_run3_EEG.easy,6,100 200 300 400,1,15419,0,,364
mle01,20181113091555_mle01_retest_run3_EEG.easy,7,100 200 300 400 500,2,17211,17255,88,292
mle01,20181113091555_mle01_retest_run3_EEG.easy,8,100 200 300 400,1,18541,0,,300
mle01,20181113091555_mle01_retest_run3_EEG.easy,9,100 200 300 400 500,2,21988,22033,90,324
mle01,20181113091555_mle01_retest_run3_EEG.easy,10,100 200 300 400 500,2,23242,23277,70,260
mle01,20181113091555_mle01_retest_run3_EEG.easy,11,100 200 300 400 500,2,24960,24998,76,404
mle01,20181113091555_mle01_retest_run3_EEG.easy,12,100 200 300 400,1,26283,0,,492
mle01,20181113091555_mle01_retest_run3_EEG.easy,13,100 200 300 400 255,1,28117,0,,326
mle01,20181113091555_mle01_retest_run3_EEG.easy,14,100 200 300 400,1,30867,0,,350
mle01,20181113091555_mle01_retest_run3_EEG.easy,15,100 200 300 400 500,2,32714,32758,88,290
mle01,20181113091555_mle01_retest_run3_EEG.easy,16,100 200 300 400,1,34664,0,,280
mle01,20181113091555_mle01_retest_run3_EEG.easy,17,100 200 300 400,1,36995,0,,296
mle01,20181113091555_mle01_retest_run3_EEG.easy,18,100 200 300 400,1,39017,0,,316
mle01,20181113091555_mle01_retest_run3_EEG.easy,19,100 200 300 400 500,2,41182,41235,106,292
mle01,20181113091555_mle01_retest_run3_EEG.easy,20,100 200 300 400 500,2,43446,43511,130,258
mle01,20181113091555_mle01_retest_run3_EEG.easy,21,100 200 300 400,1,45654,0,,352
mle01,20181113091555_mle01_retest_run3_EEG.easy,22,100 200 300 400,1,47383,0,,306
mle01,20181113091555_mle01_retest_run3_EEG.easy,23,100 200 300 400 500,2,49521,49588,134,294
mle01,20181113091555_mle01_retest_run3_EEG.easy,24,100 200 300 400,1,51851,0,,338
mle01,20181113091555_mle01_retest_run3_EEG.easy,25,100 200 300 400,1,53999,0,,352
mle01,20181113091555_mle01_retest_run3_EEG.easy,26,100 200 300 400,1,56363,0,,424
mle01,20181113091555_mle01_retest_run3_EEG.easy,27,100 200 300 400,1,58214,0,,352
mle01,20181113091555_mle01_retest_run3_EEG.easy,28,100 200 300 400,1,61154,0,,390
mle01,20181113091555_mle01_retest_run3_EEG.easy,29,100 200 300 400,1,63071,0,,292
mle01,20181113091555_mle01_retest_run3_EEG.easy,30,100 200 300 400,1,66352,0,,334
mle01,20181113091555_mle01_retest_run3_EEG.easy,31,100 200 300 400 500,2,69267,69306,78,340
mle01,20181113091555_mle01_retest_run3_EEG.easy,32,100 200 300 400 500,2,72819,72863,88,338
mle01,20181113091555_mle01_retest_run3_EEG.easy,33,100 200 300 400,1,77760,0,,348
mle01,20181113091555_mle01_retest_run3_EEG.easy,34,100 200 300 400 500,2,80901,80921,40,480
mle01,20181113091555_mle01_retest_run3_EEG.easy,35,100 200 300 400 500,2,84925,84982,114,358
mle01,20181113091555_mle01_retest_run3_EEG.easy,36,100 200 300 400,1,86795,0,,284
mle01,20181113091555_mle01_retest_run3_EEG.easy,37,100 200 300 400,1,89086,0,,348
mle01,20181113091555_mle01_retest_run3_EEG.easy,38,100 200 300 400,1,90921,0,,364
mle01,20181113091555_mle01_retest_run3_EEG.easy,39,100 200 300 400,1,93867,0,,358
mle01,20181113091555_mle01_retest_run3_EEG.easy,40,100 200 300 400,1,98251,0,,334
mle01,20181113091555_mle01_retest_run3_EEG.easy,41,100 200 300 400 500,2,99755,99793,76,290
mle01,20181113091555_mle01_retest_run3_EEG.easy,42,100 200 300 400,1,101030,0,,304
mle01,20181113091555_mle01_retest_run3_EEG.easy,43,100 200 300 400,1,104063,0,,302
mle01,20181113091555_mle01_retest_run3_EEG.easy,44,100 200 300 400,1,105974,0,,312
mle01,20181113091555_mle01_retest_run3_EEG.easy,45,100 200 300 400 500,2,107936,107988,104,334
mle01,20181113091555_mle01_retest_run3_EEG.easy,46,100 200 300 400 500,2,110695,110724,58,308
mle01,20181113091555_mle01_retest_run3_EEG.easy,47,100 200 300 400,1,111967,0,,316
mle01,20181113091555_mle01_retest_run3_EEG.easy,48,100 255 255 255 255 255 255 255 255 255 255 255 255 255 255 255 255 255 255 255 255 255 255 255 255 255 255 255 255 255 255 255 255 255 255 255 255 255 255 255 255 255 255 255 255 255 255 255 255 255 255 255 255 255 255 255 255 255 255 255 255 255 255 255 255 255 255 255 255 255 255 255 255 255 255 255 255 255 255 255 255 255 255 255 255 255 255 255 255 255 255 255 255 255 255 255 255 255 255 200 300 400,1,114960,0,,318
mle01,20181113091555_mle01_retest_run3_EEG.easy,49,100 200 300 400,1,118746,0,,294
mle01,20181113091555_mle01_retest_run3_EEG.easy,50,100 200 300 400,1,120039,0,,286
mle01,20181113091555_mle01_retest_run3_EEG.easy,51,100 200 300 400 500,2,122218,122280,124,354
mle01,20181113091555_mle01_retest_run3_EEG.easy,52,100 200 300 400 500,2,124488,124521,66,284
mle01,20181113091555_mle01_retest_run3_EEG.easy,53,100 200 300 400,1,127257,0,,364
mle01,20181113091555_mle01_retest_run3_EEG.easy,54,100 200 300 400,1,128825,0,,298
mle01,20181113091555_mle01_retest_run3_EEG.easy,55,100 200 300 400,1,131137,0,,422
mle01,20181113091555_mle01_retest_run3_EEG.easy,56,100 200 300 400,1,133051,0,,196
mle01,20181113091555_mle01_retest_run3_EEG.easy,57,100 200 300 400 500,2,134640,134682,84,304
mle01,20181113091555_mle01_retest_run3_EEG.easy,58,100 200 300 400 500,2,138607,138651,88,286
mle01,20181113091555_mle01_retest_run3_EEG.easy,59,100 200 300 400 500,2,141515,141557,84,320
mle01,20181113091555_mle01_retest_run3_EEG.easy,60,100 200 300 400,1,142842,0,,302
mle01,20181113091555_mle01_retest_run3_EEG.easy,61,100 200 300 400,1,143831,0,,372
mle01,20181113091555_mle01_retest_run3_EEG.easy,62,100 200 300 400 500,2,145487,145530,86,306
mle01,20181113091555_mle01_retest_run3_EEG.easy,63,100 200 300 400 500,2,148035,148082,94,344
mle01,20181113091555_mle01_retest_run3_EEG.easy,64,100 200 300 400 500,2,150039,150071,64,304
mle01,20181113091555_mle01_retest_run3_EEG.easy,65,100 200 300 400,1,152139,0,,402
mle01,20181113091555_mle01_retest_run3_EEG.easy,66,100 200 300 400,1,154925,0,,284
mle01,20181113091555_mle01_retest_run3_EEG.easy,67,100 200 300 400,1,156837,0,,344
mle01,20181113091555_mle01_retest_run3_EEG.easy,68,100 200 300 400 500,2,160134,160170,72,378
mle01,20181113091555_mle01_retest_run3_EEG.easy,69,100 200 300 400,1,163755,0,,298
mle01,20181113091555_mle01_retest_run3_EEG.easy,70,100 200 300 400 500,2,165194,165223,58,298
mle01,20181113091555_mle01_retest_run3_EEG.easy,71,100 200 300 400,1,167040,0,,286
mle01,20181113091555_mle01_retest_run3_EEG.easy,72,100 200 300 400,1,168617,0,,304
mle01,20181113091555_mle01_retest_run3_EEG.easy,73,100 255 255 255 255 255 255 255 255 255 255 255 255 255 255 255 255 255 255 255 255 255 255 255 255 255 255 255 255 255 255 255 255 255 255 255 255 255 255 255 255 255 255 255 255 255 255 255 255 255 255 255 255 255 255 255 255 255 255 255 255 255 255 255 255 255 255 255 255 255 255 255 255 255 255 255 255 255 255 255 255 255 255 255 255 255 255 255 255 255 255 255 255 255 255 255 255 255 255 255 255 255 255 255 255 255 255 255 255 255 255 255 255 255 255 255 255 255 255 255 255 255 255 255 255 255 255 255 255 255 255 255 255 255 255 255 255 200 255 255 255 255 255 255 255 255 255 255 255 255 255 255 255 255 255 255 255 255 255 255 255 255 255 255 255 255 255 255 255 255 255 255 255 255 255 255 255 255 255 255 255 255 255 255 255 255 255 255 255 255 255 255 255 255 255 255 255 255 255 255 255 255 255 255 255 255 255 255 255 255 255 255 255 255 255 255 255 255 255 255 255 255 255 255 255 255 255 255 255 255 300 255 255 255 255 255 255 255 255 255 255 400 500,2,170435,170484,98,308
mle01,20181113091555_mle01_retest_run3_EEG.easy,74,100 200 300 400 500,2,173753,173781,56,386
mle01,20181113091555_mle01_retest_run3_EEG.easy,75,100 200 300 400,1,175485,0,,300
mle01,20181113091555_mle01_retest_run3_EEG.easy,76,100 200 255 255 255 255 255 255 255 255 255 255 255 255 255 255 255 255 255 255 255 255 255 255 255 255 255 255 255 255 255 255 255 255 255 255 255 255 255 255 255 255 255 255 255 255 255 255 255 255 255 255 255 300 255 255 255 255 255 255 255 255 255 255 255 255 255 255 400 255 255 500 255 255 255 255 255 255 255 255 255 255 255 255 255 255 255,2,178531,178564,66,328
mle01,20181113091555_mle01_retest_run3_EEG.easy,77,100 255 255 255 255 255 255 255 255 255 255 255 255 255 255 255 255 255 255 255 255 255 255 255 255 255 255 255 255 255 255 255 255 255 255 255 255 255 255 255 255 255 255 255 255 255 255 255 255 255 255 255 255 255 255 255 255 255 255 255 255 255 255 255 255 255 255 255 255 255 255 255 255 255 255 255 255 255 255 255 255 255 255 255 255 255 255 255 255 255 255 255 255 255 255 255 255 255 255 255 255 255 255 255 255 255 255 255 255 255 255 255 255 255 255 255 255 255 255 255 255 255 255 255 255 255 255 255 255 255 255 255 255 255 255 255 255 255 255 255 255 255 255 255 255 255 255 255 255 255 255 255 255 255 255 255 255 255 255 255 255 255 255 255 255 255 255 255 255 255 255 255 255 255 255 255 255 255 255 255 255 255 255 255 255 255 255 255 255 255 255 255 255 255 255 255 255 255 255 255 255 255 255 255 255 255 255 255 255 255 255 255 255 255 255 255 255 255 255 255 255 255 255 255 255 255 255 255 255 255 255 255 255 255 255 255 255 255 255 255 255 255 255 255 255 255 255 255 255 255 255 255 255 255 255 255 255 255 255 255 255 255 255 255 255 255 255 255 255 255 255 255 255 255 255 255 255 255 255 255 255 255 255 255 255 255 255 255 255 255 255 255 255 255 255 255 255 255 255 255 255 200 255 255 255 255 255 255 255 255 255 255 255 255 255 255 255 255 255 255 255 255 255 255 255 255 255 255 255 255 255 255 255 255 255 255 255 255 255 255 255 255 255 255 255 255 255 255 255 255 300 255 255 255 255 255 255 255 255 255 255 255 255 255 255 255 255 255 255 255 255 255 255 255 255 255 255 255 255 400 255 255 255 255 255 255 255 255 255 255 255 255 255 255 255 255 255 255 255 255 255 255 255 255 255 255 255 255 255,1,181442,0,,288
mle01,20181113091555_mle01_retest_run3_EEG.easy,78,100 255 255 255 255 255 255 255 255 255 255 255 255 255 255 255 255 255 255 255 255 255 255 255 255 255 255 255 255 255 255 255 255 255 255 255 255 255 255 255 255 255 255 255 255 255 255 255 255 255 255 255 255 255 255 255 255 255 255 255 255 255 255 255 255 255 255 255 255 255 255 255 255 255 255 255 255 255 255 255 255 255 255 255 255 255 255 255 255 255 255 255 255 255 255 255 255 255 255 255 255 255 255 255 255 255 255 255 255 255 255 255 255 255 255 255 255 255 255 255 255 255 255 255 255 255 255 255 255 255 255 255 255 255 255 255 255 255 255 255 255 255 255 255 255 255 255 255 255 255 255 255 255 255 255 255 255 255 255 255 255 255 255 255 255 255 255 255 255 255 255 255 255 200 300 255 255 255 255 255 255 255 255 400 255 255 255 255 255 255 255 255 255 255 255 255 255 255 500,2,183204,183238,68,328
mle01,20181113091555_mle01_retest_run3_EEG.easy,79,100 255 255 255 255 200 255 255 255 255 255 255 255 255 255 255 255 255 300 255 255 255 255 255 255 255 255 255 255 255 255 255 255 255 255 255 255 255 255 255 255 255 255 255 255 255 255 255 255 255 255 255 255 255 255 255 255 255 255 255 255 255 255 255 255 255 255 255 255 255 255 255 255 255 255 400 255 255 255 255 255 255 255 255 255 255 255 255 255 255 255 255 255 255 255 255 255 255 255 255 255 255 255 255 255 255 255 255 255 255 255 255 255 255 255 255 255 255 255 255 255 255 255 255 255 255,1,184763,0,,378
mle01,20181113091555_mle01_retest_run3_EEG.easy,80,100 255 255 255 255 255 255 255 255 200 300 400 500,2,187492,187563,142,362
mle01,20181113091555_mle01_retest_run3_EEG.easy,81,100 255 255 255 255 255 255 255 255 255 255 255 255 255 255 255 255 255 255 255 255 255 255 255 255 255 255 255 255 255 255 255 255 255 255 255 255 255 255 255 255 255 255 200 255 255 255 255 255 255 255 255 255 255 255 255 255 255 255 255 255 255 255 255 255 255 255 255 255 255 255 255 255 255 255 255 255 255 255 255 255 255 255 255 255 255 255 255 300 400,1,190022,0,,360
mle01,20181113091555_mle01_retest_run3_EEG.easy,82,100 200 300 400,1,192802,0,,360
mle01,20181113091555_mle01_retest_run3_EEG.easy,83,100 255 255 255 255 255 255 255 255 255 255 255 255 255 255 255 255 255 255 255 255 255 255 255 255 255 255 255 255 255 255 255 255 255 255 255 255 255 255 255 255 255 255 255 255 255 255 255 255 255 255 255 255 255 255 255 255 255 255 255 255 255 255 255 255 255 255 255 255 255 255 255 255 255 255 255 255 255 255 255 255 255 255 255 255 255 255 255 255 200 300 400 500 255 255 255 255 255 255 255 255,2,194617,194665,96,348
mle01,20181113091555_mle01_retest_run3_EEG.easy,84,100 255 255 255 255 255 255 255 255 200 300 400,1,196857,0,,312
mle01,20181113091555_mle01_retest_run3_EEG.easy,85,100 200 300 400,1,198485,0,,346
mle01,20181113091555_mle01_retest_run3_EEG.easy,86,100 200 300 400,1,201169,0,,326
mle01,20181113091555_mle01_retest_run3_EEG.easy,87,100 200 300 400,1,202831,0,,406
mle01,20181113091555_mle01_retest_run3_EEG.easy,88,100 200 300 400 500,2,208243,208276,66,392
mle01,20181113091555_mle01_retest_run3_EEG.easy,89,100 200 300 400,1,209842,0,,320
mle01,20181113091555_mle01_retest_run3_EEG.easy,90,100 200 300 400,1,211673,0,,296
mle01,20181113091555_mle01_retest_run3_EEG.easy,91,100 200 300 400,1,214096,0,,342
mle01,20181113091555_mle01_retest_run3_EEG.easy,92,100 200 300 400 500,2,215762,215798,72,320
mle01,20181113091555_mle01_retest_run3_EEG.easy,93,100 200 300 400,1,216705,0,,296
mle01,20181113091555_mle01_retest_run3_EEG.easy,94,100 200 300 400,1,218759,0,,298
mle01,20181113091555_mle01_retest_run3_EEG.easy,95,100 200 300 400,1,219913,0,,336
mle01,20181113091555_mle01_retest_run3_EEG.easy,96,100 200 300 400,1,223146,0,,440
mle01,20181113091555_mle01_retest_run3_EEG.easy,97,100 200 300 400,1,224646,0,,270
mle01,20181113091555_mle01_retest_run3_EEG.easy,98,100 200 300 400,1,228196,0,,358
mle01,20181113091555_mle01_retest_run3_EEG.easy,99,100 200 300 400,1,229304,0,,286
mle01,20181113091555_mle01_retest_run3_EEG.easy,100,100 200 300 400,1,230958,0,,310
mle01,20181113092450_mle01_retest_run4_EEG.easy,1,100 200 300 400,1,4812,0,,320
mle01,20181113092450_mle01_retest_run4_EEG.easy,2,100 200 300 400 500,2,8111,8158,94,338
mle01,20181113092450_mle01_retest_run4_EEG.easy,3,100 200 300 400,1,9817,0,,56
mle01,20181113092450_mle01_retest_run4_EEG.easy,4,100 200 300 400 500,2,11549,11616,134,336
mle01,20181113092450_mle01_retest_run4_EEG.easy,5,100 200 300 400,1,13139,0,,6
mle01,20181113092450_mle01_retest_run4_EEG.easy,6,100 200 300 400 500,2,15402,15449,94,274
mle01,20181113092450_mle01_retest_run4_EEG.easy,7,100 200 300 400 500,2,17500,17547,94,302
mle01,20181113092450_mle01_retest_run4_EEG.easy,8,100 200 300 400 500,2,19667,19718,102,280
mle01,20181113092450_mle01_retest_run4_EEG.easy,9,100 200 300 400,1,21807,0,,298
mle01,20181113092450_mle01_retest_run4_EEG.easy,10,100 200 300 400,1,24723,0,,394
mle01,20181113092450_mle01_retest_run4_EEG.easy,11,100 200 300 400,1,26796,0,,384
mle01,20181113092450_mle01_retest_run4_EEG.easy,12,100 200 300 400,1,29582,0,,314
mle01,20181113092450_mle01_retest_run4_EEG.easy,13,100 200 300 400,1,33890,0,,396
mle01,20181113092450_mle01_retest_run4_EEG.easy,14,100 200 300 400 500,2,35638,35685,94,334
mle01,20181113092450_mle01_retest_run4_EEG.easy,15,100 200 300 400,1,38938,0,,366
mle01,20181113092450_mle01_retest_run4_EEG.easy,16,100 200 300 400 500,2,40443,40497,108,242
mle01,20181113092450_mle01_retest_run4_EEG.easy,17,100 200 300 400,1,44966,0,,476
mle01,20181113092450_mle01_retest_run4_EEG.easy,18,100 200 300 400,1,47980,0,,300
mle01,20181113092450_mle01_retest_run4_EEG.easy,19,100 200 300 400,1,50286,0,,324
mle01,20181113092450_mle01_retest_run4_EEG.easy,20,100 200 300 400,1,52721,0,,284
mle01,20181113092450_mle01_retest_run4_EEG.easy,21,100 200 300 400 500,2,54757,54803,92,318
mle01,20181113092450_mle01_retest_run4_EEG.easy,22,100 200 300 400,1,56442,0,,360
mle01,20181113092450_mle01_retest_run4_EEG.easy,23,100 200 300 400 500,2,58799,58861,124,390
mle01,20181113092450_mle01_retest_run4_EEG.easy,24,100 200 300 400,1,62952,0,,416
mle01,20181113092450_mle01_retest_run4_EEG.easy,25,100 200 300 400 500,2,66896,66952,112,316
mle01,20181113092450_mle01_retest_run4_EEG.easy,26,100 200 300 400,1,69742,0,,322
mle01,20181113092450_mle01_retest_run4_EEG.easy,27,100 200 300 400 500,2,71365,71528,326,390
mle01,20181113092450_mle01_retest_run4_EEG.easy,28,100 200 300 400 500,2,73335,73392,114,306
mle01,20181113092450_mle01_retest_run4_EEG.easy,29,100 200 300 400 500,2,76512,76594,164,390
mle01,20181113092450_mle01_retest_run4_EEG.easy,30,100 200 300 400,1,79276,0,,348
mle01,20181113092450_mle01_retest_run4_EEG.easy,31,100 200 300 400 500,2,82277,82376,198,364
mle01,20181113092450_mle01_retest_run4_EEG.easy,32,100 200 300 400 500,2,83984,84037,106,302
mle01,20181113092450_mle01_retest_run4_EEG.easy,33,100 200 300 400,1,86576,0,,318
mle01,20181113092450_mle01_retest_run4_EEG.easy,34,100 200 300 400 500,2,87996,88043,94,280
mle01,20181113092450_mle01_retest_run4_EEG.easy,35,100 200 300 400,1,90489,0,,318
mle01,20181113092450_mle01_retest_run4_EEG.easy,36,100 200 300 400,1,92759,0,,296
mle01,20181113092450_mle01_retest_run4_EEG.easy,37,100 200 300 400,1,95196,0,,326
mle01,20181113092450_mle01_retest_run4_EEG.easy,38,100 200 300 400,1,97878,0,,350
mle01,20181113092450_mle01_retest_run4_EEG.easy,39,100 200 300 400,1,100047,0,,350
mle01,20181113092450_mle01_retest_run4_EEG.easy,40,100 200 300 400,1,102220,0,,358
mle01,20181113092450_mle01_retest_run4_EEG.easy,41,100 200 300 400,1,105577,0,,356
mle01,20181113092450_mle01_retest_run4_EEG.easy,42,100 200 300 400 500,2,106905,106962,114,340
mle01,20181113092450_mle01_retest_run4_EEG.easy,43,100 200 300 400 500,2,108860,108916,112,304
mle01,20181113092450_mle01_retest_run4_EEG.easy,44,100 200 300 400,1,110201,0,,304
mle01,20181113092450_mle01_retest_run4_EEG.easy,45,100 200 300 400,1,113673,0,,366
mle01,20181113092450_mle01_retest_run4_EEG.easy,46,100 200 300 400,1,116100,0,,306
mle01,20181113092450_mle01_retest_run4_EEG.easy,47,100 200 300 400 500,2,118020,118074,108,350
mle01,20181113092450_mle01_retest_run4_EEG.easy,48,100 200 300 400,1,120373,0,,380
mle01,20181113092450_mle01_retest_run4_EEG.easy,49,100 200 300 400,1,125557,0,,324
mle01,20181113092450_mle01_retest_run4_EEG.easy,50,100 200 300 400,1,127666,0,,142
mle01,20181113092450_mle01_retest_run4_EEG.easy,51,100 200 300 400 500,2,129731,129787,112,336
mle01,20181113092450_mle01_retest_run4_EEG.easy,52,100 255 255 255 255 255 255 255 255 255 255 255 255 255 255 255 255 255 255 255 255 255 255 255 255 255 255 255 255 255 255 255 255 255 255 255 255 255 255 255 255 255 255 255 255 255 255 255 255 255 255 255 255 255 255 255 255 255 255 255 255 255 255 255 255 200 300 400 255 255 255 255 255 255 255 255 255 255 255 255 255 255 255 255 255 255,1,132038,0,,334
mle01,20181113092450_mle01_retest_run4_EEG.easy,53,100 255 255 255 255 255 255 255 255 255 255 255 255 255 255 255 255 255 255 255 255 255 255 255 255 255 255 255 255 255 255 200 300 400,1,134659,0,,382
mle01,20181113092450_mle01_retest_run4_EEG.easy,54,100 200 300 400 500,2,136785,136863,156,202
mle01,20181113092450_mle01_retest_run4_EEG.easy,55,100 200 300 400,1,139493,0,,334
mle01,20181113092450_mle01_retest_run4_EEG.easy,56,100 200 300 400,1,142632,0,,294
mle01,20181113092450_mle01_retest_run4_EEG.easy,57,100 200 300 400 500,2,146910,146949,78,392
mle01,20181113092450_mle01_retest_run4_EEG.easy,58,100 200 300 400,1,148380,0,,380
mle01,20181113092450_mle01_retest_run4_EEG.easy,59,100 200 300 400,1,150333,0,,364
mle01,20181113092450_mle01_retest_run4_EEG.easy,60,100 255 200 300 400,1,153478,0,,342
mle01,20181113092450_mle01_retest_run4_EEG.easy,61,100 200 300 400 500,2,154383,154415,64,308
mle01,20181113092450_mle01_retest_run4_EEG.easy,62,100 200 300 400,1,156353,0,,172
mle01,20181113092450_mle01_retest_run4_EEG.easy,63,100 200 300 400,1,160865,0,,434
mle01,20181113092450_mle01_retest_run4_EEG.easy,64,100 200 300 400,1,162648,0,,414
mle01,20181113092450_mle01_retest_run4_EEG.easy,65,100 255 255 255 255 255 255 255 255 255 255 255 255 255 255 255 255 255 255 255 255 255 255 255 255 255 255 255 255 255 255 255 255 255 255 255 255 255 255 255 255 255 255 255 255 255 255 255 255 255 255 255 255 255 255 255 255 255 255 255 255 255 255 255 255 255 255 255 255 255 255 255 255 255 255 255 255 200 300 400 500 255 255 255 255 255 255 255 255 255 255 255 255 255 255 255 255 255 255,2,165223,165256,66,470
mle01,20181113092450_mle01_retest_run4_EEG.easy,66,100 255 255 255 255 255 255 255 255 200 255 255 255 255 255 255 255 255 255 255 255 255 255 255 255 255 255 255 255 255 255 255 255 255 255 255 255 255 255 255 255 255 255 255 255 255 255 255 255 255 255 255 255 255 255 255 255 255 255 255 255 255 255 255 255 255 255 255 255 255 255 255 255 255 255 255 300 255 255 255 255 255 255 255 400 255 255 255 255 255 255 255 255 255 255 255 255 255 255 255 255 255 255 500 255 255 255 255 255 255 255 255 255 255 255 255 255 255 255 255 255 255,2,167124,167174,100,322
mle01,20181113092450_mle01_retest_run4_EEG.easy,67,100 255 255 255 255 255 255 255 255 255 255 255 255 255 255 255 255 255 255 200 300 400 500 255 255,2,168724,168775,102,328
mle01,20181113092450_mle01_retest_run4_EEG.easy,68,100 255 255 255 255 255 255 255 255 255 255 255 255 255 255 255 255 255 255 255 255 255 255 255 255 255 255 255 255 255 255 255 255 255 255 255 255 255 255 255 255 255 255 255 255 255 255 255 255 255 255 255 255 255 255 255 255 255 255 255 255 255 255 255 255 255 255 255 255 255 255 255 255 255 255 255 255 255 255 255 255 255 255 255 255 255 255 255 255 255 255 255 255 255 255 200 300 400,1,170981,0,,196
mle01,20181113092450_mle01_retest_run4_EEG.easy,69,100 200 300 400,1,174060,0,,438
mle01,20181113092450_mle01_retest_run4_EEG.easy,70,100 200 300 255 255 255 255 255 255 255 255 255 255 255 255 255 255 255 255 255 255 255 255 255 255 255 255 400,1,175540,0,,314
mle01,20181113092450_mle01_retest_run4_EEG.easy,71,100 200 300 400,1,177505,0,,370
mle01,20181113092450_mle01_retest_run4_EEG.easy,72,100 200 255 300 400 500,2,181806,181848,84,354
mle01,20181113092450_mle01_retest_run4_EEG.easy,73,100 255 255 255 255 255 255 255 255 255 255 255 255 255 255 255 255 255 255 255 255 255 255 255 255 255 255 200 255 255 255 255 300 400,1,184518,0,,308
mle01,20181113092450_mle01_retest_run4_EEG.easy,74,100 255 255 255 255 255 255 255 255 255 255 255 255 255 255 255 255 255 255 255 255 255 255 255 255 255 255 255 255 255 255 255 255 255 255 255 255 255 255 255 255 255 255 255 255 255 255 255 255 255 255 255 255 255 255 255 255 255 255 255 255 255 255 255 255 255 255 255 255 255 255 255 255 255 255 255 255 255 255 255 255 200 255 255 255 255 255 255 255 255 255 255 255 255 255 255 255 255 300 255 255 255 255 255 255 255 255 255 255 255 255 255 255 255 255 255 255 255 255 255 255 255 255 400 500 255 255 255 255 255 255 255 255 255 255,2,187299,187326,54,360
mle01,20181113092450_mle01_retest_run4_EEG.easy,75,100 255 255 255 255 255 255 255 255 255 255 255 255 255 255 255 255 255 255 255 255 255 255 255 255 255 255 255 255 255 255 255 255 255 255 255 255 255 255 255 255 255 255 255 255 255 255 255 255 255 255 255 255 255 255 255 255 255 255 255 255 255 255 255 255 255 255 255 255 255 255 255 255 255 255 255 255 255 255 255 255 255 255 255 255 255 255 255 255 255 255 255 255 255 255 200 300 400 500,2,189697,189729,64,384
mle01,20181113092450_mle01_retest_run4_EEG.easy,76,100 200 300 400,1,192612,0,,366
mle01,20181113092450_mle01_retest_run4_EEG.easy,77,100 200 300 400,1,193838,0,,310
mle01,20181113092450_mle01_retest_run4_EEG.easy,78,100 200 300 400,1,196312,0,,394
mle01,20181113092450_mle01_retest_run4_EEG.easy,79,100 200 300 400,1,201673,0,,612
mle01,20181113092450_mle01_retest_run4_EEG.easy,80,100 200 300 400,1,203097,0,,366
mle01,20181113092450_mle01_retest_run4_EEG.easy,81,100 200 300 400,1,204874,0,,362
mle01,20181113092450_mle01_retest_run4_EEG.easy,82,100 200 300 400,1,207987,0,,566
mle01,20181113092450_mle01_retest_run4_EEG.easy,83,100 200 300 400,1,209324,0,,278
mle01,20181113092450_mle01_retest_run4_EEG.easy,84,100 200 300 400 255,1,211069,0,,400
mle01,20181113092450_mle01_retest_run4_EEG.easy,85,100 200 300 400,1,213577,0,,394
mle01,20181113092450_mle01_retest_run4_EEG.easy,86,100 200 300 400,1,215625,0,,328
mle01,20181113092450_mle01_retest_run4_EEG.easy,87,100 200 300 400,1,218002,0,,330
mle01,20181113092450_mle01_retest_run4_EEG.easy,88,100 200 300 400,1,220627,0,,362
mle01,20181113092450_mle01_retest_run4_EEG.easy,89,100 200 300 400,1,222925,0,,248
mle01,20181113092450_mle01_retest_run4_EEG.easy,90,100 200 300 400,1,224746,0,,376
mle01,20181113092450_mle01_retest_run4_EEG.easy,91,100 200 300 400,1,227133,0,,220
mle01,20181113092450_mle01_retest_run4_EEG.easy,92,100 200 300 400,1,232469,0,,298
mle01,20181113092450_mle01_retest_run4_EEG.easy,93,100 200 300 400,1,234768,0,,268
mle01,20181113092450_mle01_retest_run4_EEG.easy,94,100 200 300 400 500,2,236590,236620,60,376
mle01,20181113092450_mle01_retest_run4_EEG.easy,95,100 200 300 400 500,2,239504,239533,58,282
mle01,20181113092450_mle01_retest_run4_EEG.easy,96,100 200 300 400 500,2,241919,241957,76,298
mle01,20181113092450_mle01_retest_run4_EEG.easy,97,100 200 300 400 500,2,244299,244328,58,308
mle01,20181113092450_mle01_retest_run4_EEG.easy,98,100 200 300 400,1,245260,0,,322
mle01,20181113092450_mle01_retest_run4_EEG.easy,99,100 200 300 400 500,2,246871,246903,64,288
mle01,20181113092450_mle01_retest_run4_EEG.easy,100,100 200 300 400,1,248376,0,,304
mle01,20181113093326_mle01_retest_run5_EEG.easy,1,100 200 300 400,1,5143,0,,344
mle01,20181113093326_mle01_retest_run5_EEG.easy,2,100 200 300 400 500,2,7352,7391,78,320
mle01,20181113093326_mle01_retest_run5_EEG.easy,3,100 200 300 400 500,2,8761,8798,74,278
mle01,20181113093326_mle01_retest_run5_EEG.easy,4,100 200 300 400,1,10586,0,,6
mle01,20181113093326_mle01_retest_run5_EEG.easy,5,100 200 300 400 500,2,13852,13896,88,314
mle01,20181113093326_mle01_retest_run5_EEG.easy,6,100 200 300 400,1,16911,0,,280
mle01,20181113093326_mle01_retest_run5_EEG.easy,7,100 200 300 400 500,2,18586,18630,88,286
mle01,20181113093326_mle01_retest_run5_EEG.easy,8,100 200 300 400 500,2,20018,20054,72,266
mle01,20181113093326_mle01_retest_run5_EEG.easy,9,100 200 300 400,1,22450,0,,298
mle01,20181113093326_mle01_retest_run5_EEG.easy,10,100 200 300 400 500,2,24305,24352,94,302
mle01,20181113093326_mle01_retest_run5_EEG.easy,11,100 200 300 400,1,25345,0,,310
mle01,20181113093326_mle01_retest_run5_EEG.easy,12,100 200 300 400 500,2,27061,27112,102,298
mle01,20181113093326_mle01_retest_run5_EEG.easy,13,100 200 300 400,1,29494,0,,302
mle01,20181113093326_mle01_retest_run5_EEG.easy,14,100 200 300 400,1,32662,0,,346
mle01,20181113093326_mle01_retest_run5_EEG.easy,15,100 200 300 400 500,2,34475,34531,112,296
mle01,20181113093326_mle01_retest_run5_EEG.easy,16,100 200 300 400,1,36388,0,,328
mle01,20181113093326_mle01_retest_run5_EEG.easy,17,100 200 300 400,1,37286,0,,280
mle01,20181113093326_mle01_retest_run5_EEG.easy,18,100 200 300 400 500,2,39179,39215,72,274
mle01,20181113093326_mle01_retest_run5_EEG.easy,19,100 200 300 400 500,2,41664,41723,118,294
mle01,20181113093326_mle01_retest_run5_EEG.easy,20,100 200 300 400,1,43826,0,,268
mle01,20181113093326_mle01_retest_run5_EEG.easy,21,100 200 300 400,1,47300,0,,386
mle01,20181113093326_mle01_retest_run5_EEG.easy,22,100 200 300 400,1,50048,0,,304
mle01,20181113093326_mle01_retest_run5_EEG.easy,23,100 200 300 400 500,2,52616,52658,84,316
mle01,20181113093326_mle01_retest_run5_EEG.easy,24,100 200 300 400,1,54661,0,,328
mle01,20181113093326_mle01_retest_run5_EEG.easy,25,100 200 300 400,1,56616,0,,342
mle01,20181113093326_mle01_retest_run5_EEG.easy,26,100 200 300 400,1,59482,0,,314
mle01,20181113093326_mle01_retest_run5_EEG.easy,27,100 200 300 400 500,2,65490,65537,94,308
mle01,20181113093326_mle01_retest_run5_EEG.easy,28,100 200 300 400,1,68455,0,,306
mle01,20181113093326_mle01_retest_run5_EEG.easy,29,100 200 300 400 500,2,70492,70529,74,318
mle01,20181113093326_mle01_retest_run5_EEG.easy,30,100 200 300 400,1,72602,0,,306
mle01,20181113093326_mle01_retest_run5_EEG.easy,31,100 255 200 300 400,1,74427,0,,276
mle01,20181113093326_mle01_retest_run5_EEG.easy,32,100 200 300 400 500,2,76216,76287,142,62
mle01,20181113093326_mle01_retest_run5_EEG.easy,33,100 200 300 400,1,78108,0,,292
mle01,20181113093326_mle01_retest_run5_EEG.easy,34,100 200 300 400 500,2,80111,80152,82,336
mle01,20181113093326_mle01_retest_run5_EEG.easy,35,100 200 300 400,1,81233,0,,302
mle01,20181113093326_mle01_retest_run5_EEG.easy,36,100 200 300 400,1,83589,0,,312
mle01,20181113093326_mle01_retest_run5_EEG.easy,37,100 200 300 400,1,85770,0,,304
mle01,20181113093326_mle01_retest_run5_EEG.easy,38,100 200 300 400,1,87018,0,,246
mle01,20181113093326_mle01_retest_run5_EEG.easy,39,100 200 300 400,1,90030,0,,336
mle01,20181113093326_mle01_retest_run5_EEG.easy,40,100 200 300 400 500,2,92562,92594,64,296
mle01,20181113093326_mle01_retest_run5_EEG.easy,41,100 200 300 400 500,2,95035,95071,72,276
mle01,20181113093326_mle01_retest_run5_EEG.easy,42,100 200 300 400 500,2,97275,97351,152,440
mle01,20181113093326_mle01_retest_run5_EEG.easy,43,100 200 300 400,1,100394,0,,382
mle01,20181113093326_mle01_retest_run5_EEG.easy,44,100 200 300 400 500,2,101955,101996,82,312
mle01,20181113093326_mle01_retest_run5_EEG.easy,45,100 200 300 400,1,104240,0,,390
mle01,20181113093326_mle01_retest_run5_EEG.easy,46,100 200 300 400,1,106629,0,,282
mle01,20181113093326_mle01_retest_run5_EEG.easy,47,100 200 300 400 500,2,108699,108728,58,320
mle01,20181113093326_mle01_retest_run5_EEG.easy,48,100 200 300 400,1,112014,0,,302
mle01,20181113093326_mle01_retest_run5_EEG.easy,49,100 200 300 400 500,2,115046,115081,70,392
mle01,20181113093326_mle01_retest_run5_EEG.easy,50,100 200 300 400,1,118431,0,,344
mle01,20181113093326_mle01_retest_run5_EEG.easy,51,100 200 300 400,1,120812,0,,390
mle01,20181113093326_mle01_retest_run5_EEG.easy,52,100 200 300 400,1,121696,0,,454
mle01,20181113093326_mle01_retest_run5_EEG.easy,53,100 200 300 400,1,124960,0,,574
mle01,20181113093326_mle01_retest_run5_EEG.easy,54,100 200 300 400 500,2,127263,127306,86,392
mle01,20181113093326_mle01_retest_run5_EEG.easy,55,100 200 300 400 500,2,129737,129772,70,500
mle01,20181113093326_mle01_retest_run5_EEG.easy,56,100 200 300 400,1,131169,0,,360
mle01,20181113093326_mle01_retest_run5_EEG.easy,57,100 200 300 400 500,2,133034,133088,108,310
mle01,20181113093326_mle01_retest_run5_EEG.easy,58,100 200 300 400 500,2,135267,135319,104,352
mle01,20181113093326_mle01_retest_run5_EEG.easy,59,100 200 300 400,1,140155,0,,366
mle01,20181113093326_mle01_retest_run5_EEG.easy,60,100 200 300 400,1,142177,0,,344
mle01,20181113093326_mle01_retest_run5_EEG.easy,61,100 200 300 400 500,2,144798,144835,74,360
mle01,20181113093326_mle01_retest_run5_EEG.easy,62,100 200 300 400,1,146070,0,,314
mle01,20181113093326_mle01_retest_run5_EEG.easy,63,100 200 300 400 500,2,148314,148380,132,384
mle01,20181113093326_mle01_retest_run5_EEG.easy,64,100 200 300 400 500,2,151842,151879,74,292
mle01,20181113093326_mle01_retest_run5_EEG.easy,65,100 200 300 400 500,2,153091,153141,100,346
mle01,20181113093326_mle01_retest_run5_EEG.easy,66,100 200 300 400 500,2,155797,155851,108,312
mle01,20181113093326_mle01_retest_run5_EEG.easy,67,100 200 300 400,1,157731,0,,306
mle01,20181113093326_mle01_retest_run5_EEG.easy,68,100 200 300 400,1,161396,0,,266
mle01,20181113093326_mle01_retest_run5_EEG.easy,69,100 255 200 300 400,1,164213,0,,376
mle01,20181113093326_mle01_retest_run5_EEG.easy,70,100 200 300 400,1,166185,0,,370
mle01,20181113093326_mle01_retest_run5_EEG.easy,71,100 200 300 400,1,168507,0,,312
mle01,20181113093326_mle01_retest_run5_EEG.easy,72,100 200 300 400,1,170780,0,,274
mle01,20181113093326_mle01_retest_run5_EEG.easy,73,100 200 300 400,1,172621,0,,294
mle01,20181113093326_mle01_retest_run5_EEG.easy,74,100 200 300 400,1,174450,0,,250
mle01,20181113093326_mle01_retest_run5_EEG.easy,75,100 200 300 400,1,177576,0,,304
mle01,20181113093326_mle01_retest_run5_EEG.easy,76,100 200 300 400,1,180577,0,,342
mle01,20181113093326_mle01_retest_run5_EEG.easy,77,100 200 300 400,1,182682,0,,294
mle01,20181113093326_mle01_retest_run5_EEG.easy,78,100 200 300 400,1,184568,0,,306
mle01,20181113093326_mle01_retest_run5_EEG.easy,79,100 200 300 400,1,187851,0,,416
mle01,20181113093326_mle01_retest_run5_EEG.easy,80,100 200 300 400,1,193961,0,,388
mle01,20181113093326_mle01_retest_run5_EEG.easy,81,100 200 300 400,1,194986,0,,404
mle01,20181113093326_mle01_retest_run5_EEG.easy,82,100 200 300 400,1,196580,0,,300
mle01,20181113093326_mle01_retest_run5_EEG.easy,83,100 200 300 400,1,198577,0,,314
mle01,20181113093326_mle01_retest_run5_EEG.easy,84,100 200 300 400,1,200194,0,,332
mle01,20181113093326_mle01_retest_run5_EEG.easy,85,100 200 300 400,1,203792,0,,342
mle01,20181113093326_mle01_retest_run5_EEG.easy,86,100 200 300 400 500,2,205904,205948,88,380
mle01,20181113093326_mle01_retest_run5_EEG.easy,87,100 200 300 400,1,207295,0,,290
mle01,20181113093326_mle01_retest_run5_EEG.easy,88,100 200 300 400,1,209849,0,,324
mle01,20181113093326_mle01_retest_run5_EEG.easy,89,100 200 300 400,1,212011,0,,392
mle01,20181113093326_mle01_retest_run5_EEG.easy,90,100 200 300 400,1,215047,0,,352
mle01,20181113093326_mle01_retest_run5_EEG.easy,91,100 200 300 400,1,218542,0,,376
mle01,20181113093326_mle01_retest_run5_EEG.easy,93,100 200 300 400,1,222435,0,,402
mle01,20181113093326_mle01_retest_run5_EEG.easy,94,100 255 200 300 400,1,224333,0,,262
mle01,20181113093326_mle01_retest_run5_EEG.easy,95,100 200 300 400,1,226368,0,,266
mle01,20181113093326_mle01_retest_run5_EEG.easy,96,100 200 300 400,1,227896,0,,276
mle01,20181113093326_mle01_retest_run5_EEG.easy,97,100 200 300 400,1,230234,0,,330
mle01,20181113093326_mle01_retest_run5_EEG.easy,98,100 200 300 400,1,232581,0,,292
mle01,20181113093326_mle01_retest_run5_EEG.easy,99,100 200 300 400 500,2,234329,234370,82,284
mle01,20181113093326_mle01_retest_run5_EEG.easy,100,100 200 300 400,1,236521,0,,40
