subject,session,recordingDate,runNumber,trial,label,referenceAccepted,currentAccepted,referenceStep,currentStep,referenceNearby,currentNearby
spe30,pre,20180718,1,1,2,1,1,0.114503588914825,0.176621986666129,0.58249408211991,0.633921335071965
spe30,pre,20180718,1,2,1,1,1,1.11327780398428,0.972602584962468,0.829677566180495,0.609937082223027
spe30,pre,20180718,1,3,1,1,1,0.255792616759232,0.209555978059566,0.640838150577284,0.354992255965982
spe30,pre,20180718,1,4,1,1,1,0.60102748126849,0.468465767542563,0.53945335393303,0.456111892014161
spe30,pre,20180718,1,5,2,1,1,0.473545710238673,0.263652044071925,0.784235403264911,0.395344427923253
spe30,pre,20180718,1,6,2,1,1,0.620030751318255,0.71007178928344,0.647449954147842,0.622074475624655
spe30,pre,20180718,1,7,2,1,1,0.568546290099074,0.88871053330227,0.50419711742574,0.800930008635291
spe30,pre,20180718,1,8,2,1,1,0.775847084194925,0.320244231011467,0.704974153001065,0.731213141032409
spe30,pre,20180718,1,9,2,1,1,1.05595697158125,0.604049303813881,0.773014409356913,0.452762942272511
spe30,pre,20180718,1,10,1,1,1,0.325253767441346,0.297515268097094,0.489429116318553,0.376021946309048
spe30,pre,20180718,1,11,2,1,1,0.486733213998406,0.299649112813874,0.520915837884579,0.484845041365406
spe30,pre,20180718,1,12,1,1,1,0.65741108295731,0.230663038965532,0.831053314926935,0.372096608118229
spe30,pre,20180718,1,13,1,1,1,0.953972447284924,0.891512461865075,0.976967865078369,0.787101156307712
spe30,pre,20180718,1,14,2,1,1,1.50889371932405,1.04873726018403,0.846972475836578,0.494478173390491
spe30,pre,20180718,1,15,2,1,1,0.564334189827116,0.661709335343411,0.633520191204506,0.42596484275384
spe30,pre,20180718,1,16,2,1,1,0.803401529001834,0.705993580298284,0.372673805438297,0.30066698489154
spe30,pre,20180718,1,17,1,1,1,0.650983441192708,0.16266775367569,0.515554379742494,0.37049086819588
spe30,pre,20180718,1,18,1,1,1,0.623077188842173,0.580393833909051,0.743387453163783,0.618705624047501
spe30,pre,20180718,1,19,1,1,1,0.781180226893873,0.121609608696645,0.67609523462296,0.623998051004758
spe30,pre,20180718,1,20,2,1,1,0.484151628085506,0.26824481393063,0.485338917486847,0.355421913876146
spe30,pre,20180718,1,21,1,1,1,0.348611917416164,0.145316368958054,0.472246182054805,0.450268328782766
spe30,pre,20180718,1,22,1,1,1,0.66506476837851,0.447871836907052,0.774247243837212,0.545442504634257
spe30,pre,20180718,1,23,1,1,1,1.12982683148102,0.251448444005382,0.598641519447074,0.256196843970162
spe30,pre,20180718,1,24,1,1,1,0.806203832714964,0.358085857899259,0.953977105448937,0.512286087473667
spe30,pre,20180718,1,25,1,1,1,0.777185031484024,0.57516067137438,0.564149004900561,0.450344770741516
spe30,pre,20180718,1,26,1,1,1,0.810506371256047,0.546178669309798,0.726935289584595,0.601544613607528
spe30,pre,20180718,1,27,1,1,1,0.563285874839046,1.13538870598783,0.831983255695977,0.814248288518596
spe30,pre,20180718,1,28,2,1,1,0.716459968949692,0.410859688813796,0.471801656059235,0.425701180048866
spe30,pre,20180718,1,29,1,1,1,0.322265679021443,0.381467654149164,0.594075618618355,0.551560057076152
spe30,pre,20180718,1,30,1,1,1,0.399259763950078,0.235154131534922,0.493045416013603,0.419238122352738
spe30,pre,20180718,1,31,1,1,1,1.07840534578743,0.719394240956281,0.811628669984,0.587438338723465
spe30,pre,20180718,1,32,1,1,1,0.201940870884942,0.400830878262802,0.398895063187277,0.376000601297506
spe30,pre,20180718,1,33,1,1,1,0.330582146159621,0.263972057616702,0.63122482844767,0.374862853635776
spe30,pre,20180718,1,34,1,1,1,1.15655917068405,1.00577207458175,0.514757028386917,0.601805708338418
spe30,pre,20180718,1,35,1,1,1,0.245517573069206,0.239950718638447,0.593480764459223,0.433925521778609
spe30,pre,20180718,1,36,1,1,1,0.376340935963239,0.392475362846509,0.460054779330693,0.401136682143921
spe30,pre,20180718,1,37,2,1,1,0.466513470658574,0.411576675758586,0.446334508060571,0.409579024296333
spe30,pre,20180718,1,38,1,1,1,0.505841843586142,0.439575698858152,0.636178438729115,0.491399406075766
spe30,pre,20180718,1,39,2,1,1,0.972216240357454,0.214627109376639,0.526195842367852,0.205119674768358
spe30,pre,20180718,1,40,1,1,1,0.199861876866748,0.333918618318726,0.385210836537317,0.395692361849432
spe30,pre,20180718,1,41,2,1,1,0.410328801942471,0.626745335266579,0.699603918214754,0.525069736344876
spe30,pre,20180718,1,42,1,1,1,0.513373420885755,0.277129891449983,0.686770637986678,0.264268236053606
spe30,pre,20180718,1,43,1,1,1,0.357618409353158,0.427879806789445,0.623394242015471,0.489570939513938
spe30,pre,20180718,1,44,2,1,1,0.589003135509642,0.673089511211156,0.794658430785507,0.709217544374692
spe30,pre,20180718,1,45,1,1,1,1.26963934914284,0.245154970735578,0.857129159346735,0.295360423860038
spe30,pre,20180718,1,46,1,1,1,0.411911476236434,0.415869286504882,0.301226669102312,0.323898032524086
spe30,pre,20180718,1,47,2,1,1,0.688805317378957,0.579805869199378,0.55544178421269,0.459257978004445
spe30,pre,20180718,1,48,2,1,1,0.215841910963453,0.355251589030422,0.378015779623317,0.300419860135122
spe30,pre,20180718,1,49,1,1,1,0.726858894024463,0.327729743916467,0.440668500976706,0.376373294922794
spe30,pre,20180718,1,50,2,1,1,0.32864936426883,0.353374766109538,0.522890320411818,0.427791644720906
spe30,pre,20180718,1,51,1,1,1,0.511466576614835,0.407948114656086,0.611060404634414,0.411086996505883
spe30,pre,20180718,1,52,1,1,1,0.719435772835615,0.260350403155218,0.932273699091085,0.506214639831431
spe30,pre,20180718,1,53,2,1,1,0.396632403364937,0.512315225096668,0.618381082215969,0.462814369723282
spe30,pre,20180718,1,54,1,1,1,0.426485718037958,0.370160767129637,0.468703402545653,0.330689504658947
spe30,pre,20180718,1,55,2,1,1,0.476680550363866,0.60135724387182,0.539515340601443,0.420127605931903
spe30,pre,20180718,1,56,1,1,1,0.381788488442895,0.497659475738951,0.984644173705515,0.780957114657009
spe30,pre,20180718,1,57,1,1,1,0.800963164195797,0.714677666266976,0.50868136917462,0.499419017006383
spe30,pre,20180718,1,58,1,1,1,0.419249639800742,0.465071978907717,0.236028698050335,0.321752355703034
spe30,pre,20180718,1,59,1,1,1,0.601008906961118,0.773177864861457,0.549067510372132,0.48938416253242
spe30,pre,20180718,1,60,1,1,1,0.731477639694418,0.691568418235537,0.498120055132165,0.453968551478778
spe30,pre,20180718,1,61,2,1,1,0.675074138713391,0.340771755930697,0.587529032036279,0.431012426967922
spe30,pre,20180718,1,62,1,1,1,0.423607897755386,0.42547482878458,0.54673569146797,0.327180804690883
spe30,pre,20180718,1,63,1,1,1,1.05476425634953,0.595509104460124,0.946715163890094,0.573821996020931
spe30,pre,20180718,1,64,1,1,1,0.922989533502808,0.159114606972011,0.475919420762846,0.576551129156976
spe30,pre,20180718,1,65,1,1,1,0.292001367849571,0.402257280761483,0.394635749246615,0.363321296491942
spe30,pre,20180718,1,66,1,1,1,0.0905942422912887,0.160075194496817,0.568209023588051,0.544235178718069
spe30,pre,20180718,1,67,1,1,1,0.348776719589548,0.331353846246451,0.413133053942343,0.516460190183114
spe30,pre,20180718,1,68,2,1,1,0.499555665672665,0.399399147430779,0.711877719585925,0.40499468748598
spe30,pre,20180718,1,69,1,1,1,1.49571959305056,1.24878625919478,0.790298086712345,0.621886693348253
spe30,pre,20180718,1,70,1,1,1,1.51455185841533,1.19641448779081,0.966772641038669,0.74295823226129
spe30,pre,20180718,1,71,1,1,1,0.611476672749354,0.472880941859247,0.431613635437591,0.387046951148059
spe30,pre,20180718,1,72,2,1,1,0.412885714961094,0.491371280446279,0.482533463712245,0.458144826011029
spe30,pre,20180718,1,73,2,1,1,0.570345431395589,0.295246213917198,0.515145284671454,0.433870722487077
spe30,pre,20180718,1,74,1,1,1,1.05456702366237,0.95037787165817,0.817930470158137,0.69950368299452
spe30,pre,20180718,1,75,2,1,1,0.885545485692435,0.454816219665989,0.888428625066125,0.502963497192275
spe30,pre,20180718,1,76,1,0,0,NaN,NaN,NaN,NaN
spe30,pre,20180718,1,77,1,0,0,NaN,NaN,NaN,NaN
spe30,pre,20180718,1,78,1,1,1,0.49993881089657,0.850649745487449,0.589673846031231,0.464592255372583
spe30,pre,20180718,1,79,1,1,1,0.472383849405727,0.386778970111897,0.508877572057487,0.681120787299091
spe30,pre,20180718,1,80,1,1,1,1.06044245535904,0.835951408388389,0.842901548503666,0.684213679425228
spe30,pre,20180718,1,81,2,1,1,0.687867367073428,0.551628925758156,0.542462243984634,0.462679651894611
spe30,pre,20180718,1,82,2,1,1,0.362276394688213,0.532375810429554,0.359672789244731,0.36879657779242
spe30,pre,20180718,1,83,1,1,1,0.535422111125302,0.279863112851367,0.462405619486627,0.357181839003102
spe30,pre,20180718,1,84,1,1,1,0.749999134160717,0.446298028068572,0.653218925604598,0.551949125827677
spe30,pre,20180718,1,85,1,1,1,0.478273967100622,0.50696622530284,0.645315804196005,0.464695779042989
spe30,pre,20180718,1,86,1,1,1,0.592819045248783,0.274056351259562,0.682936760879064,0.467029503298141
spe30,pre,20180718,1,87,1,1,1,0.829132452976757,0.280447692993449,0.516919903599817,0.416185732388941
spe30,pre,20180718,1,88,2,1,1,0.772774096574511,0.174342946428328,0.490000881650243,0.528482111279951
spe30,pre,20180718,1,89,1,1,1,0.503009817336487,0.560800044736244,0.453674000907708,0.39236171872585
spe30,pre,20180718,1,90,1,1,1,1.1443403138155,0.506339847554467,0.776044146593457,0.552810519828593
spe30,pre,20180718,1,91,2,1,1,1.4393703825132,1.11722936011108,0.771970487508948,0.743131866768378
spe30,pre,20180718,1,92,1,1,1,0.673050619217678,0.350667057171586,0.649031991441513,0.442841641089104
spe30,pre,20180718,1,93,2,1,1,0.73545051838185,0.409141966079279,0.591004001437893,0.615713140479362
spe30,pre,20180718,1,94,2,1,1,0.983859030042442,0.874200052807176,0.608730424146738,0.377179641845457
spe30,pre,20180718,1,95,1,1,1,0.803176573378594,0.395204428508864,0.737897261844465,0.322163695809956
spe30,pre,20180718,1,96,2,1,1,0.467974001770944,0.241922235173825,0.700702497890892,0.557693970746661
spe30,pre,20180718,1,97,2,1,1,0.981712063455008,0.332342035291513,0.965228259434445,0.402510081080972
spe30,pre,20180718,1,98,1,1,1,1.28754637718649,0.341259316155262,0.592889268063532,0.343769152478028
spe30,pre,20180718,1,99,1,1,1,0.231300949353038,0.245117576558386,0.291853957104991,0.243344777281255
spe30,pre,20180718,1,100,1,1,1,0.219574601036088,0.308289388525303,0.6601946294526,0.486936660476655
spe30,pre,20180718,1,101,NaN,0,0,NaN,NaN,NaN,NaN
spe30,pre,20180718,2,1,1,1,1,0.73081145113572,0.638227360877788,0.786147183643155,0.669881251627794
spe30,pre,20180718,2,2,1,1,1,1.03075449152245,0.893657245542537,0.596381110690349,0.41553411084981
spe30,pre,20180718,2,3,2,1,1,0.143710367754959,0.154418737707214,0.384837844149427,0.311372843687931
spe30,pre,20180718,2,4,2,1,1,0.463043253727058,0.456177432140167,0.576132915209252,0.524128171638939
spe30,pre,20180718,2,5,1,1,1,0.26136050840128,0.277907127913007,0.605555276004293,0.457398151644313
spe30,pre,20180718,2,6,2,1,1,0.72095205991114,0.13282527891338,0.635581721775748,0.218999080115193
spe30,pre,20180718,2,7,2,1,1,1.21006960577224,0.690247260372971,0.65363521391877,0.320192221297081
spe30,pre,20180718,2,8,2,1,1,0.326559364515539,0.392187272466204,0.507274401862655,0.405326236214801
spe30,pre,20180718,2,9,1,1,1,0.399830380083593,0.345371460569091,0.38890934323172,0.335135833652965
spe30,pre,20180718,2,10,1,1,1,1.06119713461424,0.457441180377558,0.81139466587088,0.423318605197874
spe30,pre,20180718,2,11,2,1,1,0.476279460764564,0.240732478101949,0.600539090186088,0.291964965747492
spe30,pre,20180718,2,12,1,1,1,0.348801926046924,0.247970895188068,0.360811494951497,0.274340669960927
spe30,pre,20180718,2,13,2,1,1,0.462741205429914,0.559141387649633,0.294339331774152,0.368676790114725
spe30,pre,20180718,2,14,1,1,1,0.183443040537773,0.495748306473136,0.522195131881839,0.368022197101508
spe30,pre,20180718,2,15,1,1,1,0.545629351833027,0.532308252717271,0.46251662716695,0.392499829189067
spe30,pre,20180718,2,16,2,1,1,0.541938789638273,0.422704501412037,0.581160543526324,0.480792784524487
spe30,pre,20180718,2,17,2,1,1,0.181912666671937,0.168776850575108,0.29161251003701,0.332891802425389
spe30,pre,20180718,2,18,2,1,1,0.491187089036575,0.581783421041098,0.532242052332424,0.430563363858487
spe30,pre,20180718,2,19,1,1,1,0.377247394189087,0.230259546115941,0.488480275741996,0.346722937040131
spe30,pre,20180718,2,20,1,1,1,0.698047093692237,0.607470948902299,0.672679720478897,0.34167164720893
spe30,pre,20180718,2,21,1,1,1,0.440052011485199,0.254129796463751,0.38921003918812,0.428914388206673
spe30,pre,20180718,2,22,2,1,1,0.426271855904848,0.322752109125154,0.39679518475532,0.382447549955714
spe30,pre,20180718,2,23,2,1,1,0.193907148336041,0.185451301100691,0.330251671577359,0.323376026141595
spe30,pre,20180718,2,24,1,1,1,0.665701123349787,0.205598772500379,0.508767239313045,0.277261873183284
spe30,pre,20180718,2,25,1,1,1,0.399717933527791,0.581235070219892,0.420311865757331,0.465042257624263
spe30,pre,20180718,2,26,2,1,1,0.526577111829319,0.724422540345774,0.492242903761017,0.499408642585487
spe30,pre,20180718,2,27,2,1,1,0.300404012091997,0.341694965015077,0.400917218864405,0.439684450997487
spe30,pre,20180718,2,28,2,1,1,0.210443499627412,0.461912891429443,0.528755488943148,0.321826239798973
spe30,pre,20180718,2,29,1,1,1,0.252654004847066,0.340639555291139,0.29312766591393,0.334828507421066
spe30,pre,20180718,2,30,1,1,1,0.374027662370529,0.394689962831709,0.574716300915802,0.322274191519055
spe30,pre,20180718,2,31,2,1,1,0.503061418637888,0.655238014487109,0.834646828388898,0.594826708362174
spe30,pre,20180718,2,32,2,1,1,1.32374291984247,0.418281083089433,0.93040871709686,0.383747476313726
spe30,pre,20180718,2,33,1,1,1,0.810118878586872,0.729053661646833,0.56608570152923,0.428600934021105
spe30,pre,20180718,2,34,1,1,1,0.755343732129305,0.329370022493127,0.665840540407484,0.386375453208545
spe30,pre,20180718,2,35,1,1,1,0.450799089026358,0.185854424125211,0.490638551327188,0.238741833578664
spe30,pre,20180718,2,36,1,1,1,0.321778839214037,0.221109448475397,0.633520999151225,0.531879172287697
spe30,pre,20180718,2,37,1,1,1,0.739868424479667,0.59379557875948,0.869223536007769,0.526609549122338
spe30,pre,20180718,2,38,1,1,1,0.82914387922543,0.19078440264663,0.542732425017239,0.297627801050485
spe30,pre,20180718,2,39,1,1,1,0.540678111239418,0.70113695954543,0.386881478400974,0.566849059385941
spe30,pre,20180718,2,40,1,1,1,0.32488819937269,0.12628210686267,0.388375969645168,0.261436666732112
spe30,pre,20180718,2,41,1,1,1,0.666350318607224,0.293784991434828,0.769421833662628,0.663150792553311
spe30,pre,20180718,2,42,1,1,1,0.426974926406437,0.304909679050408,0.515472947837987,0.318918690134809
spe30,pre,20180718,2,43,1,1,1,0.453176219730216,0.363136123502358,0.413799278616519,0.347342362873755
spe30,pre,20180718,2,44,1,1,1,0.756167130172815,0.629477980462653,0.602549708915632,0.612049113361998
spe30,pre,20180718,2,45,1,1,1,0.455330399382643,0.34741469807203,0.661576826137183,0.478342882827558
spe30,pre,20180718,2,46,2,1,1,0.895439653840343,0.507563694219406,0.545816067160156,0.293555959726135
spe30,pre,20180718,2,47,1,1,1,0.441908085431545,0.356980253545959,0.445625192564015,0.305769585123307
spe30,pre,20180718,2,48,2,1,1,0.878040925758293,0.687780139468791,0.624513603441411,0.472670399404211
spe30,pre,20180718,2,49,2,1,1,0.238995641524417,0.372440191865937,0.341117577582666,0.354019440023254
spe30,pre,20180718,2,50,1,1,1,1.23618180252309,0.927982433899891,0.599636545009568,0.419514430171144
spe30,pre,20180718,2,51,1,1,1,0.434287094716053,0.318827237144825,1.0362902875803,0.738441003262927
spe30,pre,20180718,2,52,2,1,1,0.133031671121868,0.193557199716445,0.604984197219368,0.561203187351345
spe30,pre,20180718,2,53,2,1,1,0.436341736190843,0.70769681031313,0.590479715720997,0.526531007281017
spe30,pre,20180718,2,54,1,1,1,0.300966451386085,0.189582410675368,0.389413684362474,0.356952499017452
spe30,pre,20180718,2,55,2,1,1,0.408654275934959,0.71913540319909,1.0626749323125,0.508677036077431
spe30,pre,20180718,2,56,2,1,1,0.819256630095474,0.498469840305834,0.540065344429175,0.501084391567334
spe30,pre,20180718,2,57,2,1,1,0.479121098063166,0.397929580841278,0.564473013667244,0.454003168295987
spe30,pre,20180718,2,58,2,1,1,0.515384647468607,0.492813661176046,0.539856469890643,0.404980255358638
spe30,pre,20180718,2,59,2,1,1,0.417872083131243,0.463573532187522,0.385859154659594,0.42430367268442
spe30,pre,20180718,2,60,1,1,1,0.155201417336113,0.130448028723877,0.538326865364479,0.431745553936871
spe30,pre,20180718,2,61,2,1,1,0.505660689274949,0.318305285218733,0.473811764612549,0.407055499101429
spe30,pre,20180718,2,62,1,1,1,0.522425339503949,0.340872148877403,0.633780172835374,0.420070012159644
spe30,pre,20180718,2,63,1,1,1,0.965162297521165,0.271921030326966,0.459605987554178,0.325653790328742
spe30,pre,20180718,2,64,1,1,1,0.683101599337562,0.103686889745126,0.460628966429932,0.225156927381286
spe30,pre,20180718,2,65,1,1,1,0.299779466535818,0.301639857202013,0.561226778634735,0.491928170863354
spe30,pre,20180718,2,66,1,1,1,0.803513067438872,0.485883967292303,0.73300063367821,0.460920758359048
spe30,pre,20180718,2,67,1,1,1,0.481892904199242,0.238599812812932,0.419003094549727,0.450875660529115
spe30,pre,20180718,2,68,1,1,1,0.893747685564124,0.585321291839247,0.86077689778608,0.539260435769767
spe30,pre,20180718,2,69,1,1,1,0.458733006718884,0.241604773879964,0.499205596532856,0.307664743504019
spe30,pre,20180718,2,70,1,1,1,0.479041550587742,0.218147256976672,0.579803505403983,0.514808604398947
spe30,pre,20180718,2,71,2,1,1,1.05391006376894,0.539035613157646,0.74102989573604,0.479564100679603
spe30,pre,20180718,2,72,1,1,1,0.309997051000504,0.165885864864157,0.553721623693471,0.249815813897052
spe30,pre,20180718,2,73,1,1,1,0.805065071259198,0.430884423613309,0.523781043870339,0.432756685577697
spe30,pre,20180718,2,74,1,1,1,0.599998582439542,0.53438309109912,0.53742872414352,0.400358193509522
spe30,pre,20180718,2,75,1,1,1,0.722210068002788,1.02183465204204,0.723796669386026,0.608294720502552
spe30,pre,20180718,2,76,2,1,1,0.634306384952162,0.70783566831876,0.609699224253975,0.675135249368947
spe30,pre,20180718,2,77,1,1,1,0.855689345272725,0.767109515072524,0.488648666686896,0.567881841554805
spe30,pre,20180718,2,78,1,1,1,0.743530503690686,0.706120144273651,0.533191136923126,0.468992126242022
spe30,pre,20180718,2,79,1,1,1,0.315037461190629,0.26116787735306,0.349572468911172,0.276789966722842
spe30,pre,20180718,2,80,1,1,1,0.535501008349761,0.264146260339162,0.425527678394002,0.36764893598601
spe30,pre,20180718,2,81,1,1,1,0.281736839542416,0.373196903408123,0.682017930904924,0.548039657031336
spe30,pre,20180718,2,82,1,1,1,0.413485878364299,0.723289778543168,0.571490842047263,0.700494977187722
spe30,pre,20180718,2,83,1,1,1,0.659399091960196,0.512833884213164,0.621453859640955,0.443720693306422
spe30,pre,20180718,2,84,1,1,1,0.837811630486735,0.340804222912743,0.550571572286106,0.334078440864876
spe30,pre,20180718,2,85,1,1,1,0.324288128904127,0.24268451988592,0.248945110915362,0.305402712030066
spe30,pre,20180718,2,86,2,1,1,0.454704419832645,0.458462883551194,0.400311623223591,0.427849685464574
spe30,pre,20180718,2,87,2,1,1,0.594884272507928,0.353200322415027,0.521889305393426,0.383656182845054
spe30,pre,20180718,2,88,1,1,1,0.320165639876226,0.550130485661032,0.325843444145494,0.451337379133582
spe30,pre,20180718,2,89,1,1,1,0.804953876778951,0.714133819602993,0.647961985339651,0.51887989447603
spe30,pre,20180718,2,90,1,1,1,0.665920635534607,0.393910671036776,0.471250844098395,0.279291998406957
spe30,pre,20180718,2,91,1,1,1,0.520053361868693,0.586186432574186,0.363331958940246,0.546112245261882
spe30,pre,20180718,2,92,1,1,1,0.912460705604476,0.771519607048943,0.89014322226555,0.706073788427716
spe30,pre,20180718,2,93,1,1,1,0.716170587163392,0.487308228951589,0.404656382392965,0.437743354095436
spe30,pre,20180718,2,94,1,1,1,1.05924899753291,0.91779284126661,0.91152282179549,0.699569580934325
spe30,pre,20180718,2,95,1,1,1,1.07766801742994,0.968212314528478,0.566335181139737,0.535904363414244
spe30,pre,20180718,2,96,2,1,1,0.569545596110167,0.545091041509604,0.564429672657754,0.50071521882562
spe30,pre,20180718,2,97,1,1,1,0.711290478735384,0.632350506709969,0.492835278094721,0.453592730560006
spe30,pre,20180718,2,98,1,1,1,1.02063231937435,0.768352111090149,0.672750403520034,0.486038812919297
spe30,pre,20180718,2,99,2,1,1,0.274306260761886,0.48203473221247,0.397398126139373,0.44522730269231
spe30,pre,20180718,2,100,1,1,1,0.564344451369679,0.518081932118822,0.762850289374805,0.626741310974875
spe30,pre,20180718,2,101,NaN,0,0,NaN,NaN,NaN,NaN
spe30,pre,20180718,3,1,2,1,1,0.822990777753644,0.28863512875922,0.673659888020063,0.440271883248654
spe30,pre,20180718,3,2,1,1,1,0.406050172803216,0.192890559941184,0.527025432111205,0.508827924418072
spe30,pre,20180718,3,3,2,1,1,1.03776757950156,0.711935405332314,0.799147182726189,0.610239112281064
spe30,pre,20180718,3,4,1,1,1,0.614320887888693,0.429128146032282,0.437478915677734,0.387713950747918
spe30,pre,20180718,3,5,2,1,1,0.612135038411788,0.099966355405483,0.655588738402915,0.205816958856671
spe30,pre,20180718,3,6,1,1,1,0.555330801262858,0.440165363240294,0.541002791235797,0.418500905939497
spe30,pre,20180718,3,7,1,1,1,0.420907901726619,0.433115278638152,0.490695861757018,0.458477645205563
spe30,pre,20180718,3,8,2,1,1,0.376569417007407,0.394151361862028,0.582065464387246,0.329286296071974
spe30,pre,20180718,3,9,1,1,1,0.277221645904056,0.643529362577784,0.591305109812127,0.700449750282649
spe30,pre,20180718,3,10,1,1,1,0.328702005124807,0.419358095356754,0.835091291623936,0.748899647169541
spe30,pre,20180718,3,11,2,1,1,0.141537888142081,0.157632927107512,0.420645786435988,0.363880891984511
spe30,pre,20180718,3,12,1,1,1,0.467268056716245,0.618899173954737,0.402398130577694,0.458690093255073
spe30,pre,20180718,3,13,1,1,1,0.584173203812554,0.620264044066313,0.562619044372485,0.501858944091075
spe30,pre,20180718,3,14,2,1,1,0.360379476547739,0.10566782331468,0.625725462015347,0.300714097458408
spe30,pre,20180718,3,15,1,1,1,0.360861184278911,0.187544694888923,0.462241046355384,0.348177510422573
spe30,pre,20180718,3,16,1,1,1,0.450955243203673,0.194406398551197,0.504590696106835,0.346035813829584
spe30,pre,20180718,3,17,1,1,1,1.42073750540464,0.175694652705388,1.06286612398445,0.264432480082214
spe30,pre,20180718,3,18,1,1,1,0.198248374955076,0.187060555568951,0.412192677778663,0.363120860314639
spe30,pre,20180718,3,19,2,1,1,0.364547637936482,0.334304970679027,0.385504288896449,0.341938436830919
spe30,pre,20180718,3,20,1,1,1,0.39276764197375,0.411987913134273,0.470000098487819,0.429909074455745
spe30,pre,20180718,3,21,1,1,1,0.829208920777572,0.706296495890135,0.66860651099739,0.416020216549645
spe30,pre,20180718,3,22,1,1,1,1.11960383481945,0.964943630012806,0.785252611690873,0.504109187231652
spe30,pre,20180718,3,23,2,1,1,0.442291409644909,0.82145843987896,0.488758684713938,0.330200681011413
spe30,pre,20180718,3,24,1,1,1,0.533730864138416,0.39705309900762,0.478246443620835,0.242950960920776
spe30,pre,20180718,3,25,1,1,1,0.754568718098382,0.650785141417394,0.425630181869162,0.357238022267032
spe30,pre,20180718,3,26,2,1,1,0.131351800463897,0.151956070321913,0.280470592615007,0.25948639756851
spe30,pre,20180718,3,27,2,1,1,0.592545298414346,0.653323141429103,0.599192503465214,0.590715009643923
spe30,pre,20180718,3,28,1,1,1,0.848020490132519,0.463039012918658,1.06269751195621,0.337230947649508
spe30,pre,20180718,3,29,2,1,1,0.454487265493738,0.121407415666665,0.758405500300499,0.484593689735271
spe30,pre,20180718,3,30,1,1,1,0.280478649553906,0.407500168081611,0.449416436727926,0.379814559370963
spe30,pre,20180718,3,31,1,1,1,0.731660585882693,0.637642179330076,0.36794950523412,0.434062258246411
spe30,pre,20180718,3,32,1,1,1,0.186740295695524,0.133500772086918,0.348966648454383,0.38309152314841
spe30,pre,20180718,3,33,1,1,1,0.330486111086189,0.279442566809947,0.590700510732903,0.505560478344136
spe30,pre,20180718,3,34,2,1,1,0.198598081087636,0.424699545662534,0.581615736806078,0.495493695581409
spe30,pre,20180718,3,35,1,1,1,0.595235342172751,0.56164795191529,0.655926710183736,0.438289680693122
spe30,pre,20180718,3,36,1,1,1,0.333794414255175,0.241976221806212,0.325483627400391,0.290308092345184
spe30,pre,20180718,3,37,1,1,1,0.658841940094963,0.495670027401202,0.520663191337673,0.408632787592764
spe30,pre,20180718,3,38,1,1,1,0.764469422210958,0.645810646199272,0.721223063808765,0.573190468479176
spe30,pre,20180718,3,39,1,1,1,1.26601349306281,0.274244434859864,0.710074899995492,0.547118924582541
spe30,pre,20180718,3,40,1,1,1,0.281628014504617,0.212269586250944,0.349640884149844,0.369176354480503
spe30,pre,20180718,3,41,2,1,1,0.559018026464704,0.554440520043551,0.49465803098962,0.469152057605878
spe30,pre,20180718,3,42,1,1,1,0.509551271112406,0.237938905522062,0.565808996377247,0.301785594361116
spe30,pre,20180718,3,43,1,1,1,0.598486822795178,0.489328169922647,0.414988293075643,0.282492597452978
spe30,pre,20180718,3,44,1,1,1,0.335549225267232,0.353745311085572,0.836421106507468,0.639349072135164
spe30,pre,20180718,3,45,1,1,1,0.116716034840556,0.101769057872865,0.224966034325172,0.226078132621485
spe30,pre,20180718,3,46,1,0,0,NaN,NaN,NaN,NaN
spe30,pre,20180718,3,47,1,0,0,NaN,NaN,NaN,NaN
spe30,pre,20180718,3,48,1,1,1,0.251592104094613,0.18944421031847,0.429342855740085,0.341383799723822
spe30,pre,20180718,3,49,1,1,1,0.582360186002586,0.524150879225245,0.555118444823222,0.352177393583547
spe30,pre,20180718,3,50,2,1,1,0.771703011272053,0.408687158832553,0.469518102032307,0.355380207559091
spe30,pre,20180718,3,51,2,1,1,0.666662302072486,0.303618730397648,0.439671474942321,0.290899038217006
spe30,pre,20180718,3,52,1,1,1,0.633839776349093,0.172244347405439,0.519707694052592,0.361361916287465
spe30,pre,20180718,3,53,2,1,1,0.423809538163474,0.196569441015986,0.480057097787051,0.50922123435533
spe30,pre,20180718,3,54,2,1,1,0.513864713493402,0.413256716806974,0.406844683266292,0.391268597425816
spe30,pre,20180718,3,55,2,1,1,0.611106305916756,0.795325460951595,0.573001980743415,0.726498576370167
spe30,pre,20180718,3,56,1,1,1,0.807722215771028,0.733330730166217,0.64183374928359,0.598669688772952
spe30,pre,20180718,3,57,2,1,1,1.039856863562,1.01757196436449,0.745190520534906,0.796161790592702
spe30,pre,20180718,3,58,1,1,1,0.332603561979923,0.191383546555221,0.467564527186457,0.264548865305263
spe30,pre,20180718,3,59,1,1,1,0.798959690418105,0.278037207831858,0.927477040028902,0.394977149443827
spe30,pre,20180718,3,60,2,1,1,0.563647608399792,0.519289712362913,0.412660106818377,0.519366011913407
spe30,pre,20180718,3,61,2,1,1,0.260306664322369,0.252086967964031,0.30916459157639,0.331873732061606
spe30,pre,20180718,3,62,2,1,1,0.664915640542678,0.45871676736746,0.451301474427355,0.327611386392082
spe30,pre,20180718,3,63,1,1,1,0.223124564823098,0.184128200958988,0.529179688468309,0.429774809488979
spe30,pre,20180718,3,64,1,1,1,0.162796792002348,0.199439988537409,0.58362650583573,0.202128206444682
spe30,pre,20180718,3,65,1,1,1,0.254447727665532,0.260742442084974,0.488432049719412,0.410719620309006
spe30,pre,20180718,3,66,2,1,1,0.320862083421064,0.169924757351265,0.531937438802867,0.276597409240844
spe30,pre,20180718,3,67,1,1,1,0.763446072700823,0.660196038732858,0.534836322014138,0.464207739725231
spe30,pre,20180718,3,68,2,1,1,0.488378323122626,0.235368629106985,0.373935511086986,0.393561171693272
spe30,pre,20180718,3,69,1,1,1,0.212839659570144,0.232249814110778,0.390166625307305,0.271408978608241
spe30,pre,20180718,3,70,1,1,1,0.502053714116735,0.472765678017105,0.526075950916515,0.460197612130358
spe30,pre,20180718,3,71,1,1,1,0.391441576378527,0.600257884591834,0.481546815887453,0.409453950409115
spe30,pre,20180718,3,72,1,1,1,1.30248206165713,1.05665931299335,0.6869350927517,0.815217559451436
spe30,pre,20180718,3,73,1,1,1,0.491293857769106,0.521935421799407,0.678069087503825,0.525147835172663
spe30,pre,20180718,3,74,1,1,1,0.203904519966375,0.383395220916303,0.349280761204952,0.309270884835693
spe30,pre,20180718,3,75,1,1,1,0.210700996564923,0.198717643954651,0.241344840574272,0.415708111195555
spe30,pre,20180718,3,76,2,1,1,0.365212862010196,0.609919247655166,0.377001293665453,0.511488696172025
spe30,pre,20180718,3,77,1,1,1,0.493200280323121,0.50230793621834,0.519966460261252,0.408868773678354
spe30,pre,20180718,3,78,2,1,1,0.566686842728699,0.364700163568675,0.611905297487983,0.398828770271687
spe30,pre,20180718,3,79,1,1,1,0.545816439037071,0.62669066069959,0.428525859937789,0.410075059014495
spe30,pre,20180718,3,80,2,1,1,1.0769002539609,0.472536374776248,0.501226677418706,0.401946953485867
spe30,pre,20180718,3,81,1,1,1,1.71442885833777,1.43496104341733,1.03397369508013,0.689229912707196
spe30,pre,20180718,3,82,1,1,1,1.08763916081694,0.735562517282738,0.717275374323277,0.443677744859651
spe30,pre,20180718,3,83,1,1,1,0.875919273352384,0.37112922933049,0.32181932587899,0.347732219418698
spe30,pre,20180718,3,84,1,1,1,0.948212523203627,0.806731702360317,0.773860204160205,0.599738577680156
spe30,pre,20180718,3,85,1,1,1,0.42168375365593,0.402355926815423,0.675682847576817,0.326714644017562
spe30,pre,20180718,3,86,1,1,1,0.389182606787398,0.659791028295431,0.745273688390616,0.383884448660619
spe30,pre,20180718,3,87,1,1,1,0.577111248681027,0.536525181982412,0.365805219063827,0.349335696740756
spe30,pre,20180718,3,88,2,1,1,0.190234373121318,0.120856631362907,0.375675453220489,0.322380216433738
spe30,pre,20180718,3,89,1,1,1,0.477223619009712,0.533587597680557,0.34581114586664,0.352426681457049
spe30,pre,20180718,3,90,2,1,1,0.299909677511912,0.146245706100474,0.42811777526594,0.305926172013562
spe30,pre,20180718,3,91,1,1,1,1.0940570626064,0.306873162522616,0.471566452217737,0.261893467639506
spe30,pre,20180718,3,92,1,1,1,0.487055415289476,0.52170166773308,0.55195122906858,0.398872837086858
spe30,pre,20180718,3,93,2,1,1,0.512515831913412,0.414808232408125,0.571924359328106,0.477703562700734
spe30,pre,20180718,3,94,2,1,1,0.716240875117823,0.547135363005737,0.478234768170457,0.515945041022856
spe30,pre,20180718,3,95,1,1,1,0.843548408669925,0.812346469902506,0.656948703878178,0.437626710121207
spe30,pre,20180718,3,96,1,1,1,0.385719983202336,0.464738476009595,0.302292536802606,0.265228953762167
spe30,pre,20180718,3,97,2,1,1,0.459685257976543,0.482225331676112,0.607801330352836,0.26619014058002
spe30,pre,20180718,3,98,2,1,1,0.381656247964369,0.284418698166174,0.393728445694041,0.278151181237907
spe30,pre,20180718,3,99,1,1,1,0.727240822092117,0.600044141519532,0.481833561499314,0.369574812354373
spe30,pre,20180718,3,100,2,1,1,0.338094181160538,0.258721002539632,0.518042295899186,0.321402248491776
spe30,pre,20180718,3,101,NaN,0,0,NaN,NaN,NaN,NaN
spe30,pre,20180718,4,1,1,1,1,0.580509242448093,0.37267224061833,0.46572676135853,0.304754897470621
spe30,pre,20180718,4,2,2,1,1,0.242179653987415,0.205883921935444,0.264322576424049,0.272234972013717
spe30,pre,20180718,4,3,2,1,1,0.347635636690174,0.283015941471914,0.323021801352639,0.267369717498538
spe30,pre,20180718,4,4,1,1,1,0.57561538630595,0.387221872923339,0.845126143230047,0.597087374455792
spe30,pre,20180718,4,5,1,1,1,0.433264341494697,0.525893938249204,0.437052978202713,0.24292335920614
spe30,pre,20180718,4,6,1,1,1,1.42815250792457,1.171039719281,0.92374097884085,0.609190658098818
spe30,pre,20180718,4,7,1,1,1,0.786462120406023,0.181451378424147,0.47240704439355,0.218591526006032
spe30,pre,20180718,4,8,2,1,1,0.528595533867565,0.254619432806115,0.493484090791509,0.402943759895705
spe30,pre,20180718,4,9,2,1,1,0.435051746405985,0.443562192923247,0.41493821802679,0.352335450126532
spe30,pre,20180718,4,10,2,1,1,1.1717979552025,0.376324666595246,0.50399710225481,0.32968687163707
spe30,pre,20180718,4,11,1,1,1,0.479165858436164,0.174161000211544,0.582897136864376,0.27694949651529
spe30,pre,20180718,4,12,2,1,1,0.381731248937758,0.263023841748707,0.579716738520283,0.554739758225109
spe30,pre,20180718,4,13,2,1,1,0.74044018665844,0.534059814460777,0.52958479489377,0.452867541178988
spe30,pre,20180718,4,14,1,1,1,0.364199670317975,0.317839625420022,0.522261510093602,0.495155887734941
spe30,pre,20180718,4,15,2,1,1,0.663148770454979,0.553645102664047,0.578163917674775,0.449827850544313
spe30,pre,20180718,4,16,2,1,1,0.944554548765747,0.854803914157268,0.664546670178043,0.444321179551923
spe30,pre,20180718,4,17,1,1,1,0.478623514638554,0.479192801228188,0.437019935157607,0.422530445652014
spe30,pre,20180718,4,18,2,1,1,0.851773410801404,0.372432476434625,0.864927318163306,0.389796906873523
spe30,pre,20180718,4,19,1,1,1,0.288858539927368,0.247971759677919,0.270566699557202,0.261045472967059
spe30,pre,20180718,4,20,1,1,1,0.49320428269701,0.55353076162646,0.347257012560753,0.427429545067109
spe30,pre,20180718,4,21,1,1,1,0.269872771649344,0.221195440961196,0.392092497748282,0.3307967792644
spe30,pre,20180718,4,22,1,1,1,0.234261132983341,0.31846707586947,0.449931638684904,0.360659351862223
spe30,pre,20180718,4,23,1,1,1,0.270223602915515,0.270206676375626,0.31551542462351,0.281395999837222
spe30,pre,20180718,4,24,1,1,1,0.740285514767978,0.721647456944776,0.470587192953436,0.438968308583676
spe30,pre,20180718,4,25,2,1,1,0.214485156637738,0.197171527460578,0.520338090711486,0.408946694858185
spe30,pre,20180718,4,26,1,1,1,0.206837255326581,0.466610709043528,0.964227071672656,0.702848224704934
spe30,pre,20180718,4,27,1,1,1,0.472530836232946,0.144610842260241,0.403457714468614,0.218199181269178
spe30,pre,20180718,4,28,1,1,1,0.437428673114039,0.351629218474823,0.417221724443082,0.360054588507659
spe30,pre,20180718,4,29,1,1,1,0.546106907181084,0.306455846287387,0.701880024652658,0.3413466227872
spe30,pre,20180718,4,30,1,1,1,0.367058024337156,0.535587695459182,0.480886629754713,0.447147509637916
spe30,pre,20180718,4,31,2,1,1,0.785207210535504,0.668720362043012,0.495716000405905,0.422268006629176
spe30,pre,20180718,4,32,1,1,1,0.407095590053961,0.264724737240319,0.444596504468919,0.298469513053355
spe30,pre,20180718,4,33,1,1,1,0.199949238606167,0.28427044907367,0.516760561728257,0.479725948968327
spe30,pre,20180718,4,34,2,1,1,0.420983948143083,0.339781034152706,0.334781843428119,0.308760849069078
spe30,pre,20180718,4,35,1,1,1,0.639751229174831,0.357013519798415,0.425456464081675,0.358302581576229
spe30,pre,20180718,4,36,2,1,1,0.453159484372746,0.219747193917012,0.630978513223991,0.472676554738457
spe30,pre,20180718,4,37,1,1,1,1.02522994192742,0.545445570421304,0.487865604996144,0.412899609711914
spe30,pre,20180718,4,38,1,1,1,0.240198309768693,0.15625907861983,0.384577620092385,0.386975259776976
spe30,pre,20180718,4,39,1,1,1,0.533957761853824,0.257124819389007,0.504600901268029,0.373876998845486
spe30,pre,20180718,4,40,2,1,1,0.616862776029885,0.302874728515858,0.438226811896387,0.381884855914504
spe30,pre,20180718,4,41,1,1,1,0.220994981259995,0.298568508919685,0.479849290458797,0.457296273895245
spe30,pre,20180718,4,42,2,1,1,0.331518319193095,1.02147533591103,0.840508891145762,0.775972846512228
spe30,pre,20180718,4,43,2,1,1,0.439889433639504,0.209802766827414,0.551404338313256,0.404318042052659
spe30,pre,20180718,4,44,2,1,1,0.537542806091539,0.238407000022856,0.915299261256117,0.652206779072043
spe30,pre,20180718,4,45,2,1,1,0.409096111510594,0.449697103732652,0.434184437079356,0.374420021176993
spe30,pre,20180718,4,46,1,1,1,0.653472276885218,0.245679887436437,0.644760866083374,0.333402331001657
spe30,pre,20180718,4,47,1,1,1,0.727494191543151,0.589514837675704,0.576140829030751,0.444450849650105
spe30,pre,20180718,4,48,2,1,1,0.505882371188039,0.454792551574521,0.664559641357742,0.356227527233524
spe30,pre,20180718,4,49,1,1,1,0.239855635652615,0.246770296354394,0.478139524213566,0.422107315438538
spe30,pre,20180718,4,50,2,1,1,0.685362823614373,0.53878383230314,0.352928559235078,0.317628094407131
spe30,pre,20180718,4,51,1,1,1,0.304069060809348,0.283989944913803,0.40676642381592,0.282741425302404
spe30,pre,20180718,4,52,1,1,1,0.291223063381465,0.223993530821096,0.501449337355363,0.4826573149324
spe30,pre,20180718,4,53,1,1,1,0.517848620249,0.265060372726193,0.523960460634298,0.435832943734624
spe30,pre,20180718,4,54,1,1,1,1.05800699053361,0.931661104664478,0.827107423181253,0.685578377541801
spe30,pre,20180718,4,55,1,1,1,0.294163685083369,0.32493131920589,0.309181179463289,0.310622289979929
spe30,pre,20180718,4,56,1,1,1,0.123120553794202,0.188427840257478,0.274972662504586,0.242042530382551
spe30,pre,20180718,4,57,1,1,1,1.86127289232871,1.63012184584046,0.719108545352253,0.531922773460123
spe30,pre,20180718,4,58,1,1,1,0.344784341656304,0.381582596288908,0.327673493564782,0.303604856337505
spe30,pre,20180718,4,59,1,1,1,0.716254320522447,0.550484810137622,0.760159732221027,0.504783193587563
spe30,pre,20180718,4,60,1,1,1,0.464892798683648,0.168046843911542,0.550015520330842,0.354230943285525
spe30,pre,20180718,4,61,2,1,1,0.342053303525061,0.2567009946263,0.343144237571914,0.229129822005599
spe30,pre,20180718,4,62,2,1,1,0.797819923884334,0.708091108130557,0.399596709049037,0.581926254076086
spe30,pre,20180718,4,63,1,1,1,0.329045869849905,0.204892542410525,0.498817400505403,0.397121815322731
spe30,pre,20180718,4,64,1,1,1,0.267350997579835,0.174116701149095,0.426872497596105,0.397009556915973
spe30,pre,20180718,4,65,2,1,1,0.385202599875234,0.990052702613484,0.358403198005566,0.497572093990531
spe30,pre,20180718,4,66,2,1,1,0.586567812865972,0.930975901367154,0.509248586446278,0.451599975054398
spe30,pre,20180718,4,67,2,1,1,0.497866121832568,0.463576520032704,0.555148281668456,0.420949583633235
spe30,pre,20180718,4,68,1,1,1,0.538913325165016,0.293526056411941,0.66693608681351,0.501293326539606
spe30,pre,20180718,4,69,1,1,1,0.288753681869839,0.464802284973906,0.431875321321999,0.466569008387063
spe30,pre,20180718,4,70,2,1,1,1.26355024571916,1.08932066790037,0.701277713821529,0.648390496105319
spe30,pre,20180718,4,71,2,1,1,0.349349676178738,0.231045127139605,0.474814740118664,0.388815436088716
spe30,pre,20180718,4,72,1,1,1,0.210492393142124,0.444160110149455,0.365224927611385,0.375536428761854
spe30,pre,20180718,4,73,1,1,1,0.332358494337136,0.75102230741215,0.356100191873056,0.385779489755862
spe30,pre,20180718,4,74,1,1,1,0.323315133910175,0.330584509019806,0.380683941788311,0.335173642823465
spe30,pre,20180718,4,75,1,1,1,0.197952953022555,0.269294783375578,0.56658878238259,0.295569255902063
spe30,pre,20180718,4,76,2,1,1,0.568229580610893,0.345867838797481,0.556011264613276,0.416156138205368
spe30,pre,20180718,4,77,2,1,1,1.64959251895729,0.29660073192527,0.854041370919581,0.495107258607181
spe30,pre,20180718,4,78,1,1,1,0.48622966848967,0.462199429583922,0.642078371656734,0.556741196290914
spe30,pre,20180718,4,79,1,1,1,0.48450987796641,0.405424325094823,0.29127867915653,0.27768856859019
spe30,pre,20180718,4,80,2,1,1,0.284734940797586,0.402585423981198,0.679690431615557,0.308676720893949
spe30,pre,20180718,4,81,1,1,1,0.757096791395472,0.784386595128911,0.543696641017178,0.547142267769128
spe30,pre,20180718,4,82,1,1,1,0.664207969835926,0.384320292132075,0.606493020663995,0.47044995463789
spe30,pre,20180718,4,83,1,1,1,0.729421658204045,0.896287378596038,0.570216483242846,0.394040467958665
spe30,pre,20180718,4,84,1,1,1,0.468929376681945,0.128477906345743,0.313266629809724,0.149066503643528
spe30,pre,20180718,4,85,1,1,1,1.87356168953967,1.17541110779163,0.932286386952289,0.713667668454493
spe30,pre,20180718,4,86,1,1,1,0.402449099875017,0.555052474230664,0.58326941268191,0.512796544519568
spe30,pre,20180718,4,87,2,1,1,0.561254915941379,0.158400397077233,0.42214335151639,0.551370206544106
spe30,pre,20180718,4,88,1,1,1,0.32292967512184,0.258623140375347,0.53055463557601,0.549036621258129
spe30,pre,20180718,4,89,1,1,1,0.826517238606274,0.400920638246836,0.685192393872982,0.499115281054765
spe30,pre,20180718,4,90,1,1,1,0.56704443713945,0.476710719646637,0.616621675391223,0.341109824395548
spe30,pre,20180718,4,91,1,1,1,0.774066610761879,0.342190705766641,0.308780948973084,0.321973102511992
spe30,pre,20180718,4,92,2,1,1,0.99168663161815,0.810598558195029,0.936324194912785,0.717705735004888
spe30,pre,20180718,4,93,1,1,1,0.315255617354664,0.170507349014326,0.367810575938149,0.42902539205878
spe30,pre,20180718,4,94,1,1,1,0.346919782121235,0.146136706986131,0.36172368589834,0.28499602309613
spe30,pre,20180718,4,95,1,1,1,0.848138368801638,0.454006301335967,0.491034284264618,0.403568940573228
spe30,pre,20180718,4,96,1,1,1,0.226910601274652,0.172067307431587,0.37344980518038,0.275833307269008
spe30,pre,20180718,4,97,1,1,1,0.246852359196778,0.496856212997777,0.38692979976439,0.492268345833371
spe30,pre,20180718,4,98,1,1,1,0.252233053706368,0.226239262742396,0.290590923961336,0.316757508947622
spe30,pre,20180718,4,99,1,1,1,0.66194602539684,0.421739223886334,0.64856514226237,0.415897369513968
spe30,pre,20180718,4,100,2,1,1,0.389644795451011,0.504657244079385,0.406608243197486,0.471969370320467
spe30,pre,20180718,4,101,NaN,0,0,NaN,NaN,NaN,NaN
spe30,pre,20180718,5,1,1,1,1,0.338320995023043,0.191634291418966,0.448037333217437,0.419686254559939
spe30,pre,20180718,5,2,1,1,1,0.628234395729019,0.153647139735158,0.494460480340593,0.197533265734219
spe30,pre,20180718,5,3,1,1,1,0.439055491015848,0.64377749740294,0.485528083649356,0.431384929816382
spe30,pre,20180718,5,4,1,1,1,0.584300492591242,0.402847397097464,0.462288898811777,0.338579062731639
spe30,pre,20180718,5,5,1,1,1,0.524953822023378,0.524582427983352,0.409217730394644,0.35226048631748
spe30,pre,20180718,5,6,1,1,1,0.229206633406796,0.250324255844722,0.433677444883161,0.376610864123255
spe30,pre,20180718,5,7,2,1,1,0.690339311307067,0.617010012621776,0.932103181998818,0.654513376379509
spe30,pre,20180718,5,8,2,1,1,0.392693943563828,0.322630400958483,0.68905810888011,0.441526011719855
spe30,pre,20180718,5,9,1,1,1,0.383636837573552,0.211571470745871,0.548248445531929,0.476288117951621
spe30,pre,20180718,5,10,1,1,1,0.444205239499062,0.481782202000667,0.531090003594661,0.367994596902181
spe30,pre,20180718,5,11,1,1,1,0.472035107032436,0.38229010747068,0.43456203200075,0.416258533565335
spe30,pre,20180718,5,12,1,1,1,0.168280368435624,0.13718203382467,0.472464023737114,0.441806683132448
spe30,pre,20180718,5,13,1,1,1,0.563256680521819,0.519558164307704,0.550160832083793,0.448411539141891
spe30,pre,20180718,5,14,1,1,1,0.290173675758825,0.126811847466688,0.596527179754458,0.384996135503252
spe30,pre,20180718,5,15,1,1,1,0.547243769595603,0.532389666780202,0.56755830992977,0.559597792054529
spe30,pre,20180718,5,16,1,1,1,0.31037623864042,0.33610201438664,0.34516305570071,0.314882110317596
spe30,pre,20180718,5,17,2,1,1,1.59837748205942,0.921543517900131,0.847702312280336,0.6201390842054
spe30,pre,20180718,5,18,2,1,1,0.573341544101316,0.405443041989596,0.260440604101615,0.246102981278475
spe30,pre,20180718,5,19,1,1,1,0.45914024733077,0.247471836064969,0.767976025565344,0.734731064009547
spe30,pre,20180718,5,20,1,1,1,0.490472484511346,0.408481179952087,0.627162584102405,0.517772635647792
spe30,pre,20180718,5,21,1,1,1,0.298048217168319,0.931840306066841,0.311038807427963,0.588135601091396
spe30,pre,20180718,5,22,1,1,1,0.416488866340924,0.331406779483947,0.426306404957693,0.320196652118158
spe30,pre,20180718,5,23,1,1,1,0.737434533260534,0.667360233916717,0.473620200632512,0.455113297504131
spe30,pre,20180718,5,24,2,1,1,0.833371964412451,1.08074549289644,0.737157060550608,0.558705878896116
spe30,pre,20180718,5,25,2,1,1,0.395188820598194,0.490201562705681,0.544172282862633,0.470881422045171
spe30,pre,20180718,5,26,1,1,1,0.469933798689146,0.395549932095401,0.508314508314569,0.483582432084981
spe30,pre,20180718,5,27,1,1,1,1.14604773251911,0.932557004191594,0.981171468929976,0.605003651244121
spe30,pre,20180718,5,28,2,1,1,0.489016179816982,1.16820358542643,0.63134135719949,0.782484462903638
spe30,pre,20180718,5,29,1,1,1,0.586573653618979,0.172332096073169,0.703785194153163,0.526708259543089
spe30,pre,20180718,5,30,1,1,1,0.26139090794522,0.249918589412243,0.455741641772629,0.366972229975638
spe30,pre,20180718,5,31,1,1,1,0.375443035245814,0.40270860593755,0.354256892667624,0.357683736486013
spe30,pre,20180718,5,32,1,1,1,0.342567112329721,0.349146885935061,0.418950795742333,0.379628751050577
spe30,pre,20180718,5,33,1,1,1,0.881258476270055,1.098807608993,1.0583779801079,0.822879948145449
spe30,pre,20180718,5,34,2,1,1,0.605087907455276,0.542328040113278,0.554169727993292,0.474244180405785
spe30,pre,20180718,5,35,1,1,1,0.685843859955377,0.508014981814988,0.478613825415372,0.325715640649272
spe30,pre,20180718,5,36,1,1,1,0.943934137033519,0.661644569100275,0.59127121617157,0.430149729621671
spe30,pre,20180718,5,37,2,1,1,0.915216130464293,0.472898299014048,0.607155001902344,0.367763934243808
spe30,pre,20180718,5,38,2,1,1,0.795208851654186,0.700277408233547,0.678966364161122,0.504912968751018
spe30,pre,20180718,5,39,1,1,1,0.524368144226198,0.163295933691815,0.488866962705709,0.331800778250667
spe30,pre,20180718,5,40,1,1,1,0.223252726458153,0.153533210079705,0.460045724365516,0.265238302665725
spe30,pre,20180718,5,41,2,1,1,0.443226395089054,0.412611524415314,0.568755034832291,0.389129123623249
spe30,pre,20180718,5,42,1,1,1,1.08199235340176,0.138362923258849,0.380839851509756,0.329176553023996
spe30,pre,20180718,5,43,1,1,1,0.749092281689599,0.66628730987571,0.481613475337483,0.432205818512078
spe30,pre,20180718,5,44,1,1,1,0.279935503494495,0.278013298633254,0.415622954981968,0.396237571142223
spe30,pre,20180718,5,45,2,1,1,0.344045422454717,0.304506414464882,0.390566846765359,0.416387548506789
spe30,pre,20180718,5,46,1,1,1,0.595722575501821,0.774002054899972,0.926015575099339,0.544134689365449
spe30,pre,20180718,5,47,1,1,1,0.256847986398322,0.276516172245075,0.522452395826049,0.48072324196117
spe30,pre,20180718,5,48,1,1,1,0.2365062360026,0.204205525375345,0.340604947288825,0.258939027506863
spe30,pre,20180718,5,49,2,1,1,1.23913563663176,0.942681347531711,0.982072411963957,0.654857832964897
spe30,pre,20180718,5,50,1,1,1,0.712400023293601,0.868720469421829,0.419810362452959,0.53752993518979
spe30,pre,20180718,5,51,2,1,1,0.681039634550129,0.0991605297039166,0.566848388786775,0.366554608289409
spe30,pre,20180718,5,52,2,1,1,0.523372169578682,0.323797284391018,0.479008605835355,0.302274999975878
spe30,pre,20180718,5,53,1,1,1,0.556944916909252,0.471480355839317,0.628301469840967,0.583926205152346
spe30,pre,20180718,5,54,1,1,1,0.260344447218388,0.224701008245945,0.482019076676655,0.301079589362117
spe30,pre,20180718,5,55,1,1,1,0.503097602276976,0.408429512637734,0.327459329170469,0.28946703990297
spe30,pre,20180718,5,56,1,1,1,0.367608450356571,0.314681744108158,0.41454015348175,0.365871831873166
spe30,pre,20180718,5,57,2,1,1,0.152798706551871,0.14392491411763,0.374309740026628,0.376136677013479
spe30,pre,20180718,5,58,1,1,1,0.311520364205888,0.505285541843157,0.888322844621672,0.374320683095719
spe30,pre,20180718,5,59,2,1,1,0.62956271848382,0.698607444843504,0.789774242182125,0.677011783008408
spe30,pre,20180718,5,60,2,1,1,0.587192234128437,0.213024813160304,0.595056848303286,0.34275359615632
spe30,pre,20180718,5,61,2,1,1,1.11381502274457,0.894854387953368,0.791034330301223,0.647398343265763
spe30,pre,20180718,5,62,1,1,1,0.206295435932932,0.266572862100131,0.46833214652243,0.312807454203336
spe30,pre,20180718,5,63,1,1,1,0.749115470993151,0.767835435391522,0.554642929013135,0.622524333614424
spe30,pre,20180718,5,64,2,1,1,0.670661451110655,0.688345016064959,0.458696579875107,0.423561860673649
spe30,pre,20180718,5,65,2,1,1,0.32947578819436,0.354891829070902,0.557008479647164,0.479180864648722
spe30,pre,20180718,5,66,2,1,1,0.392663804832802,0.477245968475756,0.46518099883255,0.603991546216552
spe30,pre,20180718,5,67,1,1,1,0.324563052453847,0.275010927804517,0.656498214974449,0.493617525953592
spe30,pre,20180718,5,68,1,1,1,0.193691750522678,0.225220041651596,0.376057461181846,0.260873306991133
spe30,pre,20180718,5,69,1,1,1,0.819249972484704,0.611489066680241,0.614371470416733,0.458527209509932
spe30,pre,20180718,5,70,2,1,1,0.375815773363226,0.529398019650904,0.41711105317441,0.511264417022251
spe30,pre,20180718,5,71,1,1,1,0.4743759145388,0.462277112294896,0.385838088986989,0.385568703635175
spe30,pre,20180718,5,72,1,1,1,0.183574256358347,0.153121158353521,0.39186595952712,0.390882358711727
spe30,pre,20180718,5,73,1,1,1,0.208686858406544,0.267813443540275,0.337596833715343,0.38939865898026
spe30,pre,20180718,5,74,2,1,1,0.758144969327834,0.179249671121825,0.69218199316351,0.302357846380559
spe30,pre,20180718,5,75,1,1,1,0.342280554556667,0.192308021657585,0.592849290951124,0.30434359175848
spe30,pre,20180718,5,76,2,1,1,0.271079099954699,0.130826080588869,0.464903773103191,0.308572115485371
spe30,pre,20180718,5,77,2,1,1,1.1951197667555,0.402734450283933,1.41654881377017,0.348769818939333
spe30,pre,20180718,5,78,2,1,1,0.902206966261325,0.35172957907426,0.622050056833372,0.332681532282185
spe30,pre,20180718,5,79,2,1,1,0.722883914688654,0.671744404987138,0.377399993215229,0.49623656365811
spe30,pre,20180718,5,80,1,1,1,0.507026766883627,0.34219937642824,0.548199551068709,0.409318458860565
spe30,pre,20180718,5,81,1,1,1,1.48054120448669,0.698499990785828,0.638944261506951,0.431788361181578
spe30,pre,20180718,5,82,1,1,1,0.344803185619914,0.39066976471053,0.691372875800173,0.598848527092271
spe30,pre,20180718,5,83,1,1,1,0.404418343790525,0.29076947117314,0.421485077743588,0.261848585175546
spe30,pre,20180718,5,84,2,1,1,0.197213887926269,0.506005132810116,0.438108454802646,0.4391046480381
spe30,pre,20180718,5,85,2,1,1,0.781857709255276,0.736359590640945,0.749516515154661,0.423633060077025
spe30,pre,20180718,5,86,2,1,1,0.885795337214125,0.217718670043645,1.38112046540452,0.223260873402218
spe30,pre,20180718,5,87,1,1,1,0.495735286338721,0.376815915684365,0.352600848328674,0.408045071749063
spe30,pre,20180718,5,88,1,1,1,0.613008175453939,0.307909931521591,0.339606672390094,0.341810201632288
spe30,pre,20180718,5,89,1,1,1,0.230315343488434,0.120069488026999,0.309399138531031,0.376093840415122
spe30,pre,20180718,5,90,2,1,1,0.668533383847612,0.174583528546595,0.618111544358841,0.405140551912014
spe30,pre,20180718,5,91,1,1,1,0.630539389104669,0.618780360877433,0.606526349870957,0.555055031512905
spe30,pre,20180718,5,92,1,1,1,0.380722407065586,0.342757104267403,0.33889296385131,0.259209788327971
spe30,pre,20180718,5,93,1,1,1,0.476891864633864,0.523918910385328,0.436059879554769,0.518735568356952
spe30,pre,20180718,5,94,1,1,1,0.619584111361113,0.478297948072798,0.558023095057549,0.364243784154285
spe30,pre,20180718,5,95,1,1,1,0.335944341897463,0.415229662941539,0.461665811546689,0.416764933455984
spe30,pre,20180718,5,96,2,1,1,0.748290812447336,0.436604773783731,0.77427074589532,0.54549227020971
spe30,pre,20180718,5,97,1,1,1,0.441693287479981,0.295678245039303,0.39768162849576,0.264482443596597
spe30,pre,20180718,5,98,1,1,1,0.431852390126131,0.363558652530607,0.670133789811045,0.528113094022018
spe30,pre,20180718,5,99,2,1,1,0.264791957099074,0.27965099509977,0.40567366497964,0.447803301833268
spe30,pre,20180718,5,100,1,1,1,0.675825474521369,0.534417444722394,0.520775800392218,0.431308117884378
spe30,pre,20180718,5,101,NaN,0,0,NaN,NaN,NaN,NaN
spe30,post,20180718,1,1,1,1,1,0.243959901924026,0.109114519320796,0.804100649724135,0.534130511959869
spe30,post,20180718,1,2,1,1,1,0.409047411852758,0.185674056338914,0.418455696451565,0.226392490954828
spe30,post,20180718,1,3,1,1,1,0.945534959860298,0.756370880737205,0.950313581162605,0.756567456142185
spe30,post,20180718,1,4,1,1,1,0.198358258657797,0.211586924379682,0.314154350456044,0.403543655523412
spe30,post,20180718,1,5,1,1,1,0.564851237024676,0.756987052527711,0.585671687787881,0.795336963014542
spe30,post,20180718,1,6,1,1,1,0.443067493051243,0.265128357528083,0.305762385976995,0.31446534477605
spe30,post,20180718,1,7,1,1,1,0.266905015870432,0.231007946753193,0.716163627612535,0.709048285549511
spe30,post,20180718,1,8,2,1,1,0.469367813958247,0.287853744703334,0.721725770105401,0.402535993142944
spe30,post,20180718,1,9,2,1,1,1.18557690889999,0.329475295493415,1.1703867698299,0.469837401350196
spe30,post,20180718,1,10,1,1,1,0.41614328143221,0.965938149986954,0.52372223908128,0.709321389280185
spe30,post,20180718,1,11,2,1,1,1.07991417287863,0.679226458813755,0.752295000112919,0.505868425804427
spe30,post,20180718,1,12,2,1,1,0.361326831588164,0.535738353282937,0.46422900126984,0.670008977131451
spe30,post,20180718,1,13,1,1,1,0.960709491130148,0.654964546820999,0.713490785729795,0.6799234096242
spe30,post,20180718,1,14,2,1,1,0.353545367357208,0.581110232966374,0.429706803022263,0.402772115995628
spe30,post,20180718,1,15,1,1,1,0.203000844835943,0.22032256130485,0.430947706989,0.225083076227111
spe30,post,20180718,1,16,2,1,1,0.845902046799672,0.815329112558997,0.580023691836864,0.467691236118004
spe30,post,20180718,1,17,1,1,1,0.329229167098441,0.266291007724491,0.533941008971425,0.391649442386594
spe30,post,20180718,1,18,1,1,1,0.37554633468695,0.385439107635527,0.640290554898347,0.560676425697427
spe30,post,20180718,1,19,2,1,1,0.648011400666032,0.358292518531567,0.98743184253163,0.41023956429262
spe30,post,20180718,1,20,1,1,1,0.437166013685852,0.358879053067781,0.414864441893901,0.383450138690091
spe30,post,20180718,1,21,1,1,1,0.584749310747226,0.291479346527051,0.551149005527747,0.503698711281584
spe30,post,20180718,1,22,1,1,1,0.510670516288122,0.764147149355299,0.677917670819373,0.63993525032591
spe30,post,20180718,1,23,2,1,1,0.581174615899064,0.353519391182866,0.685964178228896,0.54883680390093
spe30,post,20180718,1,24,2,1,1,0.780900748246113,0.465576246424924,0.351602721400354,0.259458282545146
spe30,post,20180718,1,25,1,1,1,0.593702770315805,0.449429444510759,0.414717130789986,0.255642369674357
spe30,post,20180718,1,26,1,1,1,0.422448502349217,0.422030564535462,0.48320420587167,0.474270646459911
spe30,post,20180718,1,27,2,1,1,0.286641369255496,0.102070669916019,0.428954173751144,0.428431817053988
spe30,post,20180718,1,28,2,1,1,0.782867639033227,0.350560499964252,0.375634586588832,0.286535231281573
spe30,post,20180718,1,29,2,1,1,0.329089457346678,0.348387051413376,0.40630053790782,0.40413859862961
spe30,post,20180718,1,30,1,1,1,0.292057497636754,0.748432351597976,0.631903291767988,0.576008258613175
spe30,post,20180718,1,31,1,1,1,1.15226904121435,0.677993407431416,1.05747006770134,0.60583812400194
spe30,post,20180718,1,32,1,1,1,0.787996243776444,0.703168730048976,0.751859930219495,0.485187769690826
spe30,post,20180718,1,33,1,1,1,1.11150168085706,0.273276001754144,0.779274880046729,0.553155689312086
spe30,post,20180718,1,34,2,1,1,1.06407171946088,0.970677863264299,0.813581714854875,0.51297723414768
spe30,post,20180718,1,35,2,1,1,0.585160768493651,0.540513147154948,0.630706928415405,0.522946743594725
spe30,post,20180718,1,36,1,1,1,0.572881463444379,0.12733749303489,0.459732156645232,0.232288297241571
spe30,post,20180718,1,37,1,1,1,0.430439379405794,0.511918728137974,0.477744249725297,0.425592614895355
spe30,post,20180718,1,38,1,1,1,0.43407193333138,0.410390166792792,0.391391742071276,0.377728536399724
spe30,post,20180718,1,39,1,1,1,0.867197509168671,0.541146231407888,0.515573349665185,0.352826825137906
spe30,post,20180718,1,40,1,1,1,0.418220126344682,0.254262101541493,0.414034441367806,0.405434946952529
spe30,post,20180718,1,41,2,1,1,1.35633239444095,1.29158858357467,1.02398345006156,0.751617847260162
spe30,post,20180718,1,42,2,1,1,0.589096573388436,0.398541010056566,0.542032519295037,0.35934927038607
spe30,post,20180718,1,43,1,1,1,0.679365353423959,0.57773523459019,0.461105371462526,0.41652796186832
spe30,post,20180718,1,44,2,1,1,0.4954716801766,0.308853130319824,0.451407988446864,0.311716048008734
spe30,post,20180718,1,45,2,1,1,0.797112815881355,0.619607717724578,0.380235737840449,0.319913690309455
spe30,post,20180718,1,46,1,1,1,0.34268532689473,0.681011667814396,0.679559835280312,0.692095858990927
spe30,post,20180718,1,47,2,1,1,1.09569696531223,0.38086880209573,0.603411967550137,0.401760610184147
spe30,post,20180718,1,48,2,1,1,0.711939869884717,0.435053559946031,0.447206285458699,0.352735266518528
spe30,post,20180718,1,49,2,1,1,0.55617675887494,0.388791761695563,0.610909515827228,0.337567009884887
spe30,post,20180718,1,50,1,1,1,0.250054991580558,0.190732268170792,0.438609643744305,0.288951837981806
spe30,post,20180718,1,51,1,1,1,0.60445792176494,0.920618032147296,0.560641405608146,0.644819073942415
spe30,post,20180718,1,52,1,1,1,0.655039323486498,0.113608225258386,0.835257275914538,0.41592855006802
spe30,post,20180718,1,53,1,1,1,0.410258706731445,0.394793152805921,0.694355697385904,0.386772483981317
spe30,post,20180718,1,54,1,1,1,1.11961353977802,0.690507977679793,0.768494591888684,0.474332776213964
spe30,post,20180718,1,55,2,1,1,0.391849134084957,0.346540731177765,0.691682655660348,0.453996117753155
spe30,post,20180718,1,56,2,1,1,0.512710688413012,0.515968806950562,0.332857706454181,0.292623783543258
spe30,post,20180718,1,57,2,1,1,0.427599634942588,0.191567452439771,0.427612692186248,0.642979964491011
spe30,post,20180718,1,58,2,1,1,0.986281408155038,0.805248517546731,0.744757182563601,0.536538633161907
spe30,post,20180718,1,59,1,1,1,0.529566705421524,0.754628215522972,0.62623769424685,0.530097815466865
spe30,post,20180718,1,60,2,1,1,0.479376601961071,0.49320596546121,0.958656124408835,0.356535832185339
spe30,post,20180718,1,61,1,1,1,0.842595504963546,0.505491805071857,0.728185896097333,0.3877972783018
spe30,post,20180718,1,62,1,1,1,0.422442064299486,0.354099394927148,0.470314063085588,0.418294982185185
spe30,post,20180718,1,63,1,1,1,1.0891817124224,1.15325979303235,0.965462518546422,0.812937092969115
spe30,post,20180718,1,64,1,1,1,1.32911743130812,0.418896472266315,0.937130059157741,0.601350825946525
spe30,post,20180718,1,65,1,1,1,0.600097324454786,0.368339551453033,0.66399606607719,0.489969595105823
spe30,post,20180718,1,66,2,1,1,0.772520335615293,0.534919325731726,0.711542780100718,0.377440465407339
spe30,post,20180718,1,67,1,0,0,NaN,NaN,NaN,NaN
spe30,post,20180718,1,68,2,0,0,NaN,NaN,NaN,NaN
spe30,post,20180718,1,69,1,1,1,0.329854928589151,0.359361503883697,0.490847212747073,0.443335962047801
spe30,post,20180718,1,70,1,1,1,1.14915267022797,0.984516504894967,0.782440925297807,0.538642235640958
spe30,post,20180718,1,71,1,1,1,0.803209312035328,0.890496472391773,0.525357919635025,0.547731294744918
spe30,post,20180718,1,72,1,1,1,0.816243116282868,0.159504166594059,0.877133828878615,0.387729972506235
spe30,post,20180718,1,73,1,1,1,0.629938658495833,0.576224221553351,0.494267878503695,0.378106193787665
spe30,post,20180718,1,74,1,1,1,0.496243156753847,0.430045382301762,0.43172207047848,0.259815978961779
spe30,post,20180718,1,75,1,1,1,0.750452975229379,0.178258821648241,0.625421196859035,0.377589499338645
spe30,post,20180718,1,76,1,1,1,0.653169561856556,0.367335864046214,0.425463032185668,0.355429267371982
spe30,post,20180718,1,77,2,1,1,0.343277575681736,0.485715406636487,0.945717419204359,0.693866482263483
spe30,post,20180718,1,78,1,1,1,0.949222551938345,0.395390819622694,0.937623144625618,0.35725067640509
spe30,post,20180718,1,79,1,1,1,1.23329621894371,1.21485695389179,0.825258112815404,0.637324909730214
spe30,post,20180718,1,80,1,1,1,0.325141599939599,0.382979540555358,0.455900600010488,0.410828787707806
spe30,post,20180718,1,81,1,1,1,0.583226461479539,0.711991186087768,0.470186208285502,0.502794431800578
spe30,post,20180718,1,82,1,1,1,0.294852506801035,0.28659429296607,0.43517896425837,0.203067594250773
spe30,post,20180718,1,83,1,1,1,0.386276511893513,0.506288426297568,0.519409026280732,0.396590116436784
spe30,post,20180718,1,84,2,1,1,0.822876848627546,0.577247294055994,0.973377058345069,0.645022719528606
spe30,post,20180718,1,85,1,1,1,0.619074949760833,0.645098796083813,0.691394982218179,0.50901252410065
spe30,post,20180718,1,86,1,1,1,0.44151333619149,0.280841882824336,0.462223318883664,0.435482616705535
spe30,post,20180718,1,87,1,1,1,0.884035446312798,0.704010253492357,0.723652515457943,0.59631938871673
spe30,post,20180718,1,88,1,1,1,0.656008250335436,0.219751410194853,0.725737162040747,0.501379909428396
spe30,post,20180718,1,89,2,1,1,0.504928434904778,0.520654789473515,0.888903494076321,0.328496802928604
spe30,post,20180718,1,90,1,1,1,0.67503387115365,0.696942890328066,0.571285452668143,0.485127131885919
spe30,post,20180718,1,91,2,1,1,0.422371961288833,0.674293262607847,0.912257400870851,0.928263609429397
spe30,post,20180718,1,92,1,1,1,0.486096456939537,0.321749522705665,0.492671203991163,0.409989756608614
spe30,post,20180718,1,93,1,1,1,0.451766719093436,0.438820462547185,0.809120597286944,0.713953267192901
spe30,post,20180718,1,94,1,1,1,1.14599388238742,0.237928823540777,0.899233524729515,0.209581257019982
spe30,post,20180718,1,95,2,1,1,0.349437356600654,0.406294260869816,0.610072643055556,0.361854850519764
spe30,post,20180718,1,96,1,1,1,0.621694714717305,0.504530145655112,0.471607837717082,0.354156217151541
spe30,post,20180718,1,97,1,1,1,0.772046022049357,0.554023052737891,0.583096806546118,0.42284580790036
spe30,post,20180718,1,98,2,1,1,0.603140839845364,0.667849641121999,0.979802512694278,0.561988202621038
spe30,post,20180718,1,99,1,1,1,0.551841492270553,0.436654665032721,0.424447462214504,0.385123854374133
spe30,post,20180718,1,100,1,1,1,1.14441358499637,0.985330147158921,0.838370519644947,0.560118824339788
spe30,post,20180718,1,101,NaN,0,0,NaN,NaN,NaN,NaN
spe30,post,20180718,2,1,1,1,1,1.0411494702949,0.460564344469274,1.0343163464942,0.653233541267991
spe30,post,20180718,2,2,2,1,1,0.191583325110727,0.320688729680689,0.438016755899115,0.560452833714227
spe30,post,20180718,2,3,1,1,1,0.301264872003728,0.363140097861705,0.470316708373896,0.328333392426969
spe30,post,20180718,2,4,1,1,1,0.485901331302808,0.220922507531331,0.506820941810811,0.344333354701124
spe30,post,20180718,2,5,2,1,1,0.245232122808712,0.42861699067532,0.641294366733716,0.533444823264391
spe30,post,20180718,2,6,1,1,1,0.485886305309687,0.46552362079406,0.622457457841449,0.550547838703739
spe30,post,20180718,2,7,2,1,1,0.704732717703416,0.269262232465879,0.710195953945614,0.335886324068898
spe30,post,20180718,2,8,1,1,1,0.328323412331136,0.323292678293885,0.474270004017619,0.306140594297707
spe30,post,20180718,2,9,2,1,1,1.08424611692996,0.532594259319211,0.616499054624127,0.443783447071294
spe30,post,20180718,2,10,2,1,1,1.00035488802765,0.308267295579244,0.834983863754232,0.385506808906546
spe30,post,20180718,2,11,2,1,1,0.808015863863145,0.152482859290947,0.722508834661892,0.905485024039227
spe30,post,20180718,2,12,1,1,1,1.02833043213893,0.157648837913245,0.871385161815431,0.743974781549277
spe30,post,20180718,2,13,2,1,1,0.319581582107442,0.124089652443479,0.384210255039205,0.294888477302949
spe30,post,20180718,2,14,2,1,1,0.40057375219497,0.272155903028958,0.646940302145997,0.298521077938831
spe30,post,20180718,2,15,1,1,1,0.218383045930179,0.572222084935581,0.663656554827576,0.618712089751387
spe30,post,20180718,2,16,1,1,1,0.576632636234252,0.578365713491157,0.374867344885623,0.405003292198912
spe30,post,20180718,2,17,2,1,1,0.43208864854371,0.319680572947514,0.580705818090279,0.241866309459071
spe30,post,20180718,2,18,2,1,1,0.700764659438047,0.614345404992565,0.417118174059954,0.360227829553729
spe30,post,20180718,2,19,1,1,1,0.543868792185108,0.0711455155882943,0.49354593304841,0.242341652567905
spe30,post,20180718,2,20,1,1,1,1.03250175588539,0.954263386858651,0.779273477828875,0.797401812530317
spe30,post,20180718,2,21,1,1,1,0.640730651480433,0.581320521298972,0.619027649351803,0.508323836285927
spe30,post,20180718,2,22,1,1,1,0.208847575982186,0.146154503681363,0.703264116553577,0.541117684367318
spe30,post,20180718,2,23,1,1,1,1.31256166652354,0.563882681613088,1.16566371477932,0.604058820883771
spe30,post,20180718,2,24,1,1,1,0.563232673935675,0.674637816118036,0.466488276783676,0.54661975323373
spe30,post,20180718,2,25,2,1,1,1.25350484494984,0.826452388528325,0.716393672371552,0.63976894562114
spe30,post,20180718,2,26,1,1,1,0.528562092009976,0.489847090096593,0.550629222824843,0.48403184390425
spe30,post,20180718,2,27,2,1,1,0.437688341577883,0.449531623795181,0.486595245820274,0.386062514462044
spe30,post,20180718,2,28,1,1,1,0.800647844559673,0.24353474412272,0.738641422697766,0.32227994978805
spe30,post,20180718,2,29,1,1,1,0.272897847989143,0.239264940309319,0.366343385484151,0.300222973394873
spe30,post,20180718,2,30,1,1,1,0.735594070948345,0.353468978100329,0.705493399404677,0.565503357028145
spe30,post,20180718,2,31,1,1,1,1.05129239199542,0.748143528503702,0.48405095115444,0.395737943853927
spe30,post,20180718,2,32,2,1,1,0.919166641271328,0.150726085422409,0.680753948939211,0.222716113668133
spe30,post,20180718,2,33,1,1,1,0.537461013070947,0.502048978039529,0.452312647331889,0.391319415102741
spe30,post,20180718,2,34,2,1,1,0.291755980947177,0.20454139603356,0.39853343037516,0.32734863281821
spe30,post,20180718,2,35,1,1,1,0.598353353269705,0.295907639458857,0.59619052630152,0.335587398397004
spe30,post,20180718,2,36,1,1,1,0.319023941754605,0.270148238254751,0.582531841566166,0.395560940795693
spe30,post,20180718,2,37,1,1,1,0.149073989072051,0.149034267293227,0.362490788976593,0.33476050400641
spe30,post,20180718,2,38,2,1,1,1.05045869950265,0.71742653789437,0.889240021100907,0.524864812511246
spe30,post,20180718,2,39,2,1,1,0.396567426897578,0.404639643135136,0.468648758421363,0.424202089636418
spe30,post,20180718,2,40,1,1,1,0.920504244772307,0.977064179231283,0.716773319614358,0.490265209352989
spe30,post,20180718,2,41,1,1,1,1.59987500243602,0.51330562715061,1.0907647168023,0.36401081391497
spe30,post,20180718,2,42,1,1,1,0.567061065681228,0.409027153523162,0.817589402245283,0.361390129368159
spe30,post,20180718,2,43,1,1,1,0.636276608865556,0.540046142912721,0.565741186035438,0.382359934823396
spe30,post,20180718,2,44,1,1,1,0.596238193696657,0.235458282452599,0.475709743215298,0.500703497959924
spe30,post,20180718,2,45,2,1,1,0.476820254375424,0.72072934116216,0.8149953102,0.72139832571595
spe30,post,20180718,2,46,1,1,1,0.495633673129751,0.222691097274238,0.63200911292155,0.570890948711543
spe30,post,20180718,2,47,1,1,1,0.74003293108565,0.149367107812132,0.524601810285845,0.580050563970992
spe30,post,20180718,2,48,1,1,1,0.640438699744844,0.404630620525843,0.481687953123669,0.473763654496859
spe30,post,20180718,2,49,2,1,1,1.46084479085081,1.28213683049043,0.661840817802293,0.624928603528637
spe30,post,20180718,2,50,1,1,1,0.199952680703514,0.13612074229487,0.433268811236516,0.194642011294307
spe30,post,20180718,2,51,1,1,1,0.426886920335625,0.126978402426691,0.69639683372553,0.125435402560611
spe30,post,20180718,2,52,1,1,1,0.331069358991771,0.263686009913889,0.415131901872701,0.346251113556118
spe30,post,20180718,2,53,1,1,1,0.671790069924446,0.289221820659273,0.587523645299376,0.291256958412526
spe30,post,20180718,2,54,1,1,1,1.26898744583921,0.469903589900118,0.922535861197159,0.581295821535079
spe30,post,20180718,2,55,1,1,1,0.291588827532579,0.325566471944497,0.415006635567374,0.428097590656122
spe30,post,20180718,2,56,2,1,1,0.346220521037846,0.267608593572738,0.317684869658918,0.457553318871236
spe30,post,20180718,2,57,1,1,1,0.203188407594024,0.261147994351997,0.585423804867733,0.351081747548278
spe30,post,20180718,2,58,1,1,1,0.286691566459007,0.181064663280429,0.603584167606215,0.343561996284079
spe30,post,20180718,2,59,1,1,1,0.237386312516316,0.432293446982059,0.465879423267758,0.341922981804996
spe30,post,20180718,2,60,1,1,1,0.273159232974973,0.296136478394186,0.389251102391597,0.38212307684914
spe30,post,20180718,2,61,1,1,1,1.14580973093911,1.03075391823077,0.97914650739428,0.706926149089699
spe30,post,20180718,2,62,2,1,1,0.303937503687746,0.325919430315179,0.58352966559588,0.505734320087507
spe30,post,20180718,2,63,2,1,1,0.211808744281693,0.156282812400643,0.454617574488881,0.282604611661419
spe30,post,20180718,2,64,1,1,1,0.515250925346119,0.494408459405796,0.481411972312566,0.355001083391431
spe30,post,20180718,2,65,1,1,1,0.439408017698754,0.604821210702643,0.461189927638254,0.519385064711869
spe30,post,20180718,2,66,1,1,1,0.706005321178016,0.643355798293177,0.642919094094992,0.493645652979217
spe30,post,20180718,2,67,2,1,1,0.675270323160299,0.521078592911264,0.446971316018686,0.317382687313475
spe30,post,20180718,2,68,1,1,1,0.77315786050367,0.240903331284751,0.747224894882221,0.385716300932251
spe30,post,20180718,2,69,2,1,1,0.739189513863284,0.370340173950605,0.684316843448539,0.393866480102806
spe30,post,20180718,2,70,1,1,1,0.306217699108069,0.229568879276336,0.519079688460744,0.341638196143229
spe30,post,20180718,2,71,2,1,1,0.191172170040491,0.258112143496688,0.680441959057964,0.496948910286132
spe30,post,20180718,2,72,1,1,1,0.498952254077093,0.510939069514535,0.502428087274985,0.535275677705588
spe30,post,20180718,2,73,2,1,1,0.326180786943173,0.310905068932497,0.535229096216679,0.368310200421509
spe30,post,20180718,2,74,1,1,1,0.424600900850676,0.912308443654569,0.742861699436202,0.98849680313455
spe30,post,20180718,2,75,1,1,1,0.385959531843296,0.232570584309425,0.627708917828103,0.25087202205478
spe30,post,20180718,2,76,1,1,1,1.29505820461574,0.740256231076397,1.03545153733978,0.489220929944629
spe30,post,20180718,2,77,2,1,1,0.450769616151585,0.197697931102372,0.634260207279769,0.26147185614832
spe30,post,20180718,2,78,1,1,1,0.310899973430056,0.239038453374347,0.529778070481643,0.404480637026738
spe30,post,20180718,2,79,1,1,1,0.991779721967975,1.02929192235691,0.589679326998451,0.487641783017655
spe30,post,20180718,2,80,2,1,1,0.793511888452881,0.448694790091319,0.472822599283059,0.365604340348519
spe30,post,20180718,2,81,1,1,1,0.558168541405395,0.602090155225146,0.345358750152299,0.435016022928598
spe30,post,20180718,2,82,1,1,1,0.708875763691228,0.530239304639281,0.861275481847856,0.68962397784992
spe30,post,20180718,2,83,1,1,1,1.01645924397633,0.928854498485209,0.839177757018924,0.762671539505738
spe30,post,20180718,2,84,2,1,1,0.805006491298197,0.933877358661285,0.531693191007554,0.414128107246461
spe30,post,20180718,2,85,1,1,1,0.327867793607513,0.269477758015825,0.301024967991747,0.402430548274853
spe30,post,20180718,2,86,1,1,1,0.858473645388739,0.323996927959187,0.656863711661798,0.351069917253984
spe30,post,20180718,2,87,1,1,1,0.238347347343624,0.527784596286346,0.583594007474491,0.373161409175748
spe30,post,20180718,2,88,1,1,1,0.428341207459582,0.169358655686692,0.429448280501084,0.171312293128414
spe30,post,20180718,2,89,1,1,1,0.431798560515759,0.231279413610233,0.477804733138299,0.413209274048129
spe30,post,20180718,2,90,1,1,1,0.627922073803997,0.268521284571101,0.888944959505835,0.36675705394748
spe30,post,20180718,2,91,2,1,1,0.755287505546581,0.623564664944336,0.488929910017304,0.812310798111008
spe30,post,20180718,2,92,2,1,1,1.85300043143699,0.741770532233335,1.2519535604595,0.540301736495944
spe30,post,20180718,2,93,1,1,1,0.339054927550377,0.314833498502122,0.331959210161852,0.330197925371547
spe30,post,20180718,2,94,1,1,1,0.78945490793873,0.787424486675661,0.68700034138163,0.554547188665127
spe30,post,20180718,2,95,2,1,1,0.667271991420558,0.505463317473767,0.577208726769599,0.523531825409778
spe30,post,20180718,2,96,1,1,1,0.121967561200107,0.0971127474981897,0.399864458497304,0.217518174653766
spe30,post,20180718,2,97,2,1,1,0.524998134834446,0.52178689757923,0.444312855208623,0.430509922823462
spe30,post,20180718,2,98,2,1,1,0.552910165949519,0.469085754989538,0.415487588173651,0.318184787880933
spe30,post,20180718,2,99,1,1,1,0.682006114826386,0.299141138699255,0.564233128604734,0.460970816328474
spe30,post,20180718,2,100,2,1,1,0.942734136690086,0.530679741524027,0.512216948999322,0.422688144780892
spe30,post,20180718,2,101,NaN,0,0,NaN,NaN,NaN,NaN
spe30,post,20180718,3,1,2,1,1,0.745431601264651,0.531528125287603,0.523600105857729,0.386260996565921
spe30,post,20180718,3,2,1,1,1,0.563061776238727,0.531027750157446,0.493370336587424,0.470999313405535
spe30,post,20180718,3,3,2,1,1,0.136349525096184,0.701373773780309,0.699960517076951,0.738766867617412
spe30,post,20180718,3,4,1,1,1,0.205910665306487,0.763716570041957,0.481003597676201,0.466216896478317
spe30,post,20180718,3,5,1,1,1,0.327268763046604,0.344554637223796,0.392894900190902,0.412270755715269
spe30,post,20180718,3,6,1,1,1,0.528743949575778,0.159980089221504,0.55950954726261,0.247874424877774
spe30,post,20180718,3,7,1,1,1,0.362902961071468,0.348750827774694,0.435602720248981,0.369796998883254
spe30,post,20180718,3,8,2,1,1,0.480896271276679,0.46983400104213,0.720574066994366,0.324556989079423
spe30,post,20180718,3,9,1,1,1,0.503706767712553,0.28722821023907,0.615698493004457,0.270706416494009
spe30,post,20180718,3,10,1,1,1,0.647389764964223,0.366248448776911,0.584337329575344,0.422604603928927
spe30,post,20180718,3,11,2,1,1,0.368555669358286,0.374020616767216,0.333420992230669,0.215381047781686
spe30,post,20180718,3,12,1,1,1,0.307498913142075,0.341730823902136,0.784996391107688,0.198134095013738
spe30,post,20180718,3,13,2,1,1,0.511268664461258,0.430970292940516,0.355240948898056,0.261761396641086
spe30,post,20180718,3,14,1,1,1,0.262465463886711,0.147331424010212,0.535646977133013,0.355496068907281
spe30,post,20180718,3,15,2,1,1,0.301163008101078,0.17744791566778,0.371312265346836,0.336661249797878
spe30,post,20180718,3,16,1,1,1,0.457078850357604,0.473436986800797,0.41450412902944,0.391935546382875
spe30,post,20180718,3,17,2,1,1,0.482838268097566,0.759120805612582,0.80150425421219,0.527867959607751
spe30,post,20180718,3,18,1,1,1,0.24437391718564,0.115597369840448,0.289576774187693,0.282033484499648
spe30,post,20180718,3,19,1,1,1,0.447321163630301,0.596171926121089,0.680207502513097,0.503085311644406
spe30,post,20180718,3,20,1,1,1,0.298820497350698,0.400043103617615,0.63756888567479,0.479599713556271
spe30,post,20180718,3,21,2,1,1,0.384769740940875,0.485678888017159,0.411283235957125,0.348172505197887
spe30,post,20180718,3,22,1,1,1,0.383755491888547,0.273705700805477,0.300435406726671,0.265179833949614
spe30,post,20180718,3,23,2,1,1,0.844352080798963,0.208488850239757,0.534251584813119,0.365062862626106
spe30,post,20180718,3,24,2,1,1,0.670949745981607,0.680548940221249,0.646936643176234,0.555338789765395
spe30,post,20180718,3,25,2,1,1,0.755376987815661,0.200787226459887,0.470531382911016,0.304294700423294
spe30,post,20180718,3,26,1,1,1,0.568687886918866,0.74981914929194,0.629508212112345,0.58542104828325
spe30,post,20180718,3,27,1,1,1,0.564339877467825,0.783030431357813,0.658818865592731,0.75664539072124
spe30,post,20180718,3,28,1,1,1,0.275167742363474,0.259798251389766,0.537068286804794,0.459022720328441
spe30,post,20180718,3,29,1,1,1,1.09793438427759,0.882420219661923,1.0417944459267,0.726486104446103
spe30,post,20180718,3,30,2,1,1,0.643541266957071,0.809079551430587,0.674368577404276,0.685812642110495
spe30,post,20180718,3,31,1,1,1,1.15882733821962,0.142865062859505,0.639231229304753,0.269496406309376
spe30,post,20180718,3,32,2,1,1,0.235793565061758,0.375495786499693,0.312293960330583,0.401636386740627
spe30,post,20180718,3,33,1,1,1,0.519060423408559,0.140357837104694,0.382860141971416,0.280844034490375
spe30,post,20180718,3,34,1,1,1,0.526180937521947,0.465897219752796,0.348086952344512,0.368359394102936
spe30,post,20180718,3,35,1,1,1,0.680627018305291,0.437417345827388,0.657936561935526,0.450720826003908
spe30,post,20180718,3,36,1,1,1,0.525237491687042,0.466985175672682,0.506528543496505,0.46803269168222
spe30,post,20180718,3,37,2,1,1,0.304896249885776,0.0531269346142667,0.369214136923674,0.390324007168986
spe30,post,20180718,3,38,1,1,1,0.352034394041413,0.301694325952555,0.54941941293459,0.505758950968287
spe30,post,20180718,3,39,1,1,1,0.552421334577857,0.279014466045806,0.560492761981269,0.448944470775844
spe30,post,20180718,3,40,1,1,1,0.969383055114928,0.245724739309862,0.643775955768648,0.215633328065183
spe30,post,20180718,3,41,1,1,1,0.517907294360812,0.254155482209219,0.484931432888478,0.486697662353664
spe30,post,20180718,3,42,2,1,1,0.868183018798955,0.676896762629927,0.642728533734338,0.476661515097568
spe30,post,20180718,3,43,1,1,1,0.630679500477721,0.402706464647839,0.2994673535759,0.405614801568138
spe30,post,20180718,3,44,1,1,1,0.347124286878213,0.362398736406135,0.311804941470146,0.36061879695502
spe30,post,20180718,3,45,2,1,1,0.308123435589576,0.478264928281289,0.389569574883271,0.306892545604874
spe30,post,20180718,3,46,1,1,1,0.946384018713266,0.493262340084542,0.737903161540381,0.533488559478212
spe30,post,20180718,3,47,1,1,1,0.791498809487415,0.787395872756909,0.77819194295657,0.592366253368911
spe30,post,20180718,3,48,2,1,1,0.314054581935665,0.318659341774731,0.557797681329306,0.316374846803143
spe30,post,20180718,3,49,2,1,1,0.571432092620658,0.572647211985365,0.422413805232503,0.42747321310954
spe30,post,20180718,3,50,1,1,1,0.41788548856908,0.333281689485709,0.341188532565899,0.27277127124831
spe30,post,20180718,3,51,2,1,1,0.264901538993977,0.484770481287435,0.512475721667605,0.446470996844703
spe30,post,20180718,3,52,1,1,1,0.211854281719886,0.260805479429211,0.411100944641254,0.339092232730986
spe30,post,20180718,3,53,1,1,1,0.509605761843464,0.458161726216677,0.449182034676551,0.489784447482642
spe30,post,20180718,3,54,1,1,1,1.07156780104854,0.503426218829821,0.850175935615645,0.622152851887443
spe30,post,20180718,3,55,1,1,1,0.410501069301587,0.41225323284463,0.425291879727285,0.38358987249407
spe30,post,20180718,3,56,1,1,1,0.576864517052234,0.33831981279081,0.434897627521945,0.324656747260245
spe30,post,20180718,3,57,2,1,1,0.678614874887662,0.550099005771069,0.528886058809993,0.638781912032888
spe30,post,20180718,3,58,2,1,1,0.602386712682955,0.697648231118362,0.438242249979408,0.449698769745206
spe30,post,20180718,3,59,1,1,1,0.79037383889015,0.395363544231835,0.661516317008114,0.382451012100428
spe30,post,20180718,3,60,2,1,1,0.841868649188321,0.42576197425746,1.38596459210282,0.561754086928777
spe30,post,20180718,3,61,1,1,1,0.916065066529692,0.658427410802882,1.00530632647963,0.562274075668081
spe30,post,20180718,3,62,1,1,1,0.658455317110185,0.523031209204056,0.658574194525991,0.581336110727716
spe30,post,20180718,3,63,1,1,1,0.190513827247107,0.243961619441423,0.577036558414589,0.405974867918334
spe30,post,20180718,3,64,1,1,1,0.533399279307767,0.366851210028531,0.567838127227587,0.475421620285874
spe30,post,20180718,3,65,2,1,1,0.304995428269231,0.150284501151794,0.353629819672752,0.205443087881949
spe30,post,20180718,3,66,1,1,1,0.158271513967463,0.418741232664244,0.453878770852161,0.392465175103396
spe30,post,20180718,3,67,1,1,1,1.0300277175631,0.532079296787692,0.552853856543735,0.367893922743143
spe30,post,20180718,3,68,1,1,1,0.499340066214712,0.719788183788503,0.510695692759506,0.541948210247642
spe30,post,20180718,3,69,1,1,1,0.407999879335667,0.202283553045383,0.356358920913702,0.228854759792845
spe30,post,20180718,3,70,2,1,1,1.71999866321928,0.690231927665439,1.18005701640197,0.686331714421495
spe30,post,20180718,3,71,1,1,1,0.648328075829808,0.573786160405682,0.672998052369902,0.480371642023525
spe30,post,20180718,3,72,1,1,1,0.594213514940697,0.524139095576305,0.505942942369046,0.485617431145586
spe30,post,20180718,3,73,1,1,1,0.264499288605363,0.436920436888466,0.617133151817671,0.400106807730035
spe30,post,20180718,3,74,2,1,1,0.233544426433649,0.293361856718174,0.503674599636361,0.276467707396373
spe30,post,20180718,3,75,2,1,1,0.500323595237394,0.465251357896189,0.856121912676657,0.61379333445164
spe30,post,20180718,3,76,1,1,1,0.628379400680542,0.226158719201999,1.11361718051892,0.7450176536341
spe30,post,20180718,3,77,2,1,1,0.853840225089087,0.289061380194168,0.800478441631138,0.314375629019969
spe30,post,20180718,3,78,1,1,1,0.633829529685101,0.505029100245538,0.464134077305193,0.450420139466016
spe30,post,20180718,3,79,1,1,1,0.946493523012395,0.650341534085015,0.634842284868101,0.368367779653489
spe30,post,20180718,3,80,1,1,1,0.48828623027137,0.424451296568102,0.685550399499443,0.509451217723598
spe30,post,20180718,3,81,1,1,1,0.621177320790258,0.483832809512826,0.777642870721949,0.549625659415087
spe30,post,20180718,3,82,1,1,1,0.714889651519272,0.458289864726775,0.986477765845141,0.515825693701114
spe30,post,20180718,3,83,2,1,1,0.89929341669523,0.824856345810664,0.676790568141455,0.460885466514359
spe30,post,20180718,3,84,1,1,1,1.02686371062428,0.569833508588877,0.813586143636255,0.498602438564728
spe30,post,20180718,3,85,1,1,1,0.411200283535499,0.215697642430553,0.442576056998541,0.397241910481073
spe30,post,20180718,3,86,1,1,1,0.668131655994034,0.509040797862438,0.592563788856445,0.345962544064082
spe30,post,20180718,3,87,1,1,1,0.449692503525383,0.541515738933131,0.388344406771068,0.388401711325399
spe30,post,20180718,3,88,2,1,1,0.622606722071577,0.189726722928739,0.719366296439831,0.229198123571646
spe30,post,20180718,3,89,1,1,1,0.427587613647029,0.277360235123707,0.55955588419449,0.353497128081715
spe30,post,20180718,3,90,2,1,1,0.389639071942788,0.458288523147319,0.451741169996483,0.420814329465876
spe30,post,20180718,3,91,1,1,1,0.846851015418769,0.489611714150353,0.533156811025212,0.329655760571693
spe30,post,20180718,3,92,1,1,1,0.785485230930954,0.54378340109157,0.656931449255074,0.444410775729432
spe30,post,20180718,3,93,1,1,1,0.653664853180715,0.385640475949495,0.547276820626439,0.401495174235648
spe30,post,20180718,3,94,2,1,1,1.06520042615713,0.211959757681871,0.845749544994589,0.287033888714194
spe30,post,20180718,3,95,1,1,1,0.460308431469328,0.229964726920202,0.500476733040096,0.516686902310536
spe30,post,20180718,3,96,1,1,1,0.669837095846779,0.448055853211584,0.722913391745247,0.388075843642526
spe30,post,20180718,3,97,2,1,1,0.55036291740058,0.328436253065427,0.641927825646553,0.425973138651246
spe30,post,20180718,3,98,1,1,1,0.571839307186943,0.254577731388129,0.39825242258272,0.348304772613839
spe30,post,20180718,3,99,2,1,1,0.366527256290959,0.415563744106079,0.440041564314657,0.471594738639344
spe30,post,20180718,3,100,2,1,1,0.664642235045535,0.577333190105194,0.649628680398652,0.515631440428174
spe30,post,20180718,3,101,NaN,0,0,NaN,NaN,NaN,NaN
spe30,post,20180718,4,1,2,1,1,0.878207874878367,0.511368207724034,0.757470992605273,0.758920345035372
spe30,post,20180718,4,2,1,1,1,0.564721639901615,0.471243983854032,0.511406429535901,0.438199069597296
spe30,post,20180718,4,3,2,1,1,0.643773602735839,0.596527501347105,0.446901109983734,0.400323692698671
spe30,post,20180718,4,4,2,1,1,0.203436636982556,0.250668790409862,0.203474182702076,0.363119530050913
spe30,post,20180718,4,5,1,1,1,0.200593660371664,0.278197776649739,0.313535405388597,0.359617168592131
spe30,post,20180718,4,6,2,1,1,0.368819874145616,0.213853936807475,0.440465368541964,0.36770961417647
spe30,post,20180718,4,7,1,1,1,0.248203153253712,0.224265050719762,0.483047549088265,0.41876272043289
spe30,post,20180718,4,8,2,1,1,0.332394973251538,0.323907623580846,0.336649874951331,0.307764484804369
spe30,post,20180718,4,9,1,1,1,0.219991853079657,0.172050906590439,0.379256593100596,0.209369929192243
spe30,post,20180718,4,10,1,1,1,0.308667004934965,0.219625847849285,0.404956776556122,0.351257329107575
spe30,post,20180718,4,11,1,1,1,0.26785299165608,0.0637303609790675,0.461479030109558,0.21129868237778
spe30,post,20180718,4,12,1,1,1,0.831263198380346,0.831018509937813,0.526002473804409,0.512699045768866
spe30,post,20180718,4,13,1,1,1,0.787982742487953,0.352601419269059,0.438945397210548,0.255024122117769
spe30,post,20180718,4,14,2,1,1,0.70338410757362,0.403816451788263,0.298153065888868,0.321908705911423
spe30,post,20180718,4,15,2,1,1,0.692839678440406,0.647950526716071,0.521003714175419,0.369659681776406
spe30,post,20180718,4,16,1,1,1,0.652161909322849,0.64920187639591,0.431650611171629,0.330482895696243
spe30,post,20180718,4,17,1,1,1,0.436277439465036,0.339801298124257,0.493108395844263,0.380416350563459
spe30,post,20180718,4,18,1,1,1,0.716571619340447,0.86310136488772,0.652138171462614,0.609777329855011
spe30,post,20180718,4,19,1,1,1,0.673419832011254,0.534720485597301,0.483596551606101,0.426275408021503
spe30,post,20180718,4,20,2,1,1,0.587466995981702,0.528659198021944,0.39117164598425,0.424734240857752
spe30,post,20180718,4,21,2,1,1,0.282383798670793,0.463551637660365,0.574687162205313,0.275657656375836
spe30,post,20180718,4,22,1,1,1,0.889816217732643,0.211090830171606,0.634305564126997,0.396197042116124
spe30,post,20180718,4,23,1,1,1,0.350573429644632,0.37766124767674,0.576858880645098,0.392102421945017
spe30,post,20180718,4,24,1,1,1,0.155039574448334,0.497416228668665,0.370032789204828,0.359497959482216
spe30,post,20180718,4,25,2,1,1,0.207243003961536,0.413516362896959,0.676069111183022,0.685696748315297
spe30,post,20180718,4,26,2,1,1,0.567770598558555,0.141714240535627,0.641970722835046,0.336146257307514
spe30,post,20180718,4,27,1,1,1,0.236499000308164,0.177873983475485,0.554053085824444,0.212388119673526
spe30,post,20180718,4,28,1,1,1,0.410180239904202,0.335889064900966,0.451512899122379,0.446448229118391
spe30,post,20180718,4,29,1,1,1,0.820725027151022,0.545070511688164,0.86542704358931,0.384181474615616
spe30,post,20180718,4,30,1,1,1,0.650186959880179,0.514871931892995,0.511492917821852,0.554679424846078
spe30,post,20180718,4,31,1,1,1,0.776461728963683,0.753947166102696,0.42240083886653,0.467744420675401
spe30,post,20180718,4,32,1,1,1,0.571906437103783,0.16228919647888,0.955308941662562,0.586930397389651
spe30,post,20180718,4,33,1,1,1,0.866899312289684,0.62154567047219,0.812054402337568,0.527776664252947
spe30,post,20180718,4,34,2,1,1,0.981682722950355,0.508212571407414,0.927214026424943,0.546849374907291
spe30,post,20180718,4,35,1,1,1,0.292019799866772,0.31976423733834,0.467997089938166,0.343547307282503
spe30,post,20180718,4,36,1,1,1,0.76416207748043,0.549124774938667,0.66586317882558,0.48941125511528
spe30,post,20180718,4,37,2,1,1,0.231410731658306,0.160302920081404,0.26212002658734,0.189752917205207
spe30,post,20180718,4,38,1,1,1,0.29928444144397,0.205357319043406,0.31587268605025,0.34366385275395
spe30,post,20180718,4,39,1,1,1,0.42588673754394,0.487831424517933,0.616472228918778,0.461664138534514
spe30,post,20180718,4,40,1,1,1,0.557175750390296,0.491476630650875,0.443757204480076,0.425209949174822
spe30,post,20180718,4,41,1,1,1,0.334778777630252,0.39875097579789,0.424462631792267,0.383498643390787
spe30,post,20180718,4,42,1,1,1,0.958615805374026,0.478703427009666,0.631946622108524,0.406398028526406
spe30,post,20180718,4,43,1,1,1,0.401459913477726,0.394955869081802,0.476272204687164,0.469942129901883
spe30,post,20180718,4,44,1,1,1,0.347278609414404,0.537906735756741,0.610045210154365,0.659795753381375
spe30,post,20180718,4,45,1,1,1,0.585404745400912,0.51828142029207,0.558466352099446,0.423156480221571
spe30,post,20180718,4,46,1,1,1,0.253031431921388,0.302358048373597,0.388580256644803,0.390425956009462
spe30,post,20180718,4,47,1,1,1,0.56224243606149,0.336053981405135,0.840302170184231,0.681312748958977
spe30,post,20180718,4,48,2,1,1,0.293681469353025,0.204390248971208,0.36524662995735,0.371838316954572
spe30,post,20180718,4,49,1,1,1,0.239078442617722,0.309521875792243,0.348751659642307,0.433165126006178
spe30,post,20180718,4,50,1,1,1,0.797058963613054,0.654475917269236,0.609224222216131,0.484782393267667
spe30,post,20180718,4,51,2,1,1,0.64266911786633,0.281003691923207,0.489644537955608,0.266020281364981
spe30,post,20180718,4,52,1,1,1,0.994376063547333,0.439501946415034,0.777374180271424,0.349250587470779
spe30,post,20180718,4,53,1,1,1,1.28166383033821,1.10054396370028,0.96848188110169,0.715291905657104
spe30,post,20180718,4,54,1,1,1,0.298911167565183,0.201975114898081,0.434108340917058,0.352033021308666
spe30,post,20180718,4,55,1,1,1,0.378292978959465,0.318812164740064,0.517121230099816,0.303400780467371
spe30,post,20180718,4,56,1,1,1,1.4222092051892,0.659116767724752,0.446695116471062,0.314887221932816
spe30,post,20180718,4,57,1,1,1,0.801925211370404,0.673969612989232,0.496706335929698,0.332614101651499
spe30,post,20180718,4,58,1,1,1,0.691723078211066,0.537432447325395,0.611124351910417,0.485931559053285
spe30,post,20180718,4,59,1,1,1,0.642095895889966,0.0658584936733009,0.364378720123259,0.24181207767333
spe30,post,20180718,4,60,1,1,1,0.238720481233932,0.404216610589478,0.563438461279799,0.439298363618487
spe30,post,20180718,4,61,1,1,1,1.05385978545985,0.86325901915302,0.74643031537096,0.493929838236142
spe30,post,20180718,4,62,1,1,1,0.429365963762249,0.360008894700869,0.518046204756693,0.400813590285498
spe30,post,20180718,4,63,2,1,1,1.30716630812601,1.10618432439772,1.19407453561041,1.04925909060099
spe30,post,20180718,4,64,1,1,1,0.912305386388002,0.444688766865276,0.469086194434271,0.555033261218699
spe30,post,20180718,4,65,2,1,1,0.41339004203822,0.184895102001921,0.518233248198589,0.513796843001115
spe30,post,20180718,4,66,2,1,1,0.550347751983649,0.0975515469568967,0.542843068688948,0.162528164948511
spe30,post,20180718,4,67,1,1,1,0.652503725520748,0.644149907286939,0.562485453760482,0.533544614326004
spe30,post,20180718,4,68,2,1,1,0.765676655786692,0.383365687142888,0.779939021501078,0.597131140080937
spe30,post,20180718,4,69,1,1,1,2.33308986737855,1.32213804643562,1.31170084930167,1.01226429681624
spe30,post,20180718,4,70,1,1,1,0.445230360531908,0.194595342529748,0.361438897181707,0.308932262883014
spe30,post,20180718,4,71,1,1,1,0.618764512338522,0.21032614433526,0.452230188710071,0.285461000435678
spe30,post,20180718,4,72,2,1,1,0.664611776498565,0.90290206646162,0.475697644755669,0.675633758349889
spe30,post,20180718,4,73,2,1,1,0.540126146346898,0.261756880986811,0.304472451579252,0.275942257691839
spe30,post,20180718,4,74,1,1,1,0.758695436864427,0.729793075460738,0.889112069445266,0.539102670678859
spe30,post,20180718,4,75,2,1,1,0.144321798990172,0.138769090962545,0.303755207025761,0.317679441953969
spe30,post,20180718,4,76,1,1,1,0.209027090382827,0.215567724844989,0.400526393252672,0.389611807943517
spe30,post,20180718,4,77,1,1,1,0.549189841555793,0.3707929209643,0.703221476650787,0.458603405156564
spe30,post,20180718,4,78,1,1,1,0.705565432150458,0.559921654139581,0.586216494817087,0.387931202337535
spe30,post,20180718,4,79,1,1,1,0.543169193211274,0.529172080537082,0.443582943574408,0.435400397243223
spe30,post,20180718,4,80,2,1,1,0.755337144241856,0.112815020961486,0.685027893961317,0.336625548712496
spe30,post,20180718,4,81,2,1,1,1.01589754481281,1.03434816352286,0.667374720688776,0.498090533544086
spe30,post,20180718,4,82,2,1,1,0.437171089472372,0.314459681182882,0.804735446068109,0.768868611068614
spe30,post,20180718,4,83,2,1,1,0.332011075655139,0.284687773725797,0.474344793254365,0.332184116417864
spe30,post,20180718,4,84,2,1,1,0.38746856139727,0.389094374285063,0.56057085374428,0.380585981879881
spe30,post,20180718,4,85,2,1,1,0.395294661649992,0.182553753780339,0.374221294585941,0.332480783932257
spe30,post,20180718,4,86,1,1,1,0.426128415310497,0.391967042825562,0.395680809840562,0.391960979107298
spe30,post,20180718,4,87,2,1,1,0.596621974531959,0.496410637620996,0.468097556155654,0.391539819042873
spe30,post,20180718,4,88,2,1,1,1.07904614398266,0.948023742569562,0.471717032667513,0.404548820793961
spe30,post,20180718,4,89,2,1,1,0.626803427174705,0.145875560909733,0.594658189974322,0.285168683950241
spe30,post,20180718,4,90,2,1,1,0.235822636422239,0.0512880281356036,0.361929839127557,0.181898153663431
spe30,post,20180718,4,91,1,1,1,1.49388592872235,1.03165746637667,1.24428309186474,0.655327713674468
spe30,post,20180718,4,92,1,1,1,0.684227918609656,0.552715781807085,0.760948517784515,0.380758854383513
spe30,post,20180718,4,93,2,1,1,0.752880521966016,0.721256450846682,0.578418047543745,0.622558422211896
spe30,post,20180718,4,94,2,1,1,0.395944533430082,0.346043548777851,0.494215163237747,0.409755334362756
spe30,post,20180718,4,95,1,1,1,0.865931648961468,0.702982045373261,0.689515181071127,0.630276601104576
spe30,post,20180718,4,96,1,1,1,0.699593242621937,0.458111968878116,0.671135375010155,0.524370076969406
spe30,post,20180718,4,97,1,1,1,0.281172713177878,0.287121186055611,0.356162352185496,0.287805088013042
spe30,post,20180718,4,98,1,1,1,0.786052873907394,0.882484840099842,0.390303760334247,0.546268237463316
spe30,post,20180718,4,99,1,1,1,0.771364594051271,0.460013281573243,0.457095277469772,0.324821185460437
spe30,post,20180718,4,100,1,1,1,0.354841454998102,0.19745792797151,0.358783767000555,0.291255953701913
spe30,post,20180718,4,101,NaN,0,0,NaN,NaN,NaN,NaN
spe30,post,20180718,5,1,2,1,1,0.555569835416696,0.377926647519752,0.653644596232921,0.379915595376062
spe30,post,20180718,5,2,1,1,1,0.322726568490487,0.273196512806718,0.522398804987591,0.339980326782748
spe30,post,20180718,5,3,2,1,1,0.670788418774711,0.198315595973085,0.380044359407391,0.32054926138618
spe30,post,20180718,5,4,1,1,1,1.57446423674499,0.140836405683507,0.934981587725066,0.290292342371769
spe30,post,20180718,5,5,1,1,1,0.932734163907988,0.873898077314148,0.525642377201684,0.507396108577743
spe30,post,20180718,5,6,2,1,1,0.797588991418785,0.771610844516385,0.714093088191787,0.39449258371027
spe30,post,20180718,5,7,1,1,1,0.368366743937873,0.6282634729655,0.486035158027256,0.543084908372079
spe30,post,20180718,5,8,2,1,1,0.368709487945458,0.215379315694145,0.762489480585554,0.305624442576777
spe30,post,20180718,5,9,2,1,1,0.88810938998237,0.890534190768311,0.371599146082116,0.485731885065513
spe30,post,20180718,5,10,1,1,1,1.19918932104611,0.748060727923611,0.742312340873909,0.49566870203998
spe30,post,20180718,5,11,2,1,1,0.410844781822715,0.24170451125916,0.465069716936845,0.228177647623912
spe30,post,20180718,5,12,1,1,1,0.433047818033002,0.219214659323365,0.41937269474301,0.396735577767935
spe30,post,20180718,5,13,2,1,1,0.360675920908268,0.6103495877332,0.473251121849398,0.553273497284004
spe30,post,20180718,5,14,1,1,1,0.585802831935716,0.577206806461949,0.500414564650196,0.485528183495384
spe30,post,20180718,5,15,2,1,1,0.335641919395224,0.348509831421009,0.382019298168051,0.322664169649202
spe30,post,20180718,5,16,1,1,1,0.73024182641349,0.347229664619113,0.683883529739694,0.621453311647514
spe30,post,20180718,5,17,1,1,1,0.925168337949106,0.862032905529096,0.677429556341824,0.57031641163764
spe30,post,20180718,5,18,1,1,1,1.15195320915618,0.671783236684034,0.966871298765599,0.437352157973037
spe30,post,20180718,5,19,1,1,1,0.380098480843875,0.194838017057569,0.845216598807316,0.609376509126473
spe30,post,20180718,5,20,2,1,1,0.649306469089094,0.383801708682793,0.404120341278451,0.466927815547466
spe30,post,20180718,5,21,1,1,1,0.154392091680375,0.17068846888203,0.266184105279054,0.280841934140331
spe30,post,20180718,5,22,2,1,1,0.161808592081281,0.253222380105735,0.27282969979378,0.275432711449114
spe30,post,20180718,5,23,2,1,1,0.281742330451849,0.568542822597946,0.305493692828167,0.407689865763508
spe30,post,20180718,5,24,1,1,1,0.273373770204941,0.390166135984877,0.79515659298998,0.545154181545005
spe30,post,20180718,5,25,1,1,1,0.298682463332138,0.279884716198626,0.285405024506723,0.225154367295449
spe30,post,20180718,5,26,1,1,1,0.801300739700547,0.286885381411223,0.714689692578527,0.419525696131643
spe30,post,20180718,5,27,1,1,1,0.31534768732738,0.220814455163851,0.455378209797982,0.428743408851354
spe30,post,20180718,5,28,2,1,1,1.37424885136693,0.518177652169515,0.879138414961829,0.529950067488001
spe30,post,20180718,5,29,1,1,1,0.400323544956571,0.469362444658154,0.401369239629264,0.392349850968087
spe30,post,20180718,5,30,1,1,1,0.322111083204638,0.11695710352301,0.550496688636351,0.341782880502544
spe30,post,20180718,5,31,1,1,1,0.584093691063156,0.717818056632285,0.553139637392209,0.557461953454537
spe30,post,20180718,5,32,1,1,1,0.907944568757565,0.473249983020148,0.462979708174055,0.337788615685463
spe30,post,20180718,5,33,1,1,1,1.30333525357739,0.601748060835641,0.937232202483502,0.38024593383795
spe30,post,20180718,5,34,1,1,1,0.574963279621836,0.234039947660159,0.599564204207217,0.429495937119028
spe30,post,20180718,5,35,1,1,1,0.271636461281006,0.308409649499561,0.499541776073841,0.236287603759911
spe30,post,20180718,5,36,2,1,1,0.527648907107969,0.255455414684215,0.611369346207218,0.178720152282544
spe30,post,20180718,5,37,2,1,1,0.266184896371507,0.456567639590495,0.517498050347131,0.421211686043983
spe30,post,20180718,5,38,2,1,1,0.579489609946956,0.339724629328058,0.544322709135413,0.301250109161336
spe30,post,20180718,5,39,1,1,1,0.871725161309698,1.0659857658863,0.409397867237801,0.46058805881098
spe30,post,20180718,5,40,2,1,1,0.525163741016517,0.387868457359767,0.31412789015577,0.335436871341966
spe30,post,20180718,5,41,2,1,1,0.700478517839905,0.648756909854291,0.462624874244548,0.496010804056487
spe30,post,20180718,5,42,2,1,1,0.280282644170587,0.208010105707954,0.475163809236934,0.444073819575579
spe30,post,20180718,5,43,1,1,1,0.301349990842309,0.263971126106316,0.533976249373019,0.531857678431114
spe30,post,20180718,5,44,2,1,1,0.273199625340703,0.318871269867945,0.517779689685053,0.34110514382061
spe30,post,20180718,5,45,1,1,1,0.423288269393963,0.618335833479814,0.58230301158585,0.466694491544072
spe30,post,20180718,5,46,1,1,1,0.409375025069618,0.507833691170747,0.44584792272064,0.428787802614375
spe30,post,20180718,5,47,1,1,1,0.350564232617559,0.377841020534175,0.397051415910145,0.5480106526787
spe30,post,20180718,5,48,1,1,1,0.690937813299753,0.373015119484999,0.744166277221953,0.282496829850652
spe30,post,20180718,5,49,2,1,1,0.568087418575519,0.383797121731817,0.643739769772259,0.45733417686322
spe30,post,20180718,5,50,1,1,1,0.408865658875174,0.362498589856838,0.525175776565304,0.37138984663244
spe30,post,20180718,5,51,2,1,1,0.554815942826385,0.446471779057116,0.599316258198467,0.511622708885356
spe30,post,20180718,5,52,1,1,1,0.307859624116538,0.45022260289261,0.528271831046143,0.563819336507139
spe30,post,20180718,5,53,1,1,1,0.411486684762734,0.344649771538036,0.574373624144214,0.550582951831643
spe30,post,20180718,5,54,1,1,1,0.881752300821412,0.561531129571409,0.667912550545475,0.457943830857302
spe30,post,20180718,5,55,1,1,1,0.952228645563835,0.464694500809269,0.497000550703106,0.409710627598242
spe30,post,20180718,5,56,1,1,1,0.410985112000478,0.301797218953837,0.440891918706617,0.412316909035996
spe30,post,20180718,5,57,2,1,1,0.493461319616458,0.280599579067164,0.619973215551187,0.535880902600705
spe30,post,20180718,5,58,1,1,1,1.12538835288227,1.19231973654655,1.0370472568089,1.06983539159657
spe30,post,20180718,5,59,1,1,1,0.733999339780924,0.309437954117364,0.687601223911415,0.282246225562702
spe30,post,20180718,5,60,1,1,1,1.27240202416349,1.09113589883691,0.894737131662595,0.569108979890105
spe30,post,20180718,5,61,1,1,1,0.695361724413762,0.629519335525865,0.544738897438742,0.493264865553924
spe30,post,20180718,5,62,2,1,1,0.430981742852333,0.117180263251173,0.820915107127699,0.769581412083951
spe30,post,20180718,5,63,1,1,1,0.626295768351575,1.19872764717593,0.476609083528686,0.486815207046346
spe30,post,20180718,5,64,2,1,1,0.269393899781633,0.236856013151031,0.676060601763094,0.374784048634916
spe30,post,20180718,5,65,2,1,1,0.550760297409584,0.235452756388448,0.401163983580165,0.257404261068828
spe30,post,20180718,5,66,1,1,1,0.577333220268982,0.103096730749846,0.581717557244527,0.257952007061015
spe30,post,20180718,5,67,1,1,1,0.223092753229054,0.435834582234814,0.487555354334145,0.390811062281879
spe30,post,20180718,5,68,1,1,1,1.08150408500806,0.672307722864455,0.884966857323132,0.584412418909806
spe30,post,20180718,5,69,2,1,1,0.851293271152812,0.877467225030179,0.76449125545776,0.646534230585959
spe30,post,20180718,5,70,1,1,1,0.975356607608742,0.725344716355432,1.04163516223327,0.676938698741886
spe30,post,20180718,5,71,1,1,1,0.285945251228415,0.310367296087583,0.57395965790582,0.306899174014914
spe30,post,20180718,5,72,1,1,1,0.807277138222199,0.295378471507663,0.569307309828584,0.393711223606056
spe30,post,20180718,5,73,2,1,1,0.316145703899962,0.30771217979413,0.39575615093774,0.383848205758953
spe30,post,20180718,5,74,1,1,1,0.977395047647782,0.768663128178832,0.572346455560303,0.534190312044443
spe30,post,20180718,5,75,1,1,1,0.140480605176023,0.0387702025400074,0.352138087951289,0.271724978713874
spe30,post,20180718,5,76,1,1,1,1.28785076648871,0.274014631421499,1.13867919995681,0.345521471872485
spe30,post,20180718,5,77,1,1,1,0.511914991828067,0.312957160803238,0.49546571120846,0.393077731462001
spe30,post,20180718,5,78,1,1,1,0.16843613098278,0.284896746318321,0.673493486430047,0.457061146781919
spe30,post,20180718,5,79,1,1,1,0.544867603609612,0.430124781056055,0.302695773110919,0.269117469211226
spe30,post,20180718,5,80,1,1,1,0.368476403474164,0.324874508479532,0.321997579085084,0.469348167243734
spe30,post,20180718,5,81,1,1,1,0.189876517571184,0.218031234318067,0.484197274931293,0.236663843161148
spe30,post,20180718,5,82,1,1,1,0.80015462806881,0.352448673072088,0.69054963106807,0.327858311221843
spe30,post,20180718,5,83,2,1,1,0.923055494074034,0.837927763458362,0.426138627631224,0.415437776245188
spe30,post,20180718,5,84,1,1,1,0.17601876411686,0.728571436635614,0.271009583425413,0.392390673250527
spe30,post,20180718,5,85,2,1,1,0.232888911418997,0.221108917328941,0.299796153326719,0.201057098957922
spe30,post,20180718,5,86,1,1,1,0.457152300889617,0.810927487878496,0.309597388429599,0.453830182653108
spe30,post,20180718,5,87,1,1,1,0.516830255015669,0.5324315316939,0.651727101718512,0.555642423707804
spe30,post,20180718,5,88,1,1,1,0.243524884161048,0.276847841673781,0.480841261765202,0.515845682715848
spe30,post,20180718,5,89,1,1,1,0.581204264504948,0.548155545625902,0.374997046507149,0.346119810430263
spe30,post,20180718,5,90,1,1,1,0.264534201727757,0.445305104506243,0.36201509745894,0.288541546264796
spe30,post,20180718,5,91,2,1,1,0.644867023365363,0.553730877139821,0.723265300964612,0.429999372297088
spe30,post,20180718,5,92,2,1,1,0.284630270254445,0.296078805163414,0.411713120209672,0.351774420818844
spe30,post,20180718,5,93,1,1,1,0.317956676384291,0.361516893367072,0.481494941786713,0.344456893845027
spe30,post,20180718,5,94,1,1,1,0.196822977819789,0.21850906836606,0.27901465697827,0.271927192564243
spe30,post,20180718,5,95,2,1,1,0.702765195570352,0.367568075674965,0.565220035120901,0.317146362275655
spe30,post,20180718,5,96,1,1,1,0.499660136854192,0.478640294626235,0.683153457919897,0.464905917318885
spe30,post,20180718,5,97,1,1,1,0.479429460776173,0.488188742670761,0.665013013369326,0.583454062873454
spe30,post,20180718,5,98,2,1,1,0.378477589080026,0.453143773612635,0.332890054265255,0.408543173273198
spe30,post,20180718,5,99,2,1,1,1.70579585026936,1.53756798617981,1.37232278035164,1.29576245589349
spe30,post,20180718,5,100,1,1,1,0.647677126932728,0.613616762201612,0.363089843173351,0.297606272287301
spe30,post,20180718,5,101,NaN,0,0,NaN,NaN,NaN,NaN
spe30,retest,20180719,1,1,1,1,1,0.297274638915928,0.576655065668684,0.65280973477583,0.538182196309643
spe30,retest,20180719,1,2,2,1,1,0.837375778420179,0.675556875890687,0.379221811179739,0.38391082449604
spe30,retest,20180719,1,3,2,1,1,0.588109770208776,0.460113384293096,0.389176170486412,0.48651499402414
spe30,retest,20180719,1,4,1,1,1,0.338161520603303,0.455997519208343,0.494622465611968,0.458047557613273
spe30,retest,20180719,1,5,1,1,1,0.4037143325359,0.393398193290811,0.647791475507471,0.607984109975887
spe30,retest,20180719,1,6,1,1,1,0.938955073376315,0.647195519400232,0.783035393915774,0.695625095932673
spe30,retest,20180719,1,7,1,1,1,0.599331308129337,0.768635327652551,0.534477951165066,0.625703687210225
spe30,retest,20180719,1,8,2,1,1,0.576192308890997,0.318849995839887,0.927550272869053,0.302532537723841
spe30,retest,20180719,1,9,1,1,1,1.34913780829426,0.978714991976952,1.19592965671432,0.789404014483147
spe30,retest,20180719,1,10,2,1,1,1.25612559243421,1.01427605599513,0.999962500295247,0.863537253412199
spe30,retest,20180719,1,11,2,1,1,0.421827437361146,0.539934486199733,0.503975026798976,0.472087624269536
spe30,retest,20180719,1,12,1,1,1,0.476630111636462,0.455973942251146,0.605665360425227,0.533507743910823
spe30,retest,20180719,1,13,2,1,1,0.416373025109603,0.499388142614112,0.683804557308917,0.757956421630862
spe30,retest,20180719,1,14,2,1,1,0.288822184062836,0.455403138374052,0.424482854817143,0.462577378874065
spe30,retest,20180719,1,15,2,1,1,0.939391455733139,0.508008261657009,1.38392322248678,0.84098934426552
spe30,retest,20180719,1,16,1,1,1,0.756600930551127,0.532653284373247,1.05784090575383,0.479727045943439
spe30,retest,20180719,1,17,2,1,1,0.768579941249294,0.355186939441313,0.662059610605439,0.417561564577783
spe30,retest,20180719,1,18,1,1,1,0.630505423620276,0.492962804240195,0.841559583209784,0.672655996718228
spe30,retest,20180719,1,19,1,1,1,1.2796711836012,0.894263540184138,1.55745665151437,1.20240425808145
spe30,retest,20180719,1,20,2,1,1,0.730686853710249,0.822272864428364,0.781386898014561,0.897424250437561
spe30,retest,20180719,1,21,1,1,1,1.2459410504009,0.203687649198579,0.886682510449945,0.428572468114144
spe30,retest,20180719,1,22,2,1,1,0.224505991904106,0.183787025360369,0.529714274403296,0.474790034787625
spe30,retest,20180719,1,23,1,1,1,0.744753085651677,0.703661445829855,0.565611647389243,0.576750619529509
spe30,retest,20180719,1,24,1,1,1,0.460245882040849,0.794191354644839,0.99266376445184,0.87663151469993
spe30,retest,20180719,1,25,1,1,1,0.357686123409843,0.358987698510653,0.364649769551439,0.446008133060527
spe30,retest,20180719,1,26,1,1,1,1.29778016637739,1.27308413634297,0.733754516940278,0.71101714737352
spe30,retest,20180719,1,27,1,1,1,0.682901008369331,0.445034496180319,0.550405169677359,0.354757993665786
spe30,retest,20180719,1,28,1,1,1,0.145415089157119,0.131325287237626,0.377761596546071,0.351669224637353
spe30,retest,20180719,1,29,1,1,1,0.200432700716286,0.296321675394569,0.473659127657721,0.42346801582374
spe30,retest,20180719,1,30,1,1,1,0.420018067656425,0.322933769688905,0.403198815426847,0.394745928043307
spe30,retest,20180719,1,31,1,1,1,0.757287586829571,0.411318037177791,0.596565123340764,0.404363470934226
spe30,retest,20180719,1,32,1,1,1,0.899616723437157,0.805538872945184,0.846870503040541,0.530254860564795
spe30,retest,20180719,1,33,1,1,1,0.513672292272177,0.508525703268307,0.566749064805996,0.530319709209625
spe30,retest,20180719,1,34,1,1,1,0.563204018244225,0.501053559821781,0.537174937533998,0.514254570598461
spe30,retest,20180719,1,35,1,1,1,1.4823770287245,0.389268436666121,0.932697285886324,0.410720291273524
spe30,retest,20180719,1,36,1,1,1,1.10671188973776,1.06518295900998,0.958707116684751,0.887174801828476
spe30,retest,20180719,1,37,2,1,1,0.889993362481745,1.06117563167658,0.678513058874018,0.648439776529138
spe30,retest,20180719,1,38,1,1,1,0.333458819951735,0.415857803097033,0.67522554464705,0.358250984603311
spe30,retest,20180719,1,39,2,1,1,0.579449920870504,0.273457689471224,0.896374495677939,0.539489980492322
spe30,retest,20180719,1,40,2,1,1,0.300902686902418,0.575844718973063,0.394593779074564,0.43749375696835
spe30,retest,20180719,1,41,1,1,1,1.06204913200645,0.925915758690564,0.72348087951548,0.563630037102481
spe30,retest,20180719,1,42,1,1,1,0.349850030766832,0.570403454403392,0.363496204729312,0.421526136988271
spe30,retest,20180719,1,43,1,1,1,0.717669688127231,0.56757347159702,0.818332468963182,0.499426077354838
spe30,retest,20180719,1,44,1,1,1,0.97961350994054,0.884292553995431,1.08337275575794,0.981895815907553
spe30,retest,20180719,1,45,1,1,1,0.768671571359178,0.530289378588003,0.663608340694143,0.415023268342159
spe30,retest,20180719,1,46,2,1,1,1.40898552691192,1.02063030214751,1.30733452241821,0.736191118820124
spe30,retest,20180719,1,47,1,1,1,0.264373213948803,0.146680277111443,0.438580618828823,0.313389883983469
spe30,retest,20180719,1,48,1,1,1,0.403318835583597,0.55460854540511,0.707402536240072,0.538370653268072
spe30,retest,20180719,1,49,2,1,1,0.654070601213304,0.307908854121675,0.702756432250776,0.527312135384367
spe30,retest,20180719,1,50,2,1,1,0.342183730862128,0.360972805647372,0.586731041793568,0.591797831215888
spe30,retest,20180719,1,51,1,1,1,0.472472788327452,0.51506459288605,0.591489314938596,0.579342655286692
spe30,retest,20180719,1,52,1,1,1,0.520359961936822,0.449093237778957,0.640406652597934,0.653541904087579
spe30,retest,20180719,1,53,1,1,1,0.843214796447778,0.561119703525602,1.11174024713984,0.838331359895012
spe30,retest,20180719,1,54,1,1,1,0.59062680664405,0.507914174514587,0.498753476307665,0.4451060450699
spe30,retest,20180719,1,55,2,1,1,0.902880711551823,0.651213543061913,0.885148768190227,0.65886337342689
spe30,retest,20180719,1,56,2,1,1,0.354986178010586,0.730792541600252,0.672860965178087,0.66161243183554
spe30,retest,20180719,1,57,2,1,1,0.425165245833657,0.280333286103037,0.827512721566108,0.445149951880007
spe30,retest,20180719,1,58,1,1,1,0.388072324637847,0.290375243580211,1.07471891888077,0.63229634596932
spe30,retest,20180719,1,59,2,1,1,1.31408764029719,0.952495453866099,0.780751756577678,0.451607451374602
spe30,retest,20180719,1,60,1,1,1,0.305162738743592,0.375795948019719,0.979770513565589,0.418849767297869
spe30,retest,20180719,1,61,1,1,1,0.687484854701283,0.368823231902791,0.691834132941358,0.407129579081751
spe30,retest,20180719,1,62,1,1,1,0.846594075258221,0.578347710709496,0.69270284175572,0.249807375531144
spe30,retest,20180719,1,63,1,1,1,0.533617587622679,0.17917752496929,0.507502399241178,0.432623701524418
spe30,retest,20180719,1,64,1,1,1,1.63032234000123,1.33285789995445,1.03724534421825,0.818473033882393
spe30,retest,20180719,1,65,1,1,1,1.19936745412773,1.04198473632661,0.827117253650167,0.681399879458586
spe30,retest,20180719,1,66,1,1,1,0.206974856190971,0.476038064756561,0.567229250672373,0.33485830914685
spe30,retest,20180719,1,67,1,1,1,1.22335073184843,0.190894098593423,0.956566247876672,0.26183380386198
spe30,retest,20180719,1,68,2,1,1,0.290982315199899,0.370555103659052,0.605377026026741,0.474933975910143
spe30,retest,20180719,1,69,2,1,1,0.806329357626454,0.411657870441629,0.360979725902646,0.262219688532172
spe30,retest,20180719,1,70,1,1,1,1.30894227559107,0.367847667430274,0.882883138412999,0.458594131545177
spe30,retest,20180719,1,71,1,1,1,0.805042507116211,0.268979789927887,1.04683677465201,0.416818248126011
spe30,retest,20180719,1,72,1,1,1,0.590146739475286,0.470058505580285,0.491721440145114,0.386193517206685
spe30,retest,20180719,1,73,1,1,1,1.57470364576134,1.03837501927582,1.40684053173601,0.678462208490953
spe30,retest,20180719,1,74,1,1,1,1.01350566396088,0.682452897385195,0.708221121434526,0.400931200295681
spe30,retest,20180719,1,75,1,1,1,0.735138810731598,0.294696191750463,1.11908752205154,0.266298978425176
spe30,retest,20180719,1,76,2,1,1,0.513034562413206,0.316518801425567,0.631961271974415,0.386398575674742
spe30,retest,20180719,1,77,1,1,1,0.688184826797924,0.905647891112181,0.656624784926911,0.650439590205674
spe30,retest,20180719,1,78,1,1,1,1.03288820392539,0.823114157211605,0.906679868199551,0.8202910395787
spe30,retest,20180719,1,79,2,1,1,0.33644038449812,0.0996945366388386,0.510401108899122,0.31446666963776
spe30,retest,20180719,1,80,1,1,1,0.373444309486564,0.439405053006402,0.518336992799983,0.441013456109467
spe30,retest,20180719,1,81,2,1,1,0.671556373954417,0.345784081197954,0.620149210966425,0.411857203103
spe30,retest,20180719,1,82,2,1,1,0.432279182730304,0.651783194445758,0.444452127333413,0.545266454392502
spe30,retest,20180719,1,83,1,1,1,0.498692560225586,0.474021923181681,0.655089555107164,0.552880274716284
spe30,retest,20180719,1,84,1,1,1,0.389350691316838,0.523673267356837,0.520573772108651,0.403628129106632
spe30,retest,20180719,1,85,2,1,1,0.882018955476947,0.6744684585274,0.553374501601155,0.435728678716656
spe30,retest,20180719,1,86,1,1,1,0.918447050214569,0.568167253228875,0.939994947712704,0.732189672272816
spe30,retest,20180719,1,87,2,1,1,1.99196269181633,1.73341449986414,1.25931835669922,1.11734590730892
spe30,retest,20180719,1,88,2,1,1,0.127397391964741,0.697099790285364,0.892328121193953,0.817544517876384
spe30,retest,20180719,1,89,1,1,1,0.628684372032009,0.684795838850676,0.616773822559201,0.63761714001199
spe30,retest,20180719,1,90,2,1,1,0.0629694377628507,0.135720738312694,0.473404353518818,0.508314236994404
spe30,retest,20180719,1,91,1,1,1,0.727459152885845,0.503014634739356,0.665055230205577,0.556672173894096
spe30,retest,20180719,1,92,2,1,1,0.601592704553255,0.221946459878884,0.603084389229438,0.329403257088698
spe30,retest,20180719,1,93,1,1,1,0.340932336816282,0.359718712570345,0.520668327996522,0.516315165561683
spe30,retest,20180719,1,94,1,1,1,0.243450238292581,0.193576106077657,0.37154469541282,0.330708517388596
spe30,retest,20180719,1,95,2,1,1,0.894968343151345,0.537558450513613,0.419315673650649,0.34758244839419
spe30,retest,20180719,1,96,2,0,0,NaN,NaN,NaN,NaN
spe30,retest,20180719,1,97,1,1,1,2.13038761563462,1.7954592467731,1.10941378073517,1.03705091633109
spe30,retest,20180719,1,98,1,1,1,0.3694390880744,0.198180900925067,0.408742075329313,0.336654730322099
spe30,retest,20180719,1,99,1,1,1,0.535894824722995,0.290371200483917,0.648142565628273,0.514129572866033
spe30,retest,20180719,1,100,1,1,1,0.921128187179604,0.336313174710684,0.79461919543323,0.395453409046971
spe30,retest,20180719,1,101,NaN,0,0,NaN,NaN,NaN,NaN
spe30,retest,20180719,3,1,1,1,1,2.19430471122325,2.04275797689274,1.39693591445283,1.10646316708601
spe30,retest,20180719,3,2,1,1,1,0.420129830679691,0.2636546767331,0.552576884222371,0.313232963489529
spe30,retest,20180719,3,3,1,1,1,1.0036146025714,0.401476583933643,0.559402997117102,0.300937336899351
spe30,retest,20180719,3,4,1,1,1,1.10238730612377,0.128849932409993,1.24696688886838,0.226600191898796
spe30,retest,20180719,3,5,2,1,1,0.752783861081678,0.416764281403285,0.855697421169514,0.449148289479355
spe30,retest,20180719,3,6,2,1,1,0.378866966029506,0.411156325592533,0.705298673752259,0.723822159245534
spe30,retest,20180719,3,7,2,1,1,0.682294417391591,0.64779506716553,0.711514863771843,0.563063162563515
spe30,retest,20180719,3,8,1,1,1,0.451215003782269,0.308385303936534,0.634684060486977,0.206196784207051
spe30,retest,20180719,3,9,1,1,1,0.995420945228625,0.181110696057729,1.03364734096824,0.438809416066296
spe30,retest,20180719,3,10,1,1,1,0.857631261079,0.163497630110862,0.746991696494751,0.164109118320416
spe30,retest,20180719,3,11,2,1,1,1.1102319364378,0.414169205558608,0.772278748677724,0.40777354051194
spe30,retest,20180719,3,12,2,1,1,1.25069887713546,0.700078558616711,0.648842278672559,1.03126344269844
spe30,retest,20180719,3,13,1,1,1,0.471234483217445,0.234404745903497,0.514065910016515,0.251807115610215
spe30,retest,20180719,3,14,1,1,1,0.966503445321393,0.543837323658289,0.91595919046789,0.364794143222833
spe30,retest,20180719,3,15,1,1,1,0.558063579999423,0.660766660470081,0.841327357984907,0.706255903725244
spe30,retest,20180719,3,16,1,1,1,0.552183196378807,0.427340992697655,0.575482846675075,0.570208057454041
spe30,retest,20180719,3,17,1,1,1,0.687085524340008,0.693333967486776,0.534218577508133,0.520088122237112
spe30,retest,20180719,3,18,1,1,1,0.861728987110984,0.357955277442873,0.700756609874524,0.327914431211044
spe30,retest,20180719,3,19,1,1,1,0.224011502222639,0.15106316466876,0.436688524344514,0.303403484697828
spe30,retest,20180719,3,20,1,1,1,1.52246470289022,0.128505162229846,0.626588905707565,0.165407724892563
spe30,retest,20180719,3,21,1,1,1,0.446387717401237,0.443617897380233,0.742207864268162,0.598118880299282
spe30,retest,20180719,3,22,2,1,1,0.47733526663417,0.542967870107037,0.547010104463179,0.299437076757872
spe30,retest,20180719,3,23,2,1,1,1.21482515367151,0.518294965322459,1.19944677852876,0.257149122000988
spe30,retest,20180719,3,24,1,1,1,0.778674121782228,0.269712804150247,0.712050570766454,0.280475353475592
spe30,retest,20180719,3,25,2,1,1,0.95800529387897,0.428381927171656,0.806109672547899,0.629643386700281
spe30,retest,20180719,3,26,1,1,1,1.32861683439756,0.175378555406633,0.898102245484275,0.430907034282047
spe30,retest,20180719,3,27,1,1,1,0.501714517494353,0.283287719622191,0.488510714348259,0.364938516015378
spe30,retest,20180719,3,28,1,1,1,0.344795377039953,0.297124843273578,0.462322228009794,0.286679957345182
spe30,retest,20180719,3,29,2,1,1,0.824144530582682,0.93208247371064,0.82142949952997,0.864105172500138
spe30,retest,20180719,3,30,2,1,1,1.32198285273715,1.49639958450949,2.02118466211976,1.57254467363588
spe30,retest,20180719,3,31,2,1,1,0.685254938750735,0.459105203829589,0.803659978770176,0.618158129006645
spe30,retest,20180719,3,32,1,1,1,0.939641255267615,1.06207812195936,0.823281906949485,0.762142524401913
spe30,retest,20180719,3,33,1,0,0,NaN,NaN,NaN,NaN
spe30,retest,20180719,3,34,1,0,0,NaN,NaN,NaN,NaN
spe30,retest,20180719,3,35,1,1,1,0.732114310459084,0.336163589973774,0.576956596423394,0.307916732866481
spe30,retest,20180719,3,36,1,1,1,0.604053764745798,1.63840223526489,0.779688373377381,1.02656669574375
spe30,retest,20180719,3,37,1,1,1,1.65466064786732,0.38038793320205,1.67288594982541,0.226628750996259
spe30,retest,20180719,3,38,1,1,1,0.588795012533154,1.82675080254764,0.470917333107227,1.20728082220697
spe30,retest,20180719,3,39,1,1,1,0.471944775187412,0.305106024785857,0.759382976383789,0.468362411023966
spe30,retest,20180719,3,40,2,1,1,0.945502155614302,0.116894094544273,0.920017490945472,0.296903006691804
spe30,retest,20180719,3,41,2,1,1,1.17977548237763,0.714683320664292,1.1743425594014,0.765325990565545
spe30,retest,20180719,3,42,1,1,1,1.11357957600667,0.661697640081446,1.14524131532393,0.652542806608784
spe30,retest,20180719,3,43,1,1,1,0.704622389711792,0.646180852572009,0.836316727006925,0.581879391842338
spe30,retest,20180719,3,44,2,1,1,0.650260612084409,0.203908093377667,0.833851089797507,0.658964628776644
spe30,retest,20180719,3,45,2,1,1,0.585761779660662,0.390004162411214,0.374002780342141,0.315040672849848
spe30,retest,20180719,3,46,1,1,1,1.32405298349994,1.10265193968724,1.22832404770937,1.00433175559442
spe30,retest,20180719,3,47,1,1,1,0.787386482789387,0.462699058576764,1.33828277654749,0.415374296021516
spe30,retest,20180719,3,48,1,1,1,1.12187846426494,0.370589426003505,1.24360091700989,0.714812513874343
spe30,retest,20180719,3,49,1,1,1,2.28000640062371,1.86121657126022,1.85365097535855,0.979858567036032
spe30,retest,20180719,3,50,2,1,1,1.12643376984721,0.277540162537619,1.08572055492465,0.524433356624415
spe30,retest,20180719,3,51,1,1,1,0.770721523671472,0.482742859892674,0.829093768631113,0.528122485621455
spe30,retest,20180719,3,52,1,1,1,1.28077334349566,1.70389019422642,0.813298603024073,1.12181678571769
spe30,retest,20180719,3,53,1,1,1,0.989387088636985,0.334726792847557,0.379653705203236,0.220939316755137
spe30,retest,20180719,3,54,1,1,1,1.43360285735194,0.547385651538313,1.52765303620252,0.495440661257832
spe30,retest,20180719,3,55,2,1,1,0.720200638386512,0.415881470416279,0.551626791153988,0.473584072888546
spe30,retest,20180719,3,56,2,1,1,0.859878908089954,0.45847351255561,1.01431952485069,0.449168954713666
spe30,retest,20180719,3,57,2,1,1,0.643718537959591,1.04696180072879,0.68580247162413,1.04959638515204
spe30,retest,20180719,3,58,1,1,1,0.642610323505387,0.448741308104443,1.02191703237168,0.420289657207704
spe30,retest,20180719,3,59,1,1,1,0.382900486143381,0.410253483523546,0.667893611927456,0.573120443129773
spe30,retest,20180719,3,60,1,1,1,0.901166863572577,0.322934208131898,1.17877200116566,0.320299234582893
spe30,retest,20180719,3,61,1,1,1,0.743612761707421,0.456260547068425,0.984921907897787,0.766513162056023
spe30,retest,20180719,3,62,2,1,1,1.37226288247471,1.06702104472992,1.078330972737,0.726056482517121
spe30,retest,20180719,3,63,1,1,1,0.329215896715382,0.176209065541375,0.293814280825766,0.143844375408059
spe30,retest,20180719,3,64,2,1,1,0.503196884611263,0.581576728785846,0.46538150529011,0.47766346937899
spe30,retest,20180719,3,65,1,1,1,0.219159123903383,0.200886653689325,0.553010776546983,0.487072921097903
spe30,retest,20180719,3,66,2,1,1,0.944172901832129,0.831520642419203,0.792862820490527,0.575411502666293
spe30,retest,20180719,3,67,1,1,1,0.681704427522156,0.429727468193257,0.425172966646108,0.376017404827117
spe30,retest,20180719,3,68,1,1,1,0.907711555270096,0.385672234110814,1.05203628770626,0.93167894491639
spe30,retest,20180719,3,69,1,1,1,0.949656803942341,0.530196610208909,1.01647125060634,0.43627490569909
spe30,retest,20180719,3,70,2,1,1,0.71006918287377,0.410410793386856,0.74777524916315,0.649087681588411
spe30,retest,20180719,3,71,1,1,1,0.809595056433729,0.492290302024212,0.473860195656342,0.575080508482818
spe30,retest,20180719,3,72,1,1,1,1.15115206590097,0.337259566673156,0.871116406220372,0.327729826939113
spe30,retest,20180719,3,73,1,1,1,0.800021451970569,0.396506493618066,1.10391175330319,0.89731404538993
spe30,retest,20180719,3,74,2,1,1,0.484875828077801,0.407980682469162,1.00047293930709,0.807050218301914
spe30,retest,20180719,3,75,1,1,1,1.27408685855927,1.02427164240599,1.61110920654659,1.31645746604264
spe30,retest,20180719,3,76,1,1,1,1.05494576016742,0.231423283193501,0.959002006897671,0.211289482627761
spe30,retest,20180719,3,77,1,1,1,0.684629264419964,0.515828784252492,1.14083051159313,0.378184815437735
spe30,retest,20180719,3,78,1,1,1,0.279675262948597,0.28734590233076,0.72393776375862,0.474355180958485
spe30,retest,20180719,3,79,1,1,1,0.39395450958644,0.32241535656147,0.568464253634844,0.391158762591713
spe30,retest,20180719,3,80,2,1,1,0.573653749355047,0.437276606981795,0.750794751303116,0.495419020608812
spe30,retest,20180719,3,81,1,1,1,2.17413637720825,1.8271189147015,1.21861842553452,1.05389356663441
spe30,retest,20180719,3,82,1,1,1,0.469138775558035,0.40357796848232,0.491081570481772,0.429363544687197
spe30,retest,20180719,3,83,1,1,1,0.497702827023737,0.286638975752413,0.398926154060803,0.297393977689505
spe30,retest,20180719,3,84,2,1,1,1.34155272356335,0.836451582232812,1.34933760831187,0.737127577126985
spe30,retest,20180719,3,85,2,1,1,1.45272270901564,0.265251928208436,1.23125794712288,1.14474972930663
spe30,retest,20180719,3,86,2,1,1,0.550008375272446,0.904097464384847,0.905094277209702,1.16299381714395
spe30,retest,20180719,3,87,1,1,1,0.740805633900701,0.243198461575849,0.497754546126616,0.401896875596414
spe30,retest,20180719,3,88,2,1,1,0.805293622067374,0.295301099602408,1.12129576539348,0.24550888550782
spe30,retest,20180719,3,89,1,1,1,1.52789167378809,1.11873012880168,0.865127904215087,0.741825065714328
spe30,retest,20180719,3,90,1,1,1,0.477885038226966,0.3179195852752,0.396908498661531,0.291143971839751
spe30,retest,20180719,3,91,1,1,1,0.498511824317589,0.461361106063583,0.396243922455656,0.737779678536402
spe30,retest,20180719,3,92,2,1,1,0.542552352024989,0.712066293656367,0.628487480084281,0.633858282745898
spe30,retest,20180719,3,93,2,1,1,0.672498096127637,0.359627548166322,0.645452103752246,0.370780000571269
spe30,retest,20180719,3,94,1,1,1,1.02404344844627,0.859051518053278,0.991523064921604,0.896171718428302
spe30,retest,20180719,3,95,1,1,1,1.05183255221888,0.625478092717796,0.498159662981347,0.438503977150054
spe30,retest,20180719,3,96,1,1,1,1.0475416200894,0.416330013780129,1.16982298547297,0.86225819250769
spe30,retest,20180719,3,97,2,1,1,1.07436447487398,0.634734862964489,0.775533141680232,0.693937085926708
spe30,retest,20180719,3,98,1,1,1,0.77392711156296,0.310874187842195,0.895588223089844,0.340734512454287
spe30,retest,20180719,3,99,2,1,1,0.981863027161875,0.656917353375913,1.04925193345824,0.393033623264838
spe30,retest,20180719,3,100,2,1,1,1.17320137935766,0.855225936082837,0.853572779384892,0.596545144940518
spe30,retest,20180719,3,101,NaN,0,0,NaN,NaN,NaN,NaN
spe30,retest,20180719,4,1,1,1,1,0.327781380077893,0.457728919883284,0.297808187805587,0.813564180020007
spe30,retest,20180719,4,2,1,1,1,0.148224028940265,0.13761282651791,0.235298114387786,0.151110130690756
spe30,retest,20180719,4,3,2,1,1,0.938661418703107,0.842927790992545,0.868861531976378,0.766369829457806
spe30,retest,20180719,4,4,2,1,1,1.08321380876968,0.434651166530414,0.637922477525123,0.382827534034466
spe30,retest,20180719,4,5,1,1,1,0.678262721329734,0.603408332238371,1.4163051441104,0.689921629222857
spe30,retest,20180719,4,6,2,1,1,0.932280946604138,0.363455795364214,1.6065143076089,0.307521054358698
spe30,retest,20180719,4,7,1,1,1,0.540637088746758,0.419043531871801,0.759975167707283,0.653623775807782
spe30,retest,20180719,4,8,1,1,1,0.444030028739343,0.330385952899926,0.61179217821897,0.331334102504854
spe30,retest,20180719,4,9,1,1,1,0.431223052048856,0.15609531261937,0.559383916504352,0.26103736296683
spe30,retest,20180719,4,10,2,1,1,0.713333804150536,0.591850936745741,0.626253319731324,0.577948547677259
spe30,retest,20180719,4,11,1,1,1,0.660998979818657,0.600465984906545,0.840668293116117,0.677945437583665
spe30,retest,20180719,4,12,1,1,1,0.792735122691663,0.8262692612374,0.885608614843856,0.89073540467368
spe30,retest,20180719,4,13,1,1,1,1.02443595012699,0.550949769229918,0.961561687103872,0.476578398380447
spe30,retest,20180719,4,14,1,1,1,0.694846208397982,1.09361318505801,0.932939808165465,0.661823057497577
spe30,retest,20180719,4,15,1,1,1,0.629663580422816,0.554532469381186,0.764967652175769,0.698380869117288
spe30,retest,20180719,4,16,2,1,1,0.440167394645902,0.209293470764981,0.660745512603984,0.540466880664267
spe30,retest,20180719,4,17,1,1,1,0.924286331170062,0.664194231578456,0.524746452828085,0.443374873332416
spe30,retest,20180719,4,18,1,1,1,0.935714890203657,0.953193400080316,0.87844134355279,0.77176326432116
spe30,retest,20180719,4,19,2,1,1,1.00865498506097,0.314010341361334,0.921959658406242,0.281245306419753
spe30,retest,20180719,4,20,2,1,1,0.770144668076933,0.826534695713121,0.693444783100337,0.493549051533534
spe30,retest,20180719,4,21,1,1,1,0.760105597122458,0.676356336582561,0.511849129895472,0.47644329139349
spe30,retest,20180719,4,22,1,1,1,1.07714076774015,0.697420832527199,1.3063739161949,0.302277768369315
spe30,retest,20180719,4,23,1,1,1,0.798911483751354,0.22895615713816,0.767966419172394,0.305111331039482
spe30,retest,20180719,4,24,2,1,1,1.16229293267634,0.935000718646169,1.54818727800133,0.978460769183936
spe30,retest,20180719,4,25,1,1,1,0.769914894553644,0.407776161296405,0.631291909629551,0.415692769400505
spe30,retest,20180719,4,26,1,1,1,0.784655055487047,0.706928731337053,0.864821503498349,0.633136447060801
spe30,retest,20180719,4,27,1,1,1,0.632595528569579,0.399577216791382,0.644755454615183,0.464646781074981
spe30,retest,20180719,4,28,1,1,1,1.48084056558728,1.35010540429431,1.10303645731999,0.556644916693442
spe30,retest,20180719,4,29,1,1,1,1.06801327969344,0.581409401725452,0.613518943484063,0.38908197729358
spe30,retest,20180719,4,30,2,1,1,1.0178678624284,0.370671574350286,0.790000148013979,0.56260682405606
spe30,retest,20180719,4,31,2,1,1,1.1101649077438,1.04906277106133,1.27646856807597,0.825208272607751
spe30,retest,20180719,4,32,2,1,1,0.418632867392875,0.481188147735228,0.395523591872802,0.304011637296058
spe30,retest,20180719,4,33,2,1,1,0.617060229066041,0.504595378697468,0.65614807650681,0.367357731603768
spe30,retest,20180719,4,34,2,1,1,0.598765406464434,0.593653916931933,0.552148970812771,0.548376771159933
spe30,retest,20180719,4,35,1,1,1,0.532414335383296,0.405815146215049,0.886617750384629,0.439428749593622
spe30,retest,20180719,4,36,1,1,1,0.738497081067301,0.736020542069487,0.416700711700125,0.3958169461566
spe30,retest,20180719,4,37,1,1,1,0.920424032374905,0.300239600414827,0.888005794669637,0.381686879100201
spe30,retest,20180719,4,38,1,1,1,0.977921646580194,0.118883297960522,0.987046056156388,0.377680431214504
spe30,retest,20180719,4,39,1,1,1,0.241572295693992,0.146980849633942,0.290705160281233,0.316322533031452
spe30,retest,20180719,4,40,1,1,1,1.05442265165181,0.374194107840106,1.30302745189249,0.597090532954921
spe30,retest,20180719,4,41,1,1,1,0.466430046742017,0.630198448187622,0.336227173942146,0.371830873657621
spe30,retest,20180719,4,42,2,1,1,1.42764723974205,0.636536506032535,0.686633429923823,0.307044563629796
spe30,retest,20180719,4,43,1,1,1,0.570018312909428,0.48380837052676,0.994811681811752,0.542879469577111
spe30,retest,20180719,4,44,2,1,1,0.911871344809185,0.49614374596932,0.919297774116335,0.363493825014644
spe30,retest,20180719,4,45,1,1,1,1.11900874116364,0.298366437100584,1.45089450526052,0.486879528854461
spe30,retest,20180719,4,46,1,1,1,0.467866920462261,0.387393114793175,0.463722309637941,0.427967453822036
spe30,retest,20180719,4,47,1,1,1,0.960676675972169,0.962563538319811,0.938424883035276,0.839374634185857
spe30,retest,20180719,4,48,1,1,1,1.14812299110016,0.487118950507592,0.70095376279458,0.682980402943318
spe30,retest,20180719,4,49,1,1,1,0.55866203958463,0.496011797695404,0.637196654793529,0.598415841551198
spe30,retest,20180719,4,50,2,1,1,0.201368960031661,0.180786688395131,0.431425085772125,0.272818288135729
spe30,retest,20180719,4,51,1,1,1,0.768652830896891,0.632446846148073,0.352408041751867,0.315478197775902
spe30,retest,20180719,4,52,1,1,1,0.909041298484842,0.34651882911494,1.0495295215639,0.282508698254968
spe30,retest,20180719,4,53,2,1,1,0.527302288130313,0.335201161920797,0.767916391305241,0.395021975316006
spe30,retest,20180719,4,54,1,1,1,0.651466123936043,0.586351152887286,1.0365434059815,0.615188448527197
spe30,retest,20180719,4,55,2,1,1,0.620160726154351,0.164726081793806,0.946342422849818,0.290508373172135
spe30,retest,20180719,4,56,2,1,1,1.53308996102762,0.384879789664119,0.952826848849674,0.360095087178005
spe30,retest,20180719,4,57,1,1,1,0.335959566569501,0.415252473428257,0.555026203242327,0.426557069001605
spe30,retest,20180719,4,58,1,1,1,0.565118817586857,0.44748312208134,0.600112783653718,0.433570680628809
spe30,retest,20180719,4,59,1,1,1,0.226792516265648,0.794476480972321,0.612307646407207,0.631230653390258
spe30,retest,20180719,4,60,2,1,1,1.06489937885456,1.01725784361745,1.02516538184362,0.905448724318127
spe30,retest,20180719,4,61,2,1,1,1.06229803518005,0.270112119286726,1.06296699723732,0.337754810389398
spe30,retest,20180719,4,62,1,1,1,1.45798303088111,0.491796252451862,1.41922468589499,0.349378276186759
spe30,retest,20180719,4,63,1,1,1,1.18403652835143,0.0828792028314538,1.27271886199015,0.182102253894059
spe30,retest,20180719,4,64,1,1,1,0.474361531877125,0.28421887590712,0.495842145655398,0.28604786747244
spe30,retest,20180719,4,65,2,1,1,1.1026758596517,0.615841942344993,1.12178191589038,0.903027185044169
spe30,retest,20180719,4,66,1,1,1,0.322904464832966,0.336377148360698,0.626243341912629,0.333541605072801
spe30,retest,20180719,4,67,1,1,1,1.32502225984449,1.22163818287695,1.28040531267961,1.16665021982296
spe30,retest,20180719,4,68,1,1,1,0.716542806426254,0.440515018076342,1.0183864562466,0.683303224471411
spe30,retest,20180719,4,69,1,1,1,1.51516220041415,1.57838612669089,0.99227614343951,0.678879246350344
spe30,retest,20180719,4,70,2,1,1,1.70473863882786,1.36960358944198,1.07684599130096,0.78133684510185
spe30,retest,20180719,4,71,2,1,1,1.01894891706177,0.697365811197452,1.11704029309499,0.959806783386874
spe30,retest,20180719,4,72,1,1,1,0.459274424499886,0.34331108061763,0.530140228685734,0.399140393000458
spe30,retest,20180719,4,73,1,1,1,1.01445953730856,0.772239896532147,0.341450387841534,0.461925520990833
spe30,retest,20180719,4,74,1,1,1,1.64628212380745,1.03657242907886,1.21206953709568,0.835355077330232
spe30,retest,20180719,4,75,2,1,1,0.981523459778339,0.670436045191807,0.585719675832204,0.45107627800522
spe30,retest,20180719,4,76,2,1,1,0.765825157294731,0.311080321847681,1.12769724257911,0.732914540218076
spe30,retest,20180719,4,77,1,1,1,0.240512248954891,0.43138458149718,0.478230146605874,0.48318025739382
spe30,retest,20180719,4,78,2,1,1,0.331449978154817,0.295874871190505,0.516261142384608,0.382845077512545
spe30,retest,20180719,4,79,1,1,1,1.03036425935221,1.02940204458942,0.637689524772643,0.632609977987553
spe30,retest,20180719,4,80,1,1,1,1.32354517206858,0.492433866425685,1.04284311219445,0.358416208325577
spe30,retest,20180719,4,81,1,1,1,0.313888368708088,0.311243638440856,0.364586822194039,0.324490050632873
spe30,retest,20180719,4,82,1,1,1,0.312891205952792,0.314172104437627,0.627213633947816,0.456105563821866
spe30,retest,20180719,4,83,1,1,1,1.41969693530923,0.293359653973749,0.910146798896222,0.244993694306134
spe30,retest,20180719,4,84,2,1,1,0.987714075403716,0.575990425946524,0.861058106996387,0.824728515500819
spe30,retest,20180719,4,85,2,1,1,1.03564835922025,0.776179034878346,1.12873797304778,0.596701660456853
spe30,retest,20180719,4,86,1,1,1,0.242849506602832,0.265338380356136,0.438901988184085,0.439865610138093
spe30,retest,20180719,4,87,2,1,1,0.567374554953396,0.33286880842212,0.522527974795947,0.349149796244432
spe30,retest,20180719,4,88,1,1,1,1.4362201043965,1.37548723038059,1.0457179829853,0.78914890524209
spe30,retest,20180719,4,89,1,1,1,0.444667258024761,0.552795084176022,0.825738323533599,0.808719426969142
spe30,retest,20180719,4,90,1,1,1,0.349055400388212,0.326994156290457,0.438389465318292,0.390039377506428
spe30,retest,20180719,4,91,1,1,1,1.55383618599932,1.57347241826247,0.781391674749234,0.901009007422972
spe30,retest,20180719,4,92,2,1,1,0.792674098334403,0.715073979213671,0.676992015730602,0.787390671003891
spe30,retest,20180719,4,93,1,1,1,0.875976636207104,0.850432698580757,1.18442951085624,0.786475071018653
spe30,retest,20180719,4,94,1,1,1,0.454687791629875,0.341523472009052,0.397867672925992,0.295095536566605
spe30,retest,20180719,4,95,1,1,1,0.344528613449537,0.347118175685314,0.539212734964436,0.518789241936246
spe30,retest,20180719,4,96,1,1,1,0.304995766172615,0.31234212389596,0.338094265175059,0.224548496145896
spe30,retest,20180719,4,97,1,1,1,0.271047985056267,0.134700780090173,0.285887125868359,0.209126899501983
spe30,retest,20180719,4,98,2,1,1,0.298914466015916,0.233924067976681,0.797724196279907,0.551805165887572
spe30,retest,20180719,4,99,2,1,1,0.29507896320351,0.737886081659619,0.295710660319372,0.698447534613004
spe30,retest,20180719,4,100,2,1,1,0.935590333722642,0.56559121502874,0.771533288366254,0.499066492213605
spe30,retest,20180719,4,101,NaN,0,0,NaN,NaN,NaN,NaN
spe30,retest,20180719,5,1,1,1,1,0.692193201946601,0.234451788197621,1.09721286946738,0.342086290569112
spe30,retest,20180719,5,2,1,1,1,1.50408942434476,1.36885849330422,0.738415971957034,0.481285627750609
spe30,retest,20180719,5,3,2,1,1,1.52177517097763,1.03691068261694,1.37824103592743,0.810256794605777
spe30,retest,20180719,5,4,2,1,1,1.50673719116538,0.521647037038798,1.21170955178542,0.591739668099917
spe30,retest,20180719,5,5,2,1,1,1.08939634905499,0.865503145671192,0.820551545232481,0.569136340645769
spe30,retest,20180719,5,6,1,1,1,1.56550034897676,0.488817925730102,1.1656424607889,0.406987374225164
spe30,retest,20180719,5,7,1,1,1,0.732973703443287,0.553080360833873,0.664172067863806,0.496606523128388
spe30,retest,20180719,5,8,2,1,1,1.61122965989396,1.45265253040165,1.22605473346422,0.841322854845744
spe30,retest,20180719,5,9,2,1,1,0.372093499378735,0.172581935272907,0.5418249444087,0.415953881185909
spe30,retest,20180719,5,10,1,1,1,0.650811346425805,0.670993923477441,0.912100904467848,0.709883621299729
spe30,retest,20180719,5,11,1,1,1,0.526432429337319,0.280212570024288,0.44156291161862,0.210165657037421
spe30,retest,20180719,5,12,1,1,1,1.09049213372781,1.03277670431642,0.718468376859471,0.617552566927033
spe30,retest,20180719,5,13,1,1,1,1.15345405502962,1.03973632584002,0.829753552720928,0.625319399641564
spe30,retest,20180719,5,14,1,1,1,0.292515737955492,0.270174845848625,0.5963536927165,0.561956411686117
spe30,retest,20180719,5,15,1,1,1,0.671434783302358,0.23876467994803,1.09906417347545,0.55335256925432
spe30,retest,20180719,5,16,1,1,1,0.471893823603679,0.375673882565918,0.722036034922196,0.586407341678943
spe30,retest,20180719,5,17,1,1,1,0.492274001527227,0.275627988105285,0.618752015780674,0.362946189808942
spe30,retest,20180719,5,18,2,1,1,0.634104712609626,0.489203696737943,0.66297063782497,0.435663598618314
spe30,retest,20180719,5,19,1,1,1,0.988189419340835,0.255132564034557,0.600560445393968,0.253697209226265
spe30,retest,20180719,5,20,1,1,1,0.49928235493752,0.1763706235407,0.544061312155662,0.281369655245223
spe30,retest,20180719,5,21,1,1,1,0.317531831543897,0.68464695042424,0.579929038988777,0.463550354454751
spe30,retest,20180719,5,22,1,1,1,0.841931506355629,0.77502806429755,0.63650839963929,0.434244472895265
spe30,retest,20180719,5,23,1,1,1,0.658910084888957,0.588144473134783,0.892378847223531,0.471394904955307
spe30,retest,20180719,5,24,1,1,1,0.303520090438732,0.33737630528436,0.57210419218898,0.297766654800378
spe30,retest,20180719,5,25,2,1,1,0.894775449169792,0.804880889589231,0.735612448774239,0.622778046860914
spe30,retest,20180719,5,26,2,1,1,0.850268173506566,0.644207168467247,0.680869346482042,0.566122718123738
spe30,retest,20180719,5,27,1,1,1,0.568944085599253,0.410671743397403,0.478701964383826,0.370914387973119
spe30,retest,20180719,5,28,1,1,1,0.666338473845217,0.698299822925925,1.01626252953573,0.821501844715705
spe30,retest,20180719,5,29,1,1,1,1.14876994338949,0.235589433582964,0.882097846673963,0.411605154004955
spe30,retest,20180719,5,30,2,1,1,0.702529587998796,0.984477774155337,0.513600657854827,0.786774731691963
spe30,retest,20180719,5,31,1,1,1,0.361091192785922,0.339943388242505,0.592615050235767,0.208760197106003
spe30,retest,20180719,5,32,2,1,1,0.488750803588399,0.58732410645584,0.838359909526996,0.721091757622481
spe30,retest,20180719,5,33,1,1,1,0.693087585136887,0.606423095906363,0.907630034620385,0.637128385672693
spe30,retest,20180719,5,34,1,1,1,0.188421700649522,0.165434789743972,0.509756936794895,0.367979098185957
spe30,retest,20180719,5,35,2,1,1,0.246618250631878,0.340029687362118,0.667287621033232,0.610962189183401
spe30,retest,20180719,5,36,1,1,1,0.65285120680819,0.431806975043504,0.415645971594131,0.226406494433459
spe30,retest,20180719,5,37,1,1,1,1.16573993136679,0.938463898789764,0.811013159780974,0.637174728635878
spe30,retest,20180719,5,38,2,1,1,1.08146116946465,0.511059639894388,0.777662039091204,0.332032644057551
spe30,retest,20180719,5,39,1,1,1,0.897829582612122,0.775270294064773,0.60077062716822,0.488526963124401
spe30,retest,20180719,5,40,1,1,1,0.698290402047619,0.563046800470965,0.56159934914732,0.43149828280214
spe30,retest,20180719,5,41,2,1,1,0.657934558799628,0.351422613081082,0.739030226865209,0.366470422179317
spe30,retest,20180719,5,42,2,1,1,0.800234151160039,0.423633488582775,0.878809868796481,0.448236660430886
spe30,retest,20180719,5,43,1,1,1,0.660706150333134,0.586464328941341,0.494340900289667,0.338524826393867
spe30,retest,20180719,5,44,1,1,1,0.840658037181596,0.806439265116821,0.801040268906927,0.743724550186694
spe30,retest,20180719,5,45,2,1,1,0.493158728651213,0.493141873157454,0.425059848540914,0.482708823380494
spe30,retest,20180719,5,46,1,1,1,0.918400287249826,0.648903619517765,0.549165258663426,0.395282257544531
spe30,retest,20180719,5,47,2,1,1,0.559619818623692,0.567898172720701,0.637444187621135,0.596915063305669
spe30,retest,20180719,5,48,2,1,1,1.22559735817705,0.676196705321468,1.44059302561622,0.599936269903169
spe30,retest,20180719,5,49,1,1,1,0.748565662440761,0.507992289358979,0.653509301444879,0.505347523331168
spe30,retest,20180719,5,50,1,1,1,0.407201303855529,0.220837110077568,0.523420034817125,0.289049165940431
spe30,retest,20180719,5,51,2,1,1,0.36806528508669,0.202530114174555,0.446330316154004,0.396680836475609
spe30,retest,20180719,5,52,1,1,1,0.410408433019214,0.390435269063173,0.666600492576486,0.426172742315865
spe30,retest,20180719,5,53,1,1,1,1.22599265126763,1.11983792928996,0.928987626270462,0.792374180607947
spe30,retest,20180719,5,54,1,1,1,0.653860602268612,0.166178354469459,0.873677435511043,0.468032693439043
spe30,retest,20180719,5,55,1,1,1,0.463268842203269,0.226917082943455,0.505495193859839,0.382870118163434
spe30,retest,20180719,5,56,1,1,1,0.771294118484285,0.492893890116568,0.539881850859332,0.447540439152043
spe30,retest,20180719,5,57,1,1,1,1.17913307209509,0.558760280655683,0.746732485398191,0.592376291103012
spe30,retest,20180719,5,58,2,1,1,0.834910345314675,0.734409939984696,1.02237609903438,0.858582846259174
spe30,retest,20180719,5,59,2,1,1,0.446393847742637,0.146755384805221,0.551713358965106,0.318663679492786
spe30,retest,20180719,5,60,2,1,1,0.94626814014879,0.881599317634699,1.06888224238131,0.842167446377654
spe30,retest,20180719,5,61,1,1,1,0.626107140859355,0.567369321758775,1.08544275343122,0.652395569006778
spe30,retest,20180719,5,62,1,1,1,0.350121722974849,0.191911339756114,0.527578863577235,0.200385592441055
spe30,retest,20180719,5,63,1,1,1,0.569610499570915,0.48788238611132,1.07656257915204,0.841564267810265
spe30,retest,20180719,5,64,1,1,1,0.581511743458561,1.22758451084062,0.369228502451605,0.702360380876121
spe30,retest,20180719,5,65,1,1,1,0.575711803540466,0.468409197726031,0.651279782755292,0.58743495209256
spe30,retest,20180719,5,66,1,1,1,0.75071734588076,0.724483410408099,0.670079133327173,0.661996939218137
spe30,retest,20180719,5,67,1,1,1,0.354314216757041,0.167051145099834,0.382843124260081,0.312671004204674
spe30,retest,20180719,5,68,1,1,1,0.734703531240515,0.621385770924102,0.603709995718402,0.364260975157233
spe30,retest,20180719,5,69,2,1,1,1.00444261923709,0.898577089944525,0.594655798085424,0.566451405809683
spe30,retest,20180719,5,70,1,1,1,0.372444497939292,0.375611863229473,0.461594423966476,0.379206399890947
spe30,retest,20180719,5,71,1,1,1,0.625026671021023,0.64743407064154,0.908842215915545,0.288246674317199
spe30,retest,20180719,5,72,1,1,1,1.06592414882831,0.0640578462534181,0.971849762319845,0.260339323601772
spe30,retest,20180719,5,73,1,1,1,1.43102498884002,0.431387992408878,0.987490571907085,0.525749375636481
spe30,retest,20180719,5,74,1,1,1,0.668624494824687,0.291749355886561,0.526311549916992,0.221766713658988
spe30,retest,20180719,5,75,1,1,1,0.2319282323904,0.177234850835136,0.331055507458482,0.296103681965796
spe30,retest,20180719,5,76,2,1,1,0.587200038392567,0.718789924920767,0.563928133694339,0.717614659702478
spe30,retest,20180719,5,77,2,1,1,1.05630915862628,0.64721804357689,0.751838095883563,0.336271512785288
spe30,retest,20180719,5,78,1,1,1,0.428100640143594,0.164166740038295,0.448464872153535,0.148284839888569
spe30,retest,20180719,5,79,2,1,1,1.12668454091069,1.08676018584494,0.725167491607075,0.620380135956187
spe30,retest,20180719,5,80,2,1,1,0.269760276428576,1.09741509116806,0.640545493632195,0.552982356244522
spe30,retest,20180719,5,81,2,1,1,1.4004230967378,1.70831141919032,1.38279974030204,0.928404066701844
spe30,retest,20180719,5,82,1,1,1,0.398089618584051,0.357386292262232,0.551785166277928,0.459647586538296
spe30,retest,20180719,5,83,1,1,1,0.420485360107429,0.638997918028263,0.60817231590483,0.689223303414498
spe30,retest,20180719,5,84,1,1,1,1.70435266993558,0.562084606898288,0.797816405807849,0.418394778714791
spe30,retest,20180719,5,85,1,1,1,1.12112316688833,0.217629586553121,1.00865969946852,0.173690736961999
spe30,retest,20180719,5,86,1,1,1,0.710619060939523,0.597578672858492,0.667368449211545,0.522696462880369
spe30,retest,20180719,5,87,2,1,1,0.616969146018505,0.389630727422423,0.599393771429586,0.321906605938444
spe30,retest,20180719,5,88,1,1,1,1.16992747392836,0.377991710914845,0.901909296981668,0.347523309199663
spe30,retest,20180719,5,89,2,1,1,0.928226016993667,0.842934232048307,0.821667901200113,0.730010487828637
spe30,retest,20180719,5,90,1,1,1,0.234044571935603,0.125659453912236,0.301979743267403,0.294887850914044
spe30,retest,20180719,5,91,1,1,1,0.203980955901248,0.179931664228482,0.784222862536822,0.570142754988538
spe30,retest,20180719,5,92,2,1,1,0.448390194564865,0.378890798783121,0.33028738324334,0.27602320073087
spe30,retest,20180719,5,93,2,1,1,0.708994521694728,0.708938966564896,0.580261318102613,0.525394238457849
spe30,retest,20180719,5,94,1,1,1,0.828733830154193,0.297212415333614,0.958238700844091,0.443883842905149
spe30,retest,20180719,5,95,1,1,1,1.29649032307523,0.631872879414663,1.08541503191618,0.338772708009246
spe30,retest,20180719,5,96,2,1,1,1.96651497621327,1.0987319735377,1.41413827220669,0.540156342254972
spe30,retest,20180719,5,97,2,0,0,NaN,NaN,NaN,NaN
spe30,retest,20180719,5,98,1,0,0,NaN,NaN,NaN,NaN
spe30,retest,20180719,5,99,2,0,0,NaN,NaN,NaN,NaN
spe30,retest,20180719,5,100,1,1,1,1.06174434960299,0.396702948038533,0.850813680170892,0.348684277194232
spe30,retest,20180719,5,101,NaN,0,0,NaN,NaN,NaN,NaN
mle01,pre,20181112,1,1,1,1,1,0.266668109839319,0.124548337081366,0.390867937094282,0.507073674343915
mle01,pre,20181112,1,2,2,1,1,0.677026681045133,0.510016526472151,0.602292375610887,0.33953188114691
mle01,pre,20181112,1,3,1,1,1,1.72615871090403,0.908327977372265,0.97487813625522,0.574004790794506
mle01,pre,20181112,1,4,1,1,1,0.504118722628034,0.437330471186642,0.379797193809555,0.379910114990691
mle01,pre,20181112,1,5,2,1,1,0.413972222745883,0.557620500189808,0.457706467860944,0.27362197479141
mle01,pre,20181112,1,6,1,1,1,0.581080124105998,0.463403031743187,0.47862829860368,0.380060363212387
mle01,pre,20181112,1,7,1,1,1,0.764138319474797,0.734049270679286,0.678451486099418,0.596987329578911
mle01,pre,20181112,1,8,2,1,1,0.625134564405649,0.219895225366493,0.707833009967786,0.481052714740599
mle01,pre,20181112,1,9,1,1,1,0.140864652499584,0.111215760543246,0.244962035810771,0.258202847378664
mle01,pre,20181112,1,10,1,1,1,0.427047985013221,0.263632460898813,0.287820363967199,0.252952126259804
mle01,pre,20181112,1,11,1,0,0,NaN,NaN,NaN,NaN
mle01,pre,20181112,1,12,2,1,1,0.156153540744519,0.127458809932301,0.503998948434408,0.290986621090579
mle01,pre,20181112,1,13,2,1,1,0.388323956739118,0.240353314314587,0.505792158483228,0.368560759150498
mle01,pre,20181112,1,14,1,1,1,0.539236474582687,0.41684795296641,0.716102444618393,0.622781898922934
mle01,pre,20181112,1,15,1,1,1,0.386623097116442,0.377063973904617,0.294389762425419,0.475994214173361
mle01,pre,20181112,1,16,1,1,1,0.0678698930795747,0.210374098455873,0.423450403878595,0.349560940369999
mle01,pre,20181112,1,17,2,1,1,0.431422433853539,0.384413979298309,0.558170849795399,0.377547444293858
mle01,pre,20181112,1,18,2,1,1,0.191432038392442,0.309846262703156,0.342652663834901,0.23623606638817
mle01,pre,20181112,1,19,1,1,1,1.33161486957874,0.333589903409328,1.29132126685761,0.662507369618646
mle01,pre,20181112,1,20,1,1,1,0.629978225636522,0.745260722230756,0.395621927680879,0.639327280335555
mle01,pre,20181112,1,21,1,1,1,0.295087801796869,0.19961808120098,0.515457574367946,0.439874180690967
mle01,pre,20181112,1,22,2,1,1,1.40749219450921,0.399184020364643,0.960943429492517,0.351742327098425
mle01,pre,20181112,1,23,1,1,1,1.00829341138154,1.14780282098698,1.04547326657599,1.58623452548853
mle01,pre,20181112,1,24,2,1,1,0.285316710464124,0.229876158356261,0.367868144707821,0.460250653231984
mle01,pre,20181112,1,25,2,1,1,0.190239493419248,0.0719071879318178,0.93965782139812,0.706567782930137
mle01,pre,20181112,1,26,2,1,1,0.729803028243055,0.820969188754518,0.978769348765732,1.37376592480092
mle01,pre,20181112,1,27,1,1,1,0.515298345026197,0.122290592996205,0.526071046547592,0.272959066768254
mle01,pre,20181112,1,28,2,1,1,0.184556786835786,0.323625979923042,0.352127979662393,0.596839308981705
mle01,pre,20181112,1,29,1,1,1,0.583842716486351,0.893676668602376,0.552230743837861,0.423232747079055
mle01,pre,20181112,1,30,2,1,1,0.52486628396812,0.440624332506917,0.561671882437373,0.41391392954013
mle01,pre,20181112,1,31,2,1,1,0.490351592949656,0.440368424288266,0.359027585146411,0.441507104805264
mle01,pre,20181112,1,32,1,1,1,0.172745946335858,0.197572038794641,0.686154766851187,0.638489765945764
mle01,pre,20181112,1,33,1,1,1,0.286053270944359,0.169144775847772,0.524286057949987,0.324455908374677
mle01,pre,20181112,1,34,2,1,1,0.376690279302242,0.536732236397844,0.337695379307669,0.424936227615718
mle01,pre,20181112,1,35,2,1,1,0.139936015130146,0.186807117559818,0.411260368463522,0.161926718969556
mle01,pre,20181112,1,36,1,1,1,0.292478823444836,0.219620148213745,0.823390946787834,0.306476927389436
mle01,pre,20181112,1,37,2,1,1,0.650310619717267,0.189610568577418,0.615611903337133,0.622460227537783
mle01,pre,20181112,1,38,2,1,1,1.03311772835188,0.273030169419687,0.904511438149188,1.0498464579707
mle01,pre,20181112,1,39,1,1,1,0.457277231207906,0.559243307956236,0.518166822741607,0.439395216395779
mle01,pre,20181112,1,40,1,1,1,2.07428797202041,1.96231284174082,1.26096705431251,1.01980665692968
mle01,pre,20181112,1,41,1,1,1,1.45063479920257,0.594457600251839,1.02346920773292,0.767035787628191
mle01,pre,20181112,1,42,2,1,1,0.178124546722048,0.205218858809463,0.836900931472783,0.34860005991341
mle01,pre,20181112,1,43,2,1,1,0.230121006406759,0.486170425274585,0.347773289372464,0.33601214565735
mle01,pre,20181112,1,44,1,1,1,0.422860769746277,1.25383804599524,1.16272361134734,0.612530731477673
mle01,pre,20181112,1,45,1,1,1,0.412551845449672,0.245935708265534,0.632441294722942,0.380294785026515
mle01,pre,20181112,1,46,1,1,1,0.697500475703409,0.321933290576925,0.704402440560947,0.435662687251507
mle01,pre,20181112,1,47,2,1,1,0.348083928232201,0.0323082976549056,0.223490088359155,0.111201512785671
mle01,pre,20181112,1,48,1,1,1,0.919752667401558,0.226230798085977,0.361167443170182,0.272750361432688
mle01,pre,20181112,1,49,1,1,1,0.462616575881963,0.161425360107037,0.194215935699289,0.147951047697921
mle01,pre,20181112,1,50,2,1,1,0.591786082151598,0.0356358580066469,0.703149034204037,0.135780402855061
mle01,pre,20181112,1,51,1,1,1,0.161401072557171,0.542521370264293,0.254794221760136,0.457472966351735
mle01,pre,20181112,1,52,1,1,1,0.253561602930802,0.0994900169255126,0.148563991494072,0.0943536206663913
mle01,pre,20181112,1,53,1,1,1,0.153306851684592,0.0764083974642813,0.268951327734894,0.240505365948572
mle01,pre,20181112,1,54,1,1,1,0.423490520758093,0.337565597191482,0.537449971154528,0.285878284095207
mle01,pre,20181112,1,55,1,1,1,0.287056728332388,0.517795918659928,0.649338703943666,0.51473239212053
mle01,pre,20181112,1,56,1,1,1,0.404759884656954,0.147553656085311,0.326200373802555,0.166280629524282
mle01,pre,20181112,1,57,1,1,1,0.786139129160853,0.237311284500384,0.650757976425169,0.0998396966238118
mle01,pre,20181112,1,58,2,1,1,1.11098745629804,0.507332174208656,1.00369984395344,1.41392391072809
mle01,pre,20181112,1,59,2,1,1,0.305415825039496,0.183130005732547,0.424173552554524,0.213621950866957
mle01,pre,20181112,1,60,2,1,1,0.562201308845957,0.358189999607147,0.62709512117532,0.351935614496807
mle01,pre,20181112,1,61,2,1,1,0.680881245936773,0.1885104162587,0.36595853028101,0.228067568644601
mle01,pre,20181112,1,62,1,1,1,0.219054473819723,0.0657047000770454,0.358734218054015,0.29503341395851
mle01,pre,20181112,1,63,1,1,1,0.493608332473197,0.329308301958874,0.638913660486032,0.606118540308844
mle01,pre,20181112,1,64,2,1,1,0.357898379082449,0.114381541838272,0.439870410306825,0.493223292856235
mle01,pre,20181112,1,65,1,1,1,0.996413123234802,1.03888567338463,1.8650258397382,0.759946240147963
mle01,pre,20181112,1,66,2,1,1,0.245670997199329,0.266821681632841,0.291771839200261,0.281991637979816
mle01,pre,20181112,1,67,1,1,1,0.0872952978200199,0.304802003272498,0.174604981692303,0.154615272442732
mle01,pre,20181112,1,68,1,1,1,0.142812351852977,0.146498041259408,0.446870461585765,0.127184067864089
mle01,pre,20181112,1,69,1,1,1,1.39911417082294,0.207875911952157,1.30075532730908,0.274776472290342
mle01,pre,20181112,1,70,1,1,1,1.7741556338734,0.968099533545234,1.14658063872964,0.526626709146538
mle01,pre,20181112,1,71,1,1,1,0.196875977859851,0.190495112241784,0.323051683918091,0.382530664610062
mle01,pre,20181112,1,72,1,1,1,0.574218343018703,0.0924881772886295,0.242919499027425,0.24017575783796
mle01,pre,20181112,1,73,2,1,1,0.108085722360935,0.178239436472977,0.436110418189713,0.152430370124809
mle01,pre,20181112,1,74,1,1,1,0.608067301958807,0.144963605747598,0.534770419706518,0.22408903391166
mle01,pre,20181112,1,75,1,1,1,1.01995986035803,0.0768548638493625,0.6189595565997,0.12011858375842
mle01,pre,20181112,1,76,2,1,1,0.879216277056988,0.582100271576629,0.650324403115739,0.505502988109936
mle01,pre,20181112,1,77,1,1,1,1.60865698273017,0.158536240674153,0.438927733740269,0.097132587169739
mle01,pre,20181112,1,78,1,1,1,0.756515481769368,0.170808911987529,0.702784952960337,0.126187462766295
mle01,pre,20181112,1,79,1,1,1,0.223178405340137,0.147316590354627,0.304484880776523,0.217133384798788
mle01,pre,20181112,1,80,1,1,1,2.15030583511089,0.628847726347221,1.6805757270838,0.304645700448484
mle01,pre,20181112,1,81,1,1,1,0.542627807370824,0.452909785525094,0.536204089556399,0.219313893680281
mle01,pre,20181112,1,82,2,1,1,0.794988750297369,0.624991085020733,0.521573297794913,0.256694568180606
mle01,pre,20181112,1,83,2,1,1,1.0975907937893,0.718312486876944,0.781858397287539,0.343938363128331
mle01,pre,20181112,1,84,1,1,1,0.275471925411296,0.641473933135195,0.45198760329507,0.49581818550366
mle01,pre,20181112,1,85,1,1,1,1.028430492812,0.481609950025424,0.892557020364167,0.314189194176876
mle01,pre,20181112,1,86,2,1,1,0.0883246720771922,0.200947596340028,0.242146552026631,0.210759106553768
mle01,pre,20181112,1,87,1,1,1,1.08396069831904,0.140549438725201,0.824529536911051,0.217825869107792
mle01,pre,20181112,1,88,1,1,1,1.04113544969952,0.112173056027997,0.478128713775559,0.0682046133809416
mle01,pre,20181112,1,89,1,1,1,0.0692753553451695,0.230466875275469,0.163834256543697,0.225457755008119
mle01,pre,20181112,1,90,1,1,1,0.191471394042266,0.0658545013673901,0.586765213305916,0.451283754253384
mle01,pre,20181112,1,91,1,1,1,0.653984555461708,0.551114262613202,0.261184073410997,0.218826234489754
mle01,pre,20181112,1,92,1,1,1,1.04470787601896,1.18688334646587,0.581380634359757,0.505035896049164
mle01,pre,20181112,1,93,1,1,1,0.167851301256227,0.0619812858337636,0.310170272184091,0.0924626440794709
mle01,pre,20181112,1,94,2,1,1,0.851911643606035,0.0447759053427954,0.492338113091982,0.397247951148885
mle01,pre,20181112,1,95,1,1,1,0.261724522752843,0.331539197022979,0.546898540802744,0.168583631306003
mle01,pre,20181112,1,96,1,1,1,0.0963058612092875,0.206564826894764,0.250940008754159,0.280088474534517
mle01,pre,20181112,1,97,1,1,1,1.83604996927296,0.0439556068372247,0.533130041724188,0.122339652476282
mle01,pre,20181112,1,98,1,1,1,0.162791059466095,0.258265758062082,0.319374418529867,0.303288112271862
mle01,pre,20181112,1,99,1,1,1,0.415277285647929,0.0619999002997522,0.188462765216842,0.0653823055088147
mle01,pre,20181112,1,100,NaN,0,0,NaN,NaN,NaN,NaN
mle01,pre,20181112,1,101,NaN,0,0,NaN,NaN,NaN,NaN
mle01,pre,20181112,2,1,1,0,0,NaN,NaN,NaN,NaN
mle01,pre,20181112,2,2,1,0,0,NaN,NaN,NaN,NaN
mle01,pre,20181112,2,3,1,1,1,0.820671596250499,0.302052538179008,0.371870598306549,0.16752222383808
mle01,pre,20181112,2,4,2,1,1,0.106113231044169,0.0961849094767961,0.175458374012112,0.160705966851673
mle01,pre,20181112,2,5,1,1,1,0.25182368836107,0.0984376753804324,0.321982185571518,0.208103442466838
mle01,pre,20181112,2,6,2,1,1,0.191790235275693,0.0719243707482802,0.47471696001193,0.329102208320557
mle01,pre,20181112,2,7,2,1,1,0.39903098707912,0.307690575748998,0.225226591687436,0.135390366670717
mle01,pre,20181112,2,8,1,1,1,0.779910992437229,0.759723676339709,0.611666260163537,0.36691527765391
mle01,pre,20181112,2,9,2,1,1,0.343837503973041,0.123249587048393,0.314483836122319,0.117454373395587
mle01,pre,20181112,2,10,1,1,1,0.343799740009793,0.235134264622875,0.312335675581299,0.220410739722382
mle01,pre,20181112,2,11,1,1,1,1.19378863926694,0.187302714165388,0.555325324538247,0.139968730950655
mle01,pre,20181112,2,12,1,1,1,0.153730820760056,0.0743483846636961,0.16896126658572,0.398076042100174
mle01,pre,20181112,2,13,1,1,1,0.191067038634126,0.145226473410671,0.348863017586343,0.576282968714509
mle01,pre,20181112,2,14,2,1,1,0.399606206362055,0.843643015172363,0.293896418591882,0.2102595531526
mle01,pre,20181112,2,15,1,1,1,0.225518465871877,0.327330533052316,0.853173727318116,0.339739206928781
mle01,pre,20181112,2,16,2,1,1,0.386523267514049,0.141625837775439,0.275843818449806,0.139992739998261
mle01,pre,20181112,2,17,1,1,1,0.280470681968756,0.146610933712358,0.419444166943931,0.0952959824611948
mle01,pre,20181112,2,18,1,1,1,0.489937439885964,0.771218269623395,0.58275784561279,0.518098188014803
mle01,pre,20181112,2,19,2,1,1,0.480594109780606,0.447391216936463,0.492929955914085,0.207852477326723
mle01,pre,20181112,2,20,1,1,1,0.423921194749721,0.247064980190713,0.274550330393006,0.398295454226695
mle01,pre,20181112,2,21,1,1,1,0.186737410105186,0.202025949433759,0.401028946385339,0.120505299952332
mle01,pre,20181112,2,22,2,1,1,0.224146466806594,0.0838069068362198,0.508095718556061,0.10350762568768
mle01,pre,20181112,2,23,2,1,1,0.219758251075991,0.117993096269678,0.236379963070437,0.151808277641611
mle01,pre,20181112,2,24,1,1,1,1.09517845066159,0.596992741921951,0.413853104079425,0.295596796559105
mle01,pre,20181112,2,25,1,1,1,1.95569715279441,0.972336187080161,0.526183981495156,0.464414381718141
mle01,pre,20181112,2,26,1,1,1,1.13681635444579,0.0693504888468416,0.569424196162053,0.123744904489188
mle01,pre,20181112,2,27,2,1,1,0.122676856253122,0.278961023870384,0.482490926167812,0.241904558191862
mle01,pre,20181112,2,28,2,1,1,0.104755902657631,0.467930677606633,0.346384167919026,0.6509678076617
mle01,pre,20181112,2,29,1,1,1,0.353564524794191,0.114096392295321,0.176672327997578,0.0955623142349778
mle01,pre,20181112,2,30,1,1,1,0.35285189178736,0.111775831396614,0.466602201384398,0.296057565367196
mle01,pre,20181112,2,31,2,1,1,0.889135685367464,0.214874900998619,1.10170451425355,0.249522565407254
mle01,pre,20181112,2,32,1,1,1,0.841678231106957,0.545191898690589,0.218327325413199,0.171923002633458
mle01,pre,20181112,2,33,1,1,1,0.77803967041435,0.337745197912275,0.615840798606127,0.307708117497665
mle01,pre,20181112,2,34,1,1,1,0.588172355523547,0.405753119463479,0.477242864670702,0.308239518826563
mle01,pre,20181112,2,35,1,1,1,0.108610368813142,0.154011249125012,0.364864330478666,0.0829206219629617
mle01,pre,20181112,2,36,2,1,1,0.339500406139591,0.882582465882622,0.763464739358655,0.522985988596321
mle01,pre,20181112,2,37,1,1,1,0.46819941812868,0.0436073931856857,0.611215129051603,0.1544557130793
mle01,pre,20181112,2,38,1,1,1,0.138223057359327,0.0419734128839626,0.352520085399915,0.24527672565509
mle01,pre,20181112,2,39,1,1,1,1.02794800375219,0.99021239560908,0.522655574212999,0.334723775009861
mle01,pre,20181112,2,40,1,1,1,0.269117513368123,0.337395554187689,0.632699077330941,0.207572574217929
mle01,pre,20181112,2,41,1,1,1,0.79288643701641,0.307996447845926,0.562244318904613,0.222746433785584
mle01,pre,20181112,2,42,NaN,0,0,NaN,NaN,NaN,NaN
mle01,pre,20181112,2,43,1,1,1,0.106265940824912,0.0997357440693523,0.32594602806196,0.216459934190105
mle01,pre,20181112,2,44,1,1,1,0.337360245042771,0.192876292898647,0.353033484037909,0.106229429437133
mle01,pre,20181112,2,45,2,1,1,0.37624047582249,0.547648141869182,0.521152142278323,0.940304618596454
mle01,pre,20181112,2,46,2,1,1,0.812514649319489,0.0933633223351205,0.775794229403684,0.394748341415723
mle01,pre,20181112,2,47,1,1,1,0.12568164627142,0.455662114520859,0.636192222942044,0.391750863105326
mle01,pre,20181112,2,48,1,1,1,0.800034324592859,0.442195375277819,0.825617271185866,0.316786064297888
mle01,pre,20181112,2,49,1,1,1,0.0885973787013257,0.564702887638541,0.836593455540349,0.81043729227982
mle01,pre,20181112,2,50,2,1,1,0.670765129688677,0.0736829277175572,0.541891252587295,0.259200106208996
mle01,pre,20181112,2,51,1,1,1,0.566433332698996,0.657631810158903,0.65838671108407,0.349283022703353
mle01,pre,20181112,2,52,2,1,1,0.699492218382984,0.359428844246434,0.779892651652088,0.471958889914122
mle01,pre,20181112,2,53,1,1,1,0.669427093563369,0.10345776967147,0.706628363788155,0.5992980315907
mle01,pre,20181112,2,54,2,1,1,0.718128384980844,0.447585198981677,0.521656458148601,0.341670231489323
mle01,pre,20181112,2,55,1,1,1,0.324802471194127,0.266617034888109,0.601487817662892,0.364265391452944
mle01,pre,20181112,2,56,1,1,1,0.620228696977497,0.2420554033747,0.460983972041383,0.210151933529803
mle01,pre,20181112,2,57,1,1,1,0.109443312164859,0.162519836314426,0.144322706033932,0.160543280074316
mle01,pre,20181112,2,58,1,1,1,0.190643238029353,0.161591606203608,0.393580071292699,0.212911391376177
mle01,pre,20181112,2,59,2,1,1,0.0917214063760907,0.125129216872884,0.221964232274275,0.194200811766996
mle01,pre,20181112,2,60,2,1,1,0.15993077214111,0.172553725084014,0.150653697166164,0.14689094699607
mle01,pre,20181112,2,61,1,1,1,0.779693785825772,0.115651429098406,0.562345471183774,0.143978336510967
mle01,pre,20181112,2,62,2,1,1,0.631045424851845,0.195087581057206,0.566620831907759,0.172274842026643
mle01,pre,20181112,2,63,2,1,1,0.412034295880616,0.15401979403631,0.31518538789048,0.111750095491139
mle01,pre,20181112,2,64,2,0,0,NaN,NaN,NaN,NaN
mle01,pre,20181112,2,65,2,1,1,0.830214541204984,0.17147303246791,0.215618421529316,0.271084033656134
mle01,pre,20181112,2,66,2,1,1,0.317736496047287,0.649065831591281,0.444421208988544,0.577577090698
mle01,pre,20181112,2,67,2,1,1,0.286696776929266,0.524858687373342,0.361645187970186,0.187857704855715
mle01,pre,20181112,2,68,1,1,1,0.0829914146576503,0.250986374393135,0.342998943490886,0.163345392615236
mle01,pre,20181112,2,69,1,1,1,0.269964223616221,0.519185675418669,0.536549045588156,0.293246113457441
mle01,pre,20181112,2,70,1,1,1,1.24182678864178,0.758267231367126,0.373499918207792,0.249949822459757
mle01,pre,20181112,2,71,1,1,1,0.093909736480693,0.0421748294344128,0.458792898632429,0.0652336106519202
mle01,pre,20181112,2,72,1,1,1,0.22386486177755,0.212989682212155,0.646219772731394,0.156781660848867
mle01,pre,20181112,2,73,1,1,1,0.310697462372392,0.145349388709179,0.455678849953649,0.345562898576675
mle01,pre,20181112,2,74,1,1,1,0.0871126134860782,0.0812872648457717,0.400424776865516,0.140411600666046
mle01,pre,20181112,2,75,2,1,1,0.133648003895735,0.188385770488574,0.381832325676327,0.115482893398943
mle01,pre,20181112,2,76,1,1,1,0.355591407208092,0.100128141384426,0.446556871084594,0.148482692237632
mle01,pre,20181112,2,77,2,1,1,0.521609096447278,0.0499187288136256,0.408800552343551,0.118838548686317
mle01,pre,20181112,2,78,1,1,1,0.2214176722142,0.175077249293006,0.273830694407493,0.199582847643271
mle01,pre,20181112,2,79,1,1,1,1.10446208579267,0.902016386719197,0.762421852845804,0.643457612309734
mle01,pre,20181112,2,80,1,1,1,1.20413554958046,0.699739969954613,0.654624915272399,0.572488951412941
mle01,pre,20181112,2,81,1,1,1,0.167771233208457,0.0962541903190239,0.220775082802343,0.123624454938629
mle01,pre,20181112,2,82,1,1,1,0.32106503269005,0.557837385981624,0.216977058756917,0.344757071378175
mle01,pre,20181112,2,83,2,1,1,0.493691207945339,0.156478883546575,0.463619106079377,0.308054808797092
mle01,pre,20181112,2,84,1,1,1,1.73653215089329,1.21846233612754,0.691087039363093,0.54372448121802
mle01,pre,20181112,2,85,2,1,1,0.084016225356168,0.0436710758967304,0.139575903535831,0.0752675003849161
mle01,pre,20181112,2,86,1,1,1,0.134304683292228,0.140825316211127,0.19840167055913,0.160895746921685
mle01,pre,20181112,2,87,2,1,1,0.690797254601147,0.478864700569525,0.194566066613797,0.29540666494319
mle01,pre,20181112,2,88,1,1,1,0.546441408242571,0.143898650792739,0.323750678063457,0.287596844718706
mle01,pre,20181112,2,89,1,1,1,1.3105653839483,0.984773941878022,0.660633278039495,0.525429346926319
mle01,pre,20181112,2,90,1,1,1,1.02916422276861,0.125164250833586,1.05324812334165,0.276438149842306
mle01,pre,20181112,2,91,1,1,1,0.638504985895979,0.590844148660623,0.292462702578701,0.634770163892733
mle01,pre,20181112,2,92,2,1,1,0.149773615426731,0.0739920306497019,0.432517572829511,0.213251157340785
mle01,pre,20181112,2,93,1,1,1,0.3977874775766,0.285292263333208,0.53445636405184,0.240647484941779
mle01,pre,20181112,2,94,1,1,1,1.85199101550994,0.0909296304375602,0.65229936548045,0.0773254642571722
mle01,pre,20181112,2,95,1,1,1,0.548841990534138,0.274265134866162,0.645319166638967,0.142497712335724
mle01,pre,20181112,2,96,2,1,1,1.90125093621092,0.157729169476451,0.587375481943225,0.0756362956471898
mle01,pre,20181112,2,97,2,1,1,0.179205243475845,0.251009097758432,0.444504027557114,0.371598117254875
mle01,pre,20181112,2,98,1,1,1,0.541592493191803,0.497486404679774,0.576535343806083,0.346007732551462
mle01,pre,20181112,2,99,1,1,1,0.581817281958159,0.0997535176604049,0.37382768136369,0.194553678221545
mle01,pre,20181112,2,100,NaN,0,0,NaN,NaN,NaN,NaN
mle01,pre,20181112,3,1,1,1,1,1.1201506705258,0.552020051205597,0.812200522380548,0.431506756372775
mle01,pre,20181112,3,2,1,0,0,NaN,NaN,NaN,NaN
mle01,pre,20181112,3,3,1,0,0,NaN,NaN,NaN,NaN
mle01,pre,20181112,3,4,2,1,1,1.36474872592349,0.428201042406451,1.09933745806797,0.366745812468071
mle01,pre,20181112,3,5,2,1,1,0.445693858212978,0.238869360816067,0.759415459674526,0.264243209569987
mle01,pre,20181112,3,6,1,1,1,0.677519052956233,0.672866753698943,0.613881290687554,0.598531977227662
mle01,pre,20181112,3,7,2,0,0,NaN,NaN,NaN,NaN
mle01,pre,20181112,3,8,1,0,0,NaN,NaN,NaN,NaN
mle01,pre,20181112,3,9,1,0,0,NaN,NaN,NaN,NaN
mle01,pre,20181112,3,10,2,0,0,NaN,NaN,NaN,NaN
mle01,pre,20181112,3,11,1,1,1,1.22072828340917,0.950631254083096,0.831871536078522,0.77659834228575
mle01,pre,20181112,3,12,1,1,1,0.37313835048793,0.288003117393522,0.524515361153423,0.432422458653008
mle01,pre,20181112,3,13,2,1,1,1.08285334624814,1.79086093414567,0.744781003295122,0.948550146645557
mle01,pre,20181112,3,14,1,1,1,0.257481941522115,0.212518373835078,0.507438807107778,0.328983281321108
mle01,pre,20181112,3,15,1,1,1,0.656509157924086,0.424268145592694,0.716568137388112,0.408198395529982
mle01,pre,20181112,3,16,1,1,1,1.09761934370423,1.33501894809003,1.2410580907309,0.821030929139724
mle01,pre,20181112,3,17,1,1,1,0.927033299320742,0.618861676243622,1.01161603179887,0.563755308960775
mle01,pre,20181112,3,18,1,1,1,0.408603676565119,0.309632825019504,0.430511295978759,0.323431355306258
mle01,pre,20181112,3,19,1,1,1,0.668430759140001,0.57543516607268,0.609435355223811,0.485488365456147
mle01,pre,20181112,3,20,2,1,1,0.967968708077823,0.918590971845724,0.874811217977984,0.586925442395634
mle01,pre,20181112,3,21,2,1,1,0.332970036994807,0.490375540680662,0.644085188037177,0.523004833340792
mle01,pre,20181112,3,22,2,1,1,0.652333449113421,0.544952085445088,0.699043005907564,0.494005014430434
mle01,pre,20181112,3,23,1,1,1,1.12872236376809,0.903934504452762,0.679530876993872,0.416033730375315
mle01,pre,20181112,3,24,2,1,1,1.01884650824549,0.780864134812431,0.703838759318761,0.473258915683565
mle01,pre,20181112,3,25,1,1,1,0.597667051216094,0.623992918664461,0.407531823980372,0.27155553398872
mle01,pre,20181112,3,26,1,1,1,1.05353571022938,0.919333898470681,0.819281604418585,0.675539391243233
mle01,pre,20181112,3,27,1,1,1,0.353149353212185,0.282823836142394,0.75968075052205,0.395637333934344
mle01,pre,20181112,3,28,1,1,1,0.7763758625813,0.745240299047502,0.812398285418166,0.399391724609792
mle01,pre,20181112,3,29,1,1,1,0.618218457167756,0.602889988832019,0.565469618162587,0.663815035180794
mle01,pre,20181112,3,30,1,1,1,0.170172609134097,0.319748034875454,0.397853605219312,0.419131358393863
mle01,pre,20181112,3,31,1,1,1,0.70062502435737,0.260008428631163,0.914235851218357,0.493557020778041
mle01,pre,20181112,3,32,2,1,1,0.243907700572509,0.323160258820457,0.430963302289005,0.443388835465376
mle01,pre,20181112,3,33,1,1,1,0.457657866103627,0.341404257790262,0.550139798188566,0.468263099398322
mle01,pre,20181112,3,34,1,1,1,0.252378106814006,0.269946767550084,0.613483918732111,0.532828825540472
mle01,pre,20181112,3,35,1,1,1,0.705965782573955,0.773009670105425,0.516469593025649,0.502123163689571
mle01,pre,20181112,3,36,1,1,1,0.226543291696146,0.711516104957022,0.565765607795012,0.348204406357038
mle01,pre,20181112,3,37,2,1,1,0.972306059111915,0.413269856183518,1.15116173603876,0.445946306243261
mle01,pre,20181112,3,38,2,1,1,0.901335370479778,0.701247452908548,0.890447907807342,0.413110052956052
mle01,pre,20181112,3,39,1,1,1,0.586061188265401,0.322832254231516,0.567855498811983,0.460662179396112
mle01,pre,20181112,3,40,2,1,1,1.0072130686759,0.93833075703261,0.461485644347416,0.383993414262946
mle01,pre,20181112,3,41,1,1,1,0.606557941389815,0.339485900485106,0.469383597700003,0.538686903425268
mle01,pre,20181112,3,42,1,1,1,1.1874027222097,0.611848209782693,0.891167736731956,0.682825987655265
mle01,pre,20181112,3,43,1,1,1,0.773955532540205,0.622793737295353,0.526077078790105,0.505046482885242
mle01,pre,20181112,3,44,1,1,1,0.617047246338345,0.257918661824823,0.757382403819416,0.487699049446092
mle01,pre,20181112,3,45,1,1,1,0.364474193329427,0.542684491914546,1.33381122728279,0.994302761577363
mle01,pre,20181112,3,46,2,1,1,0.81031358533976,0.375555083510414,0.455187611190755,0.433471850614238
mle01,pre,20181112,3,47,1,1,1,0.326360199054792,0.527670278571803,0.603172637269543,0.382032031803185
mle01,pre,20181112,3,48,2,1,1,0.785938619257241,0.929044225720217,0.601938190644934,0.532932928011749
mle01,pre,20181112,3,49,1,1,1,0.904565814351577,0.756023752127735,0.749568143905307,0.541570925590652
mle01,pre,20181112,3,50,1,1,1,0.684207257869799,0.957605541389803,0.885439990551806,0.698376252303976
mle01,pre,20181112,3,51,1,1,1,2.50241727086289,2.01992948118451,0.902145451920267,0.889696981343131
mle01,pre,20181112,3,52,2,1,1,0.799880875870432,0.702130630855896,0.543395470641941,0.55405388766769
mle01,pre,20181112,3,53,2,1,1,0.361747802923094,0.406939047225562,0.494521590543673,0.414582114407619
mle01,pre,20181112,3,54,1,1,1,1.19088497454783,0.469569089648908,0.560431721650482,0.406823825812904
mle01,pre,20181112,3,55,2,1,1,0.586735474098497,0.388524879033967,0.943589350512773,0.484411767708253
mle01,pre,20181112,3,56,1,1,1,1.30915656316697,0.878173628779593,0.728018960141631,0.549074897696163
mle01,pre,20181112,3,57,1,1,1,0.958746742545975,0.874040426231693,0.780272769080386,0.67581687036671
mle01,pre,20181112,3,58,2,1,1,0.765528361716293,0.696812686290855,0.5410176199336,0.503653520774242
mle01,pre,20181112,3,59,1,1,1,0.474060599609876,0.408003716035048,0.378706481670731,0.327564665400148
mle01,pre,20181112,3,60,2,1,1,0.481911880459654,0.399190843869905,0.594429123387239,0.53704156539221
mle01,pre,20181112,3,61,1,1,1,0.63820581178022,0.755504908015899,0.680995179615456,0.620299911625055
mle01,pre,20181112,3,62,2,1,1,0.488512333825407,0.278952364695494,0.352870817241728,0.310213978340689
mle01,pre,20181112,3,63,1,1,1,0.506826267160456,0.32474653054263,0.530984859090909,0.307419207329209
mle01,pre,20181112,3,64,1,1,1,0.292342335894908,0.341465275440202,0.717265897413541,0.444547199519487
mle01,pre,20181112,3,65,1,1,1,0.490668438976697,0.944906373197153,0.598128361530394,0.753766461632718
mle01,pre,20181112,3,66,2,1,1,0.415491411826159,0.123807252812111,0.518663089755075,0.319271113740188
mle01,pre,20181112,3,67,1,1,1,0.35210209797612,0.239348889383079,0.537793093800832,0.405505733279393
mle01,pre,20181112,3,68,1,1,1,0.605582450953215,0.524689464893337,0.686472448761778,0.393745362798438
mle01,pre,20181112,3,69,2,1,1,0.725995122020699,0.850955044607883,0.812496506540701,0.640028644545548
mle01,pre,20181112,3,70,2,1,1,0.728606120322142,0.732967689334787,0.475199205596604,0.37601446237444
mle01,pre,20181112,3,71,1,1,1,1.04881523959628,0.195189288366083,0.932648539598425,0.45161318917084
mle01,pre,20181112,3,72,1,1,1,1.42545351510446,0.472357378857581,1.06540194469548,0.569423742653695
mle01,pre,20181112,3,73,2,1,1,1.11942142303314,0.224050005849623,1.04656701944437,0.415230071791303
mle01,pre,20181112,3,74,2,1,1,1.45835854566908,0.616093377709557,0.951320923896217,0.592969526889734
mle01,pre,20181112,3,75,1,1,1,0.605323845314522,0.155066153944979,0.619892222105639,0.357107294061895
mle01,pre,20181112,3,76,2,1,1,0.240400657279431,0.28472547602377,0.981317063231778,0.38694145598476
mle01,pre,20181112,3,77,1,1,1,0.807204552277669,0.310332083287467,0.640934696857691,0.239887015811419
mle01,pre,20181112,3,78,1,1,1,0.588808990557034,0.539742677635724,0.619311071697123,0.447456421980179
mle01,pre,20181112,3,79,1,1,1,0.979980188730081,0.774428580683871,0.77110795718853,0.60075667821313
mle01,pre,20181112,3,80,1,1,1,0.628477730220094,0.605357835360847,0.526615165332548,0.418447012405357
mle01,pre,20181112,3,81,1,1,1,0.146987283406292,0.104588372466068,0.478430991090473,0.311273125445807
mle01,pre,20181112,3,82,2,1,1,0.873486493955676,0.408493116379084,0.781831663456106,0.452895580347259
mle01,pre,20181112,3,83,2,1,1,0.465000452535022,0.236377778990856,0.678575937981186,0.526992033626603
mle01,pre,20181112,3,84,2,1,1,0.450762582631863,0.219676958591474,0.554785435453156,0.350212232722193
mle01,pre,20181112,3,85,1,1,1,0.873970377933836,0.343057260818374,0.65683447973483,0.427611749352718
mle01,pre,20181112,3,86,1,1,1,0.651037950486585,0.25483506520197,0.485439060857211,0.355522154695052
mle01,pre,20181112,3,87,2,1,1,1.68270118909902,0.727096040618252,1.04359411439016,0.409920352140287
mle01,pre,20181112,3,88,1,1,1,0.446113534042572,0.570897110304212,0.43715644861325,0.478498396465428
mle01,pre,20181112,3,89,1,1,1,0.98773469409313,0.630923181731314,0.772505650422978,0.569170282417578
mle01,pre,20181112,3,90,1,1,1,0.381529930251491,0.119187945678643,0.589050003079254,0.127183393122299
mle01,pre,20181112,3,91,1,1,1,0.645581041251644,0.715753493427855,0.5990944416951,0.617634020002267
mle01,pre,20181112,3,92,1,1,1,0.611081671316885,0.3389656707153,0.724771641155256,0.593343410367827
mle01,pre,20181112,3,93,1,1,1,0.473045970594532,0.542845357628393,0.35560178331203,0.337554565748044
mle01,pre,20181112,3,94,2,1,1,0.574017057664971,0.537811632562145,0.684930555945066,0.660091282167588
mle01,pre,20181112,3,95,1,1,1,1.0840108241563,0.988119768914089,1.02133300935419,0.789352516836243
mle01,pre,20181112,3,96,1,1,1,0.448859346988197,0.195564173797784,0.70672558232037,0.719809228254679
mle01,pre,20181112,3,97,2,1,1,1.25077022146599,0.441107589576744,0.982462514985799,0.6324544556869
mle01,pre,20181112,3,98,1,1,1,0.99741747255744,0.896892412017659,0.873746869990443,0.622349496884768
mle01,pre,20181112,3,99,2,1,1,0.992554390870616,0.313627357957859,0.777789086127274,0.490079873199599
mle01,pre,20181112,3,100,NaN,0,0,NaN,NaN,NaN,NaN
mle01,pre,20181112,4,1,1,1,1,0.740672453748006,0.93935014420012,1.57721574136969,0.580164178476907
mle01,pre,20181112,4,2,1,1,1,0.516593450436599,0.647126354247737,0.526153298603585,0.564964836765106
mle01,pre,20181112,4,3,1,1,1,0.705995424785113,0.669253211939744,0.68554599476655,0.585982354667395
mle01,pre,20181112,4,4,2,1,1,0.6510245274841,0.614377220659262,0.684082246083056,0.569866271849583
mle01,pre,20181112,4,5,2,1,1,0.406437207959778,0.192338784509618,0.462233413058972,0.48680726783661
mle01,pre,20181112,4,6,2,1,1,0.71784456158584,0.571155373901117,0.679938341467783,0.413030887379319
mle01,pre,20181112,4,7,1,1,1,1.09792214555583,0.752207858445315,0.644700894608729,0.461601255901753
mle01,pre,20181112,4,8,2,1,1,0.650195056816795,0.369431376080279,0.533598829358915,0.614359845810865
mle01,pre,20181112,4,9,2,1,1,0.919733975943846,0.783329983931218,0.705594364787061,0.497534987985017
mle01,pre,20181112,4,10,2,1,1,0.285606620724371,0.525901177621126,0.407896077880975,0.431694584709931
mle01,pre,20181112,4,11,2,1,1,0.881910686044758,0.753725309116269,0.872826967005855,0.593919385345562
mle01,pre,20181112,4,12,1,1,1,0.857616449167472,0.3051781827636,0.689362700848709,0.309131044742899
mle01,pre,20181112,4,13,1,1,1,0.632789808719972,0.338776297758004,0.651504688274983,0.340785664835332
mle01,pre,20181112,4,14,1,1,1,0.242335042141631,0.351383274790697,0.366349895750573,0.344120672748131
mle01,pre,20181112,4,15,1,1,1,1.05207376021212,0.701242395341134,0.717509497770546,0.362103374057725
mle01,pre,20181112,4,16,1,1,1,0.679043245529284,0.441094720958781,0.592622345899172,0.27239675191746
mle01,pre,20181112,4,17,1,1,1,0.481639809332889,0.249023556962987,0.489381272590911,0.472956456505793
mle01,pre,20181112,4,18,1,1,1,1.01009220322349,0.463538910560614,1.10044340268463,0.750462431440508
mle01,pre,20181112,4,19,1,1,1,0.882075673960369,0.874663089284618,0.772120862796197,0.729205075030357
mle01,pre,20181112,4,20,1,1,1,0.94540572157042,0.497735025442235,0.648601930712448,0.4996294109575
mle01,pre,20181112,4,21,1,1,1,0.768856200710998,0.843487781908909,0.675287627063326,0.539657939575262
mle01,pre,20181112,4,22,2,1,1,0.703848075637074,0.574393015259788,0.796541169505932,0.574186085905047
mle01,pre,20181112,4,23,2,1,1,1.02682402575781,0.383668986410706,0.619855086497006,0.429284466978028
mle01,pre,20181112,4,24,1,1,1,0.624539827953967,0.145146460165653,0.607890220310376,0.365888037073149
mle01,pre,20181112,4,25,1,1,1,0.787432260786309,0.869186079491166,0.42380848825102,0.588721955996274
mle01,pre,20181112,4,26,2,1,1,0.9047770082733,0.827072568882681,0.635813702720067,0.656841631009028
mle01,pre,20181112,4,27,1,1,1,0.500593437182616,0.373274079144743,1.13563485729676,0.425732496415532
mle01,pre,20181112,4,28,1,1,1,2.04517407281465,1.73979331281341,1.02131737422515,0.622268517825498
mle01,pre,20181112,4,29,1,1,1,0.587123080212006,0.292565019992607,0.92614370625325,0.362781627651016
mle01,pre,20181112,4,30,1,1,1,0.354735272480121,0.556028125380906,0.406244280988661,0.472347377261703
mle01,pre,20181112,4,31,2,1,1,0.676185882969436,0.478384622319612,0.5502357384654,0.387598082738669
mle01,pre,20181112,4,32,2,1,1,0.314340906643565,0.224199789513745,0.676356440995238,0.412747265896585
mle01,pre,20181112,4,33,1,1,1,0.404564195660186,0.235694576634642,0.691665464744803,0.853292110555702
mle01,pre,20181112,4,34,1,1,1,0.997796642484837,0.635885939018802,1.09449837597483,0.927315158697353
mle01,pre,20181112,4,35,1,1,1,0.991677984474554,0.3428582579104,0.649662368709386,0.261034841100994
mle01,pre,20181112,4,36,1,1,1,0.312489625353478,0.240452568083581,1.00512585056339,0.473620856117425
mle01,pre,20181112,4,37,1,1,1,1.0087478783775,0.967709039354641,1.13750361880317,0.937152408768694
mle01,pre,20181112,4,38,1,1,1,0.874366480957977,0.678050456452444,0.889581196505035,0.680858710438821
mle01,pre,20181112,4,39,1,1,1,0.684569681259009,0.37489377081629,0.918427927212317,0.67083834079333
mle01,pre,20181112,4,40,2,1,1,0.660100565109734,0.591301220236896,0.926722768451618,0.695375128376413
mle01,pre,20181112,4,41,2,1,1,0.928840342763005,0.738807412407284,0.871786591487503,0.486695505010034
mle01,pre,20181112,4,42,1,1,1,0.353587752395264,0.502937547361944,0.324982506412737,0.526987805982542
mle01,pre,20181112,4,43,1,1,1,0.726991104238662,0.424615385846976,0.690268949439241,0.309253245609732
mle01,pre,20181112,4,44,1,1,1,0.441031309106468,0.390291524129552,0.758651816809659,0.652465790027292
mle01,pre,20181112,4,45,1,1,1,0.742855868189277,0.914861182583334,0.739222219866352,0.853471825046358
mle01,pre,20181112,4,46,1,1,1,0.783222014347229,0.913935557468905,0.651145679116313,0.744616595479376
mle01,pre,20181112,4,47,2,1,1,1.22580372198933,0.87075915318545,0.981061322694772,0.818766162607061
mle01,pre,20181112,4,48,1,1,1,1.99491960052669,0.90634531214618,0.825484028034868,0.574194953552545
mle01,pre,20181112,4,49,1,1,1,0.373162949549884,0.61014449581498,0.465067160586962,0.47531561386006
mle01,pre,20181112,4,50,1,1,1,0.226402902954915,0.150609687895977,0.500610179862033,0.278727928518154
mle01,pre,20181112,4,51,2,1,1,0.221438677587588,0.206364083796474,0.444484103378672,0.398518357097612
mle01,pre,20181112,4,52,2,1,1,0.841269438434386,0.780174437482161,0.735752217087153,0.552003289006792
mle01,pre,20181112,4,53,2,1,1,0.70698444399927,0.681812785584922,0.668286016987302,0.664241120574472
mle01,pre,20181112,4,54,1,1,1,0.851294791479914,0.101531214990402,0.743534100028032,0.297704467334138
mle01,pre,20181112,4,55,1,1,1,2.29771771481878,1.82096750239202,1.47467940731875,0.954605522582418
mle01,pre,20181112,4,56,2,1,1,0.982247847198104,0.771647791295084,0.931670917220123,0.684842116203472
mle01,pre,20181112,4,57,2,1,1,1.00661063238136,0.824539077839964,0.965434051996288,0.520417105156879
mle01,pre,20181112,4,58,1,1,1,0.443054262579499,0.49963292904141,0.574800792405269,0.344686896536209
mle01,pre,20181112,4,59,1,1,1,2.68110353885872,0.633307562160159,1.01449687661134,0.329739244728385
mle01,pre,20181112,4,60,1,1,1,1.49625955696185,0.711309078541531,0.738028731784637,0.54525757396856
mle01,pre,20181112,4,61,1,1,1,0.307468516529068,0.406749284922043,0.707816982272505,0.400687380656012
mle01,pre,20181112,4,62,1,1,1,0.273520618892602,0.474693050005837,0.673667006366562,0.395463670636343
mle01,pre,20181112,4,63,2,1,1,1.9504652886177,0.918886320305941,1.28591260079008,1.00542771158564
mle01,pre,20181112,4,64,1,1,1,0.215060280547015,0.405235852536034,0.417949173945984,0.342497002059815
mle01,pre,20181112,4,65,2,1,1,0.851924451624316,0.814427484032548,0.782256789915106,0.525000233483381
mle01,pre,20181112,4,66,1,1,1,0.46913695558455,0.477760724023642,0.488612298714942,0.409162378200248
mle01,pre,20181112,4,67,1,1,1,1.180105381893,1.00329596115093,0.473182103129471,0.396448493826851
mle01,pre,20181112,4,68,2,1,1,0.679519525861921,0.388161010973268,0.756476353588661,0.436340382439636
mle01,pre,20181112,4,69,2,1,1,0.885305109456294,0.833430457348683,0.801714306769908,0.72381304469743
mle01,pre,20181112,4,70,1,1,1,0.648645744720127,0.530481646224181,0.740898032905456,0.503964223309724
mle01,pre,20181112,4,71,2,1,1,0.279945236237507,0.507598617840786,0.57388377689672,0.679271737270739
mle01,pre,20181112,4,72,1,1,1,0.661318166849694,0.647325162679264,0.680975876141661,0.575540187696636
mle01,pre,20181112,4,73,1,1,1,0.693328568615575,0.458465216677666,0.778484942745758,0.679275855546234
mle01,pre,20181112,4,74,1,1,1,0.720247680419018,0.183213917417853,0.462780206539034,0.27411041746023
mle01,pre,20181112,4,75,1,1,1,0.291420569766532,0.277673073874106,0.548011818444085,0.424100728401554
mle01,pre,20181112,4,76,1,1,1,0.897790404699506,0.661129016024855,0.832000957460719,0.594652054715413
mle01,pre,20181112,4,77,1,1,1,0.801944743763479,0.405282879642357,1.01178114941318,0.306592272274413
mle01,pre,20181112,4,78,1,1,1,0.854741341634152,0.816570419763309,1.34512292880842,0.600170987511128
mle01,pre,20181112,4,79,1,1,1,0.418485882021331,0.238349914351113,0.541537773022783,0.526678967589552
mle01,pre,20181112,4,80,2,1,1,2.77367904930602,1.16410392386211,1.05865339028835,0.616351082175328
mle01,pre,20181112,4,81,2,1,1,0.19737645387087,0.465215884266378,0.712778061842997,0.520067380418295
mle01,pre,20181112,4,82,1,1,1,0.407736648892398,0.365020482493002,0.662275021597403,0.520612335772424
mle01,pre,20181112,4,83,1,1,1,0.262338308626525,0.266401765953907,0.460225879788155,0.267427394485856
mle01,pre,20181112,4,84,2,1,1,1.31894590216924,1.05172137421709,0.826696608463012,0.626652815050204
mle01,pre,20181112,4,85,1,1,1,0.800729780062118,0.744674896688173,0.617570558568809,0.57221891046522
mle01,pre,20181112,4,86,1,1,1,0.781592808049559,0.552335519370933,0.475769042147451,0.255888081116401
mle01,pre,20181112,4,87,2,1,1,1.02808712721482,0.996992470983414,0.502039362573321,0.724407359149833
mle01,pre,20181112,4,88,2,1,1,0.629203719460367,0.325474959189126,0.703548224174768,0.472452904413495
mle01,pre,20181112,4,89,2,1,1,0.289732599131764,0.312560314153826,0.582153434939682,0.574394529684145
mle01,pre,20181112,4,90,2,1,1,0.326555370554806,0.283218515326387,0.432956889637481,0.28742891147055
mle01,pre,20181112,4,91,1,1,1,1.19553257890899,1.02325322286141,0.609189556481503,0.573939205518552
mle01,pre,20181112,4,92,2,1,1,1.31299192945423,0.890059259007778,0.704711544715246,0.463808030100866
mle01,pre,20181112,4,93,1,1,1,0.353307234820583,0.479342446984423,0.72127613634275,0.253333279042666
mle01,pre,20181112,4,94,2,1,1,0.799463859179721,0.537868557591734,0.714777078024136,0.507214030145795
mle01,pre,20181112,4,95,1,1,1,1.73751092661521,0.438267125548673,0.887927250310112,0.659137123086176
mle01,pre,20181112,4,96,1,1,1,0.560440386029111,0.451170692031157,1.03859796029907,0.775428311600607
mle01,pre,20181112,4,97,1,1,1,0.414063700228561,0.16164680535923,0.396012615832733,0.196725955972923
mle01,pre,20181112,4,98,1,1,1,0.417035665491835,0.355537586038618,0.941976864165244,0.662590411217555
mle01,pre,20181112,4,99,1,1,1,0.382505406053512,0.389172797786722,0.546856045908531,0.471426353925482
mle01,pre,20181112,4,100,NaN,0,0,NaN,NaN,NaN,NaN
mle01,pre,20181112,5,1,1,1,1,0.332266077974984,0.127687174330096,0.587730676503354,0.491338228699408
mle01,pre,20181112,5,2,1,1,1,0.698698907161534,0.36823740394821,0.768626366495659,0.458283633619529
mle01,pre,20181112,5,3,2,1,1,0.319513754730107,0.781187048245587,0.355008586698204,0.531155550573261
mle01,pre,20181112,5,4,1,1,1,0.616673338474364,0.638155469376934,0.353304219325603,0.335493447214906
mle01,pre,20181112,5,5,1,1,1,1.03009893397944,0.638466777586832,0.787080475773094,0.298646549621727
mle01,pre,20181112,5,6,1,1,1,0.5025453669314,0.191220841973698,0.51273930128173,0.217477370616859
mle01,pre,20181112,5,7,1,1,1,1.03644701602017,0.112422136903192,0.866325299174194,0.181369101953714
mle01,pre,20181112,5,8,1,1,1,1.30626790959305,0.601689002329353,0.949824889469904,0.705800709998653
mle01,pre,20181112,5,9,1,1,1,0.834471911185932,1.01457070871422,0.794852962906969,0.919940729225802
mle01,pre,20181112,5,10,1,1,1,1.18776465065343,0.557338234130333,0.488990871115778,0.274659910476797
mle01,pre,20181112,5,11,2,1,1,0.534915198576062,0.410816881861148,0.610098656115512,0.343152661289866
mle01,pre,20181112,5,12,1,1,1,0.768684124696207,0.707444599117649,0.70279448665701,0.549358817463667
mle01,pre,20181112,5,13,1,1,1,0.247010428215386,0.243557146997846,0.370583299148217,0.264184846032955
mle01,pre,20181112,5,14,2,1,1,0.70536684881497,0.410668769663499,0.501893264343351,0.390145929905458
mle01,pre,20181112,5,15,1,1,1,0.618441743129897,0.811722474384527,0.773543444877099,0.652799793936635
mle01,pre,20181112,5,16,2,1,1,0.574008848579349,0.535331072696049,0.535794310421475,0.402454275244983
mle01,pre,20181112,5,17,1,1,1,0.708412958706545,0.546680323986975,0.770036255098325,0.596759338223428
mle01,pre,20181112,5,18,1,1,1,0.700252730521505,0.432091435401659,0.71211529867589,0.493825238487906
mle01,pre,20181112,5,19,1,1,1,0.337938442680891,0.321859889064886,0.325215179049059,0.324766544674522
mle01,pre,20181112,5,20,2,1,1,0.662681621352053,0.260896757011301,0.643105016348676,0.429206355808607
mle01,pre,20181112,5,21,1,1,1,1.25883699614701,1.05061501611794,0.869170725415233,0.67376255149667
mle01,pre,20181112,5,22,1,1,1,1.12697946464978,0.873024713751177,0.964224453887782,0.509501421208532
mle01,pre,20181112,5,23,1,1,1,1.19782879538234,0.903987824818994,0.883178645883565,0.887874951664065
mle01,pre,20181112,5,24,1,1,1,0.728882737597053,0.491389354452508,0.575254997456465,0.466381520396119
mle01,pre,20181112,5,25,1,1,1,0.487369013379539,0.373406198671841,1.10505220073453,0.607200991172249
mle01,pre,20181112,5,26,1,1,1,0.850909914978365,0.715782745528727,0.605978516559137,0.434803863590468
mle01,pre,20181112,5,27,1,1,1,0.627649352210535,0.858504264523599,0.630258135875138,0.588860802732438
mle01,pre,20181112,5,28,2,1,1,0.581383718389372,0.567171569423764,0.529518307414087,0.466571869138616
mle01,pre,20181112,5,29,1,1,1,0.420380283390691,0.377720788821764,0.617177550235089,0.452107152541063
mle01,pre,20181112,5,30,2,1,1,0.493170330034831,0.432208962857137,0.47172805870592,0.459912357703979
mle01,pre,20181112,5,31,1,1,1,0.781234936786023,0.153943207040886,0.853423119467771,0.302832465678675
mle01,pre,20181112,5,32,1,1,1,0.840898460901339,0.490064528126611,0.866642598018557,0.596070101717763
mle01,pre,20181112,5,33,1,1,1,0.230955908205235,0.453574437811358,0.536211256231926,0.396891343208783
mle01,pre,20181112,5,34,1,1,1,0.925859772742051,0.144366792466953,0.646796680845288,0.411353338024955
mle01,pre,20181112,5,35,2,1,1,0.526748072777034,0.428373606659335,0.53929513108929,0.542169889363198
mle01,pre,20181112,5,36,2,1,1,0.865488914065509,0.568558414724605,0.898134176916901,0.524590277710594
mle01,pre,20181112,5,37,1,1,1,0.221210203454198,0.43288224977759,0.6221231247493,0.553073554785468
mle01,pre,20181112,5,38,2,1,1,0.570578200285172,0.227475339871698,0.451431244866239,0.400098630449375
mle01,pre,20181112,5,39,2,1,1,0.852508980685796,0.14774321491258,0.855075532673927,0.340646414792976
mle01,pre,20181112,5,40,2,1,1,0.266217890531874,0.0581330133304245,0.496122690418812,0.414044115180788
mle01,pre,20181112,5,41,1,1,1,1.22307649800195,0.0374215357309753,0.590226662340173,0.418362461539563
mle01,pre,20181112,5,42,2,1,1,0.276970043429008,0.195336213953277,0.4609977573854,0.345783168842956
mle01,pre,20181112,5,43,1,1,1,0.110584370344368,0.20187136901353,0.607962096416851,0.182705176035572
mle01,pre,20181112,5,44,2,1,1,1.08211320681396,0.717752623504943,0.801180930351643,0.59493754056707
mle01,pre,20181112,5,45,1,1,1,0.419400895649458,0.323211858585395,0.702483513677929,0.397135616835322
mle01,pre,20181112,5,46,1,1,1,0.650824343171335,0.420071401426708,0.564186415782377,0.423659344331969
mle01,pre,20181112,5,47,2,1,1,0.348582660988111,0.342503896713895,0.469884138787978,0.338114492625674
mle01,pre,20181112,5,48,1,1,1,0.426749182944349,0.267535298689523,0.563341441223436,0.46180290607407
mle01,pre,20181112,5,49,2,1,1,0.13817176549704,0.997646159932432,0.480060705644256,0.551484382739222
mle01,pre,20181112,5,50,1,1,1,0.27051511325662,0.192113097576857,0.572775755629399,0.591838859544242
mle01,pre,20181112,5,51,1,1,1,0.809378894555832,0.765860590477285,0.55627892712026,0.510558549486423
mle01,pre,20181112,5,52,2,1,1,0.98711997864091,0.931788585344393,1.14345365369886,0.785465239365797
mle01,pre,20181112,5,53,1,1,1,0.759454591731784,0.538014562196907,0.737097138625616,0.467128643311047
mle01,pre,20181112,5,54,2,1,1,0.307660081562443,0.240588648587542,0.776264428877312,0.355742414605275
mle01,pre,20181112,5,55,1,1,1,0.915888029963088,0.927803720417385,0.765036761943856,0.662303608339311
mle01,pre,20181112,5,56,1,1,1,0.27848735535448,0.197347091884067,0.707196162137771,0.697862159901508
mle01,pre,20181112,5,57,1,1,1,0.568170251832916,0.232067658563829,0.55736720276821,0.372600256194498
mle01,pre,20181112,5,58,1,1,1,0.916844491401442,0.463394652955426,0.724610285549855,0.344316064426559
mle01,pre,20181112,5,59,1,1,1,1.25627137562003,0.917242342685041,0.708842548669773,0.555130965649335
mle01,pre,20181112,5,60,1,1,1,0.610168202970154,0.327339313907412,0.562643390508192,0.344386868174411
mle01,pre,20181112,5,61,2,1,1,0.154348720116576,0.227641318767342,0.496427384136425,0.539865341866027
mle01,pre,20181112,5,62,2,1,1,0.727572486852939,0.629897334315475,0.736377754250565,0.632542141935671
mle01,pre,20181112,5,63,1,1,1,0.658233414164467,0.566095893384283,0.963151904414475,0.456208331204084
mle01,pre,20181112,5,64,1,1,1,0.850799278774438,0.700811373530849,0.684681782693524,0.457015568448475
mle01,pre,20181112,5,65,1,1,1,0.630608378376673,0.569537185336376,0.841594995078864,0.618698585373562
mle01,pre,20181112,5,66,2,1,1,1.27396085058352,0.272838000477417,0.91253614809049,0.276983409787559
mle01,pre,20181112,5,67,1,1,1,0.657960590090154,0.135768022919914,0.657286952173662,0.374028613306367
mle01,pre,20181112,5,68,2,1,1,0.470797627849617,0.371331019436135,0.84778448749529,0.570333551927318
mle01,pre,20181112,5,69,2,1,1,1.63855295699835,0.293360694742075,1.41002758155529,0.480368980205101
mle01,pre,20181112,5,70,1,1,1,0.913261895775404,0.537269178472483,1.03399079744198,0.889949197233768
mle01,pre,20181112,5,71,2,1,1,0.487756183964098,0.31648316920107,0.752037071416117,0.623236736600766
mle01,pre,20181112,5,72,2,1,1,1.06481426008087,0.252585934607456,0.695039790079166,0.249752580504394
mle01,pre,20181112,5,73,1,1,1,0.583194417225283,0.265640202408962,1.04191896272478,0.538771491173097
mle01,pre,20181112,5,74,1,1,1,0.136661640848834,0.232635443271604,0.886541053993968,0.332301442692339
mle01,pre,20181112,5,75,2,1,1,0.949018017054487,0.58799418626073,0.601037251265662,0.379100056775164
mle01,pre,20181112,5,76,1,1,1,0.682408861271667,1.32913474391433,0.653692688432689,0.816738433945101
mle01,pre,20181112,5,77,1,1,1,0.166401454578163,0.276623432057854,0.83236448516235,0.295874752610706
mle01,pre,20181112,5,78,2,1,1,0.821588128672287,0.0854907863628256,0.673678609397612,0.317553939050734
mle01,pre,20181112,5,79,2,1,1,0.783999551734761,0.380421851267414,0.998762173961432,0.392544608103293
mle01,pre,20181112,5,80,1,1,1,0.509089211397273,0.314789403127018,0.456826984068906,0.539401232745567
mle01,pre,20181112,5,81,1,1,1,1.13804046399805,0.753761618608597,0.575053982060071,0.464791984421114
mle01,pre,20181112,5,82,1,1,1,0.636687225000105,0.582064479322823,0.901411769109349,0.706184919836255
mle01,pre,20181112,5,83,2,1,1,0.716071244462979,0.672666875250683,0.630819603695126,0.561012740724275
mle01,pre,20181112,5,84,1,1,1,1.04815078092467,0.682213114606908,0.823312914920062,0.324194030465596
mle01,pre,20181112,5,85,1,1,1,0.40981238086173,0.555101325993244,0.684940678160987,0.310927779453818
mle01,pre,20181112,5,86,1,1,1,1.73806192664876,0.850440152922605,0.879708805886108,0.535911099250885
mle01,pre,20181112,5,87,1,1,1,0.461779335487718,0.327843263419678,0.594010630420287,0.251370398807827
mle01,pre,20181112,5,88,2,1,1,0.730754157720526,0.525420155542051,0.416286633701459,0.285680451417507
mle01,pre,20181112,5,89,1,1,1,1.2184031522784,0.703369553979685,0.896079290320157,0.677404755999648
mle01,pre,20181112,5,90,1,1,1,0.760704018373736,0.504481145024809,0.762800268882896,0.304107429919748
mle01,pre,20181112,5,91,2,1,1,0.933327258930571,0.427599002062193,0.775714337072403,0.546494464749962
mle01,pre,20181112,5,92,1,1,1,0.349206464560791,0.290316928988615,0.580256762412633,0.426756703720322
mle01,pre,20181112,5,93,1,1,1,1.05155191168258,0.948133014999105,1.1900479940164,0.995034339071678
mle01,pre,20181112,5,94,1,1,1,0.243631273247212,0.195308496104084,0.41416633344859,0.287297321006787
mle01,pre,20181112,5,95,2,1,1,0.420749534329495,0.76330894258315,0.566619194926346,0.355601388422892
mle01,pre,20181112,5,96,2,1,1,0.543602483641448,0.472589261317001,0.644122454141449,0.910372379852769
mle01,pre,20181112,5,97,2,1,1,0.629375714675902,0.65712844769392,1.68954653562543,0.86725726884879
mle01,pre,20181112,5,98,1,1,1,0.972889337292095,0.701452912928609,0.902318483859809,0.662003080290362
mle01,pre,20181112,5,99,1,1,1,0.536296595049574,0.310162056640002,0.876715663189763,0.461318687191613
mle01,pre,20181112,5,100,NaN,0,0,NaN,NaN,NaN,NaN
mle01,post,20181112,1,1,1,1,1,0.333326117312718,0.323035395410196,0.625433825359125,0.163884678462156
mle01,post,20181112,1,2,1,1,1,0.250279609294994,0.364434016628885,0.281755747043894,0.291928126109994
mle01,post,20181112,1,3,1,1,1,1.77210528258898,1.34714954534288,1.16841902656201,0.946681456889791
mle01,post,20181112,1,4,1,1,1,0.243297669919556,0.371892472903891,0.493457803048533,0.402573631412872
mle01,post,20181112,1,5,2,1,1,0.176520491043726,0.133934113469681,0.323017804476614,0.353773706022635
mle01,post,20181112,1,6,1,1,1,0.080772356578791,0.339074164073535,0.40679414453169,0.255379753844167
mle01,post,20181112,1,7,2,1,1,0.544453858855965,0.0766491826197377,0.463613774021473,0.280605886859537
mle01,post,20181112,1,8,1,1,1,0.236110259854678,0.291028505762135,0.314751694517125,0.344358558937945
mle01,post,20181112,1,9,2,1,1,0.419974387408155,0.438515198491178,0.333102745570153,0.315446717054986
mle01,post,20181112,1,10,1,1,1,0.315434419637143,0.35148631352522,0.568450645025694,0.434987172889477
mle01,post,20181112,1,11,2,1,1,0.293256560819314,0.506777009951174,0.556672968138783,0.499462536276227
mle01,post,20181112,1,12,1,1,1,0.351971391186302,0.300613795250601,0.376915958560501,0.39582271744793
mle01,post,20181112,1,13,1,1,1,0.355178862296132,0.09814856334463,0.289134073588475,0.249250160062379
mle01,post,20181112,1,14,2,1,1,0.645466195457719,0.397832091731118,0.645185927207289,0.383044126593409
mle01,post,20181112,1,15,2,1,1,0.157066418162878,0.599714378658218,0.676148836771787,0.538333345395838
mle01,post,20181112,1,16,1,1,1,1.13086054909181,0.305982347437716,0.881533280976355,0.299030974031812
mle01,post,20181112,1,17,2,1,1,0.395400493061152,0.440469434253973,0.460531921735805,0.353645594403865
mle01,post,20181112,1,18,1,1,1,0.317595521859732,0.547230972925328,0.400090832353257,0.318395450224022
mle01,post,20181112,1,19,1,1,1,0.39456656895018,0.154146181651877,0.485147205327816,0.432660970914772
mle01,post,20181112,1,20,1,1,1,0.427326845469372,0.398469862107662,0.345008789822077,0.373103786439997
mle01,post,20181112,1,21,1,0,0,NaN,NaN,NaN,NaN
mle01,post,20181112,1,22,1,1,1,1.44720554702373,0.321824987469464,0.558052898725444,0.197346047578549
mle01,post,20181112,1,23,2,1,1,1.23214398279896,1.3495061986209,0.98366456173389,0.912756213183916
mle01,post,20181112,1,24,2,1,1,0.314098021345941,0.376346220881284,0.432439823888683,0.419936107445371
mle01,post,20181112,1,25,1,1,1,0.455697345793483,0.440525758678663,0.512726849658152,0.475488977664959
mle01,post,20181112,1,26,1,1,1,0.50001044280633,0.126436317246589,0.462637947338876,0.160103155513059
mle01,post,20181112,1,27,1,1,1,0.306712908348379,0.449818631176042,0.760991073845568,0.467738528992512
mle01,post,20181112,1,28,1,1,1,0.396201893109868,1.12715409856214,0.410549479608285,0.737917150706777
mle01,post,20181112,1,29,1,1,1,0.52412818806053,0.150828773490704,0.562992399462171,0.257931318474432
mle01,post,20181112,1,30,2,1,1,0.358644459282377,0.155089690761574,0.395566676663261,0.419732639128428
mle01,post,20181112,1,31,1,1,1,1.64273955163073,0.406297010233563,0.776288663656092,0.345701686013281
mle01,post,20181112,1,32,1,1,1,0.595068402295063,0.296439832418531,0.396838948182376,0.401501895967884
mle01,post,20181112,1,33,2,1,1,0.432881298619688,0.218624234161072,0.48923275225181,0.272906211785407
mle01,post,20181112,1,34,1,1,1,0.874558153940719,0.814625560314711,0.523189685826303,0.345290798548017
mle01,post,20181112,1,35,1,1,1,1.36208472483475,0.73858470269599,0.783688423616323,0.487652920969151
mle01,post,20181112,1,36,1,1,1,0.167192069051891,0.283152860129398,0.423562125794854,0.290462850271338
mle01,post,20181112,1,37,2,1,1,2.51538847578942,0.470503893484423,1.17230451002663,0.3987250133254
mle01,post,20181112,1,38,1,1,1,0.610578558253642,0.512385627566269,0.411129576913494,0.237830720337688
mle01,post,20181112,1,39,2,1,1,0.225071691496831,0.404182154305901,0.575868446581361,0.48034821786642
mle01,post,20181112,1,40,1,1,1,0.374725441541392,0.560698149648799,0.386726354570149,0.238403435795984
mle01,post,20181112,1,41,1,1,1,0.147642817749754,0.241236521570039,0.60967664709223,0.582498773148454
mle01,post,20181112,1,42,1,1,1,0.492843834678285,0.437504140721364,0.509294280928354,0.482242623246558
mle01,post,20181112,1,43,2,1,1,1.01913192584223,0.35021584710839,0.477729098434515,0.213595120331188
mle01,post,20181112,1,44,1,1,1,0.793535245681342,0.440753734773467,0.626518809673482,0.35988147475615
mle01,post,20181112,1,45,1,1,1,0.615389134147455,0.373792029127102,0.469451454997549,0.328390876666331
mle01,post,20181112,1,46,1,1,1,0.570674459024874,0.257293801780961,0.602424223426797,0.350007611345882
mle01,post,20181112,1,47,2,1,1,0.529693500516185,0.331236462285748,1.07074904133224,0.321922759508697
mle01,post,20181112,1,48,1,1,1,0.83048841907442,0.556529117738582,0.439552811536556,0.260163161764576
mle01,post,20181112,1,49,1,1,1,0.923545708970398,0.785946737543359,0.686296240269859,0.573848426127479
mle01,post,20181112,1,50,2,1,1,0.181234128122655,0.182774002662067,0.311560166683295,0.233621800221068
mle01,post,20181112,1,51,1,1,1,0.453284719215585,0.313164234019843,0.461822776432359,0.306981624720064
mle01,post,20181112,1,52,2,1,1,1.22930553419076,1.13984759751081,0.62583805056994,0.589705247159507
mle01,post,20181112,1,53,1,1,1,0.61253152887685,0.114968609928431,0.460741767404501,0.318187038481256
mle01,post,20181112,1,54,2,1,1,0.670736839658929,0.66493970831544,0.576010705545716,0.563127600831265
mle01,post,20181112,1,55,1,1,1,0.795561357659246,0.715902057729247,0.569611652081135,0.312807345963462
mle01,post,20181112,1,56,2,1,1,0.525591108128179,0.188860794290168,0.560460233875464,0.302950235487146
mle01,post,20181112,1,57,1,1,1,1.66196219253101,0.411029046330986,0.61455162393383,0.207425997392375
mle01,post,20181112,1,58,1,1,1,0.571395898839124,0.565401401703205,0.441245958492522,0.509370982428054
mle01,post,20181112,1,59,1,1,1,1.00563385794565,0.903542752659124,0.615359203148611,0.575448410126477
mle01,post,20181112,1,60,1,1,1,0.448145323700036,0.217789955425264,0.450426526409727,0.22771520632724
mle01,post,20181112,1,61,2,1,1,0.291923996844409,0.252299473199887,0.427908868560587,0.265754089340407
mle01,post,20181112,1,62,2,1,1,0.704068386128384,0.46338890685765,0.800092594341938,0.615647021771892
mle01,post,20181112,1,63,2,1,1,0.176987496260312,0.215466388052322,0.529536182131669,0.491726928924533
mle01,post,20181112,1,64,2,1,1,0.603397814341007,0.190792952600505,0.640831734932293,0.393909294012688
mle01,post,20181112,1,65,2,1,1,0.62350126772652,0.301924025244564,0.339427817143738,0.250823917187591
mle01,post,20181112,1,66,1,1,1,0.292050839239863,0.284818609372914,0.347508947998845,0.313048394785286
mle01,post,20181112,1,67,1,1,1,0.516921908326964,0.220427223249807,0.571355121586536,0.332142675413895
mle01,post,20181112,1,68,1,1,1,0.277592349075983,0.530673473522351,0.750096067314617,0.266698976436434
mle01,post,20181112,1,69,1,1,1,0.385428419919051,0.794548075492676,0.660470214425275,0.440926427963518
mle01,post,20181112,1,70,1,1,1,0.17751034485902,0.20270417969421,0.378214052172309,0.394671014348916
mle01,post,20181112,1,71,2,1,1,0.25858518221974,0.616530967897924,0.540242635543869,0.421018910097753
mle01,post,20181112,1,72,2,1,1,0.537469518606105,0.332044531343898,0.497417653119022,0.403546768071599
mle01,post,20181112,1,73,1,1,1,0.650723376677597,0.831253918302671,0.48149608941762,0.363863679415294
mle01,post,20181112,1,74,1,1,1,0.431678211670409,0.751757517570949,0.583200997762476,0.551033085915722
mle01,post,20181112,1,75,2,1,1,0.93042988196342,0.177426211924422,0.591859903336102,0.222174447403615
mle01,post,20181112,1,76,1,1,1,0.352505987795347,0.298276881396244,0.433017865678281,0.343727787853439
mle01,post,20181112,1,77,2,1,1,0.141318587796404,0.162313261468657,0.439005453850767,0.227622412129421
mle01,post,20181112,1,78,1,1,1,0.156632187569333,0.233110005368329,0.436396305129629,0.228118705787266
mle01,post,20181112,1,79,1,1,1,0.945081078451804,0.755426349235004,0.806472302904478,0.37453154039243
mle01,post,20181112,1,80,1,1,1,0.449718998501343,0.160160623129948,0.61281785804705,0.129242280766463
mle01,post,20181112,1,81,1,1,1,0.236332012329572,0.412246338801477,0.369352855122013,0.281138574554388
mle01,post,20181112,1,82,2,1,1,0.38237645569823,0.272445805324061,0.348364469446213,0.252558167323517
mle01,post,20181112,1,83,1,1,1,0.174912313491564,0.455863183494719,0.338618509971193,0.245268458290309
mle01,post,20181112,1,84,1,1,1,0.298761225324051,0.206060796876007,0.308551066593563,0.257482410609949
mle01,post,20181112,1,85,2,1,1,0.465815225348891,0.174465105847914,0.590763634820044,0.234439891583105
mle01,post,20181112,1,86,2,1,1,0.641450439241094,0.251605879004852,0.55128284005955,0.209631871169685
mle01,post,20181112,1,87,1,1,1,0.585522391497596,0.136470128791688,0.634217445150181,0.230848698585309
mle01,post,20181112,1,88,1,1,1,0.770097178971561,0.791832655258386,0.589041483871232,0.441609614207268
mle01,post,20181112,1,89,2,1,1,0.903271016860915,0.765602120795689,0.521527196959347,0.423538942799714
mle01,post,20181112,1,90,1,1,1,0.618279963523462,0.621225633199426,0.306328344246357,0.233708212180085
mle01,post,20181112,1,91,1,1,1,0.555865738485696,0.560960375441622,0.522608668459867,0.530858089491383
mle01,post,20181112,1,92,2,1,1,0.906438237444614,0.601949822770703,0.43700031338879,0.394343572669776
mle01,post,20181112,1,93,1,1,1,2.1045362452309,1.19621141880647,1.57778328651755,0.486129050191628
mle01,post,20181112,1,94,1,1,1,0.425415062775947,0.276465098405431,0.987972129345686,0.585725192683728
mle01,post,20181112,1,95,2,1,1,0.592906738060242,0.556597740519657,0.982420884128196,0.389194546846082
mle01,post,20181112,1,96,1,1,1,0.427954063949411,0.63547977398787,0.450276874048771,0.427117069976306
mle01,post,20181112,1,97,1,1,1,0.60778016569731,0.518409897967809,0.47609742097094,0.303380209148938
mle01,post,20181112,1,98,1,1,1,1.02227001941934,0.32743984769234,0.544523896107188,0.323337722522965
mle01,post,20181112,1,99,1,1,1,0.475014260895629,0.316049577890816,0.594502722552481,0.278441102447006
mle01,post,20181112,1,100,NaN,0,0,NaN,NaN,NaN,NaN
mle01,post,20181112,2,1,1,1,1,0.286697590707954,0.129133165396512,0.425596005164093,0.284089748944483
mle01,post,20181112,2,2,1,1,1,0.361183336739421,0.407564573132783,0.343756711157191,0.27319843780376
mle01,post,20181112,2,3,1,1,1,1.09518745840846,1.34461470917195,0.520514995887848,0.525532885406352
mle01,post,20181112,2,4,2,1,1,0.432886783511357,0.257978546265386,0.476034360902048,0.433938096589996
mle01,post,20181112,2,5,2,1,1,1.37977953480297,0.51818802147627,0.866973097121311,0.452320814047269
mle01,post,20181112,2,6,1,1,1,1.32801520240839,0.707605465727013,0.776105584290457,0.762951543656591
mle01,post,20181112,2,7,2,1,1,0.319426503633218,0.313135461850431,0.319599389712172,0.242884415986537
mle01,post,20181112,2,8,1,1,1,0.322552063266087,0.312901864654787,0.477021041999183,0.511079938659642
mle01,post,20181112,2,9,2,1,1,0.672463387863142,0.628088600381334,0.305659462080128,0.32105818294566
mle01,post,20181112,2,10,2,1,1,1.72182615318459,0.352014017560634,0.817096837262214,0.377547607783342
mle01,post,20181112,2,11,2,1,1,0.12090203403755,0.426922814339894,0.245227020771901,0.376066224929251
mle01,post,20181112,2,12,2,1,1,2.23456043869097,1.99474729817179,1.11153136805314,1.16867724521673
mle01,post,20181112,2,13,1,1,1,0.535611734408883,0.38836735823558,0.629591728790704,0.338625684825613
mle01,post,20181112,2,14,1,1,1,0.944901344291741,0.882992198037362,0.864610099889304,0.757700068059429
mle01,post,20181112,2,15,1,1,1,0.167325349688679,0.477778024071404,0.584633343471451,0.547721675469993
mle01,post,20181112,2,16,1,1,1,0.905285312784676,0.834438131981299,0.598829587713849,0.623961083849053
mle01,post,20181112,2,17,1,1,1,0.566800550875241,0.772783291027112,0.286997188832405,0.39971175116186
mle01,post,20181112,2,18,1,1,1,0.446670692910191,0.317556466449184,0.655222962635064,0.315749747751574
mle01,post,20181112,2,19,2,1,1,0.238619497188202,0.168091198430756,0.667549547146299,0.330203457410999
mle01,post,20181112,2,20,1,1,1,0.211630786801233,0.118871992606358,0.520261543305557,0.443371718299794
mle01,post,20181112,2,21,1,1,1,0.369486351731634,0.568958238206915,0.332200863677453,0.330529192018908
mle01,post,20181112,2,22,2,1,1,0.546999764862598,0.210986592371322,0.766686155353783,0.298448929880083
mle01,post,20181112,2,23,2,1,1,0.89811801513483,0.427125716719907,0.855414341260321,0.50154951430157
mle01,post,20181112,2,24,2,1,1,0.159304586699738,0.351417544030376,0.838165536436995,0.533657017490323
mle01,post,20181112,2,25,1,1,1,0.50124220618657,0.28028480962681,0.638134513928696,0.339834345257542
mle01,post,20181112,2,26,2,1,1,0.788674897147753,0.559424570941955,0.466617956298903,0.427922992240587
mle01,post,20181112,2,27,2,1,1,0.362646442004493,0.619095224651646,0.579630517708131,0.422186835736098
mle01,post,20181112,2,28,1,1,1,0.265979669984345,0.182494124057915,0.398867850442069,0.358998396623276
mle01,post,20181112,2,29,1,1,1,0.468130218911726,0.0503605051670427,0.41860657053993,0.100031838945705
mle01,post,20181112,2,30,1,1,1,0.470892126924185,0.957040932681761,0.462618021929655,0.754417107422944
mle01,post,20181112,2,31,1,1,1,1.56983311527605,0.817258592530287,1.02603721136074,0.436810486349635
mle01,post,20181112,2,32,1,1,1,0.505310021809331,0.432217063548489,0.463872869223236,0.372057698898935
mle01,post,20181112,2,33,1,1,1,0.516181064027259,0.790882436005343,0.604650734018025,0.513330534459032
mle01,post,20181112,2,34,2,1,1,1.96801671221218,1.08684453045894,1.24155664688967,0.712441568798073
mle01,post,20181112,2,35,2,1,1,0.678039445442668,0.6775703258446,0.601139118140178,0.620608619037104
mle01,post,20181112,2,36,2,1,1,0.298045314010897,0.291918157730486,0.63086579249081,0.203289652235142
mle01,post,20181112,2,37,1,1,1,1.35220416407115,1.19467618284278,0.646343954390049,0.52196863302516
mle01,post,20181112,2,38,1,1,1,0.480585503948797,0.215759126716898,0.659067293735166,0.50099283514806
mle01,post,20181112,2,39,1,1,1,0.811402868239159,0.684563754063936,0.671692360906403,0.658183426002095
mle01,post,20181112,2,40,2,1,1,0.619182002429314,0.669323348780187,0.53629947651846,0.428113199317026
mle01,post,20181112,2,41,1,1,1,1.80923597542878,1.52667917906257,1.05906906262941,0.85724274488643
mle01,post,20181112,2,42,1,1,1,0.271286049160105,0.474751813661538,0.624068454610437,0.407537863017279
mle01,post,20181112,2,43,2,1,1,0.374058781937266,0.247323285499812,0.758990456473212,0.347433293293882
mle01,post,20181112,2,44,2,1,1,0.437628936572411,0.664425684396175,0.422913087182758,0.440599018037144
mle01,post,20181112,2,45,1,1,1,1.04920500370339,0.683000084462131,0.855609643985188,0.524379086338326
mle01,post,20181112,2,46,2,1,1,1.30265377357462,1.03663827446406,0.488498860189071,0.3896068970066
mle01,post,20181112,2,47,1,1,1,0.33977223012378,0.521228045931418,0.476872829558879,0.394501824560558
mle01,post,20181112,2,48,2,1,1,0.759049766655487,0.344222526699225,0.582454377008011,0.426647867000649
mle01,post,20181112,2,49,1,1,1,0.60241881851101,0.240546583162937,0.361438160265716,0.199712643851709
mle01,post,20181112,2,50,2,1,1,1.14337978109093,1.18696450776249,0.597738744829987,0.693773961898451
mle01,post,20181112,2,51,1,1,1,1.23347947155265,0.617019839244517,1.11558590344481,0.450304320777678
mle01,post,20181112,2,52,1,1,1,0.441900999720252,0.417923075761233,0.741987639625406,0.393461540626677
mle01,post,20181112,2,53,2,1,1,0.734122780236105,0.634228886951686,0.537086220312486,0.502826180696621
mle01,post,20181112,2,54,1,1,1,0.206045128686569,0.145303540850194,0.462209292881165,0.546992850847425
mle01,post,20181112,2,55,1,1,1,0.650322330172505,0.279876586581954,0.701290388824731,0.34086592743276
mle01,post,20181112,2,56,2,1,1,0.465910711054467,0.13756790673045,0.457102799782514,0.368352918328393
mle01,post,20181112,2,57,1,1,1,0.798860897420809,0.350081225100549,0.966574717191748,1.19442650564292
mle01,post,20181112,2,58,2,1,1,0.995943201175423,0.731604136674285,0.520046837913762,0.896523879081322
mle01,post,20181112,2,59,2,1,1,0.296616334869078,0.588158059933104,0.309493929286706,0.45072263171731
mle01,post,20181112,2,60,1,1,1,0.288328081196293,0.43121166771495,0.290696888517546,0.28109123068213
mle01,post,20181112,2,61,2,1,1,0.170277183316805,0.557447354365219,0.225650345925329,0.364828801033009
mle01,post,20181112,2,62,1,1,1,0.330288375387992,0.363490661658566,0.507792262958634,0.555361283878909
mle01,post,20181112,2,63,1,1,1,0.645412618750588,0.213374050041638,0.626813895643819,0.314938463581944
mle01,post,20181112,2,64,1,1,1,1.49297451873459,0.346854901173726,0.753236507846524,0.257112954946033
mle01,post,20181112,2,65,1,1,1,0.341720005358249,0.421262612381915,0.412823337966622,0.427011989852969
mle01,post,20181112,2,66,2,1,1,0.711022984012195,0.592094666991793,0.30858218862665,0.395995880870693
mle01,post,20181112,2,67,1,1,1,1.22932709392057,1.05487931481468,0.750033103345515,0.612525302863107
mle01,post,20181112,2,68,2,1,1,0.493056018620496,0.470699368231271,0.373185433309648,0.339204429121861
mle01,post,20181112,2,69,1,1,1,0.619093930990818,0.0859061245298687,0.528456410671659,0.386260557350801
mle01,post,20181112,2,70,1,1,1,0.606150538973437,0.129436676355646,0.539751501606026,0.336893701566001
mle01,post,20181112,2,71,1,1,1,0.808278666645418,0.588374538957974,0.527244921503147,0.394335136888871
mle01,post,20181112,2,72,2,1,1,0.659930546944036,0.154872587987986,0.5040355372024,0.114859566923709
mle01,post,20181112,2,73,1,1,1,0.869579694683488,0.228406952750575,0.885397131290198,0.550156409361082
mle01,post,20181112,2,74,1,1,1,1.5331402732207,1.40354481781196,0.76372401707897,0.897072439755558
mle01,post,20181112,2,75,2,1,1,0.349362723471955,0.121037890096754,0.393800163849369,0.363329698871922
mle01,post,20181112,2,76,1,1,1,0.861776632614632,0.120534717360815,0.759957781064659,0.478094188565333
mle01,post,20181112,2,77,1,1,1,0.421771734164556,0.309700763476051,0.503805887045248,0.33532122235969
mle01,post,20181112,2,78,2,1,1,0.311593143118477,0.362299701812038,0.437885498724882,0.35584354011484
mle01,post,20181112,2,79,1,1,1,1.21788273181331,0.393883951426456,0.697607133140177,0.410376127182999
mle01,post,20181112,2,80,1,1,1,0.674715792931753,0.541107178256661,0.676726927370208,0.581895439136006
mle01,post,20181112,2,81,1,1,1,1.64181066540539,1.53006674154758,1.10748775032657,0.86114239597699
mle01,post,20181112,2,82,2,1,1,1.06569634482002,1.29812092753163,0.671745665090751,0.731129298845405
mle01,post,20181112,2,83,1,1,1,0.430753499845399,0.243807195861681,0.493202835399691,0.369578993983699
mle01,post,20181112,2,84,1,1,1,0.173328010015785,0.622445986182706,0.459544729153905,0.576637790890959
mle01,post,20181112,2,85,1,1,1,0.580497514394972,0.660175673430453,0.86171053726019,0.7876594331952
mle01,post,20181112,2,86,1,1,1,0.238091347993342,0.285899092307508,0.367816439591544,0.39485436143006
mle01,post,20181112,2,87,1,1,1,1.55777260883072,0.93140460175501,0.901770779103303,0.495357550324366
mle01,post,20181112,2,88,1,1,1,1.49984623833958,0.755180964973174,0.84476549900488,0.549417751417711
mle01,post,20181112,2,89,1,1,1,0.243106767898944,0.459541218129681,0.438580007010446,0.612856881468339
mle01,post,20181112,2,90,1,1,1,1.47397044554698,0.499917007997592,0.853945824739986,0.499431331728837
mle01,post,20181112,2,91,1,1,1,0.936816305784331,0.428268468944687,0.670111230967187,0.292489261584139
mle01,post,20181112,2,92,1,1,1,0.553633239904635,0.554570068337954,0.588301415819353,0.268492595889662
mle01,post,20181112,2,93,1,1,1,0.636320664726867,0.263089599990069,0.887336225362851,0.423681535655973
mle01,post,20181112,2,94,2,0,0,NaN,NaN,NaN,NaN
mle01,post,20181112,2,95,1,0,0,NaN,NaN,NaN,NaN
mle01,post,20181112,2,96,1,1,1,0.942699213806501,0.379774356211987,1.04431959129661,0.466458328142761
mle01,post,20181112,2,97,1,1,1,1.47975200562199,0.984636096828305,0.838593714020297,0.44957936341657
mle01,post,20181112,2,98,1,1,1,0.421392420998923,0.564679583211684,0.417446312210063,0.439093901135849
mle01,post,20181112,2,99,1,1,1,0.514738654800081,0.840233223089585,0.515488122134346,0.428206611916552
mle01,post,20181112,2,100,NaN,0,0,NaN,NaN,NaN,NaN
mle01,post,20181112,3,1,1,1,1,0.168936776834878,0.148118181701534,0.25456893082226,0.28198027602693
mle01,post,20181112,3,2,1,1,1,0.323038042122623,0.527712959495235,0.309411607131565,0.310949042070757
mle01,post,20181112,3,3,1,1,1,0.287896585927243,0.245726313440064,0.731730998434978,0.709446402182783
mle01,post,20181112,3,4,1,0,0,NaN,NaN,NaN,NaN
mle01,post,20181112,3,5,1,0,0,NaN,NaN,NaN,NaN
mle01,post,20181112,3,6,1,0,0,NaN,NaN,NaN,NaN
mle01,post,20181112,3,7,2,0,0,NaN,NaN,NaN,NaN
mle01,post,20181112,3,8,2,0,0,NaN,NaN,NaN,NaN
mle01,post,20181112,3,9,1,1,1,0.133531888962677,0.0772317457759781,0.270230398503813,0.210983837634555
mle01,post,20181112,3,10,2,1,1,0.0610811488293326,0.0635413343487459,0.364529887364815,0.187723695322511
mle01,post,20181112,3,11,2,0,0,NaN,NaN,NaN,NaN
mle01,post,20181112,3,12,1,0,0,NaN,NaN,NaN,NaN
mle01,post,20181112,3,13,1,0,0,NaN,NaN,NaN,NaN
mle01,post,20181112,3,14,1,1,1,1.75058424505609,0.0297637107413768,0.889403823502575,0.174536317130784
mle01,post,20181112,3,15,1,1,1,0.404121903875342,0.31921370745301,0.394907340827379,0.219230345831514
mle01,post,20181112,3,16,1,1,1,0.842986822495799,1.61742597988499,1.11035743584968,0.823639138617976
mle01,post,20181112,3,17,1,1,1,2.04749081437205,0.739329843257714,0.923364960975362,0.362873793250035
mle01,post,20181112,3,18,2,1,1,0.146245669439262,0.220955324620384,0.375941732731162,0.201713706629665
mle01,post,20181112,3,19,1,1,1,0.664668742208372,0.333946965384442,0.537825718390243,0.331430445995543
mle01,post,20181112,3,20,1,1,1,0.795600327271965,0.561643211822755,0.393217228302941,0.417554195898478
mle01,post,20181112,3,21,2,0,0,NaN,NaN,NaN,NaN
mle01,post,20181112,3,22,2,0,0,NaN,NaN,NaN,NaN
mle01,post,20181112,3,23,1,1,1,0.295329367920178,0.147155968833834,0.503442330123523,0.26826310762822
mle01,post,20181112,3,24,1,1,1,0.405337507973999,0.178081131951906,0.423299278094355,0.329375083695941
mle01,post,20181112,3,25,2,0,0,NaN,NaN,NaN,NaN
mle01,post,20181112,3,26,1,0,0,NaN,NaN,NaN,NaN
mle01,post,20181112,3,27,2,1,1,0.53080430396887,0.350133440192742,0.935921394013255,0.617579442731958
mle01,post,20181112,3,28,1,1,1,0.703161451227388,0.706735476480289,0.564813472179458,0.478565287795784
mle01,post,20181112,3,29,1,1,1,0.451940955486732,0.243497689359309,0.703681514867848,0.236167912374956
mle01,post,20181112,3,30,1,0,1,NaN,0.458541079320982,NaN,0.76222217112155
mle01,post,20181112,3,31,2,0,0,NaN,NaN,NaN,NaN
mle01,post,20181112,3,32,1,1,1,0.444349427789797,0.166338343866624,0.549381289668752,0.485335311333602
mle01,post,20181112,3,33,2,0,0,NaN,NaN,NaN,NaN
mle01,post,20181112,3,34,1,0,0,NaN,NaN,NaN,NaN
mle01,post,20181112,3,35,2,1,1,0.908177940287891,0.35138288596895,0.717703575024386,0.327811656481678
mle01,post,20181112,3,36,1,1,1,0.394906889856893,0.388504872634407,0.279797069454644,0.325859602124143
mle01,post,20181112,3,37,1,1,1,0.49775598056751,0.316365706468965,0.399287886736362,0.43636312187143
mle01,post,20181112,3,38,1,1,1,0.574739595615693,0.393439443719965,0.885723882048324,0.656806887517881
mle01,post,20181112,3,39,1,1,1,0.608561288059095,0.504268083856844,0.525602572880322,0.554859606574254
mle01,post,20181112,3,40,1,1,1,0.356806051590744,0.380450357088876,0.580100797826512,0.638183414926313
mle01,post,20181112,3,41,1,1,1,0.970640919717836,0.110932957965164,0.583267271119469,0.199974931976555
mle01,post,20181112,3,42,1,1,1,0.90536856756434,0.688279207061233,0.678998691408356,0.442311866399024
mle01,post,20181112,3,43,1,1,1,0.331426897085647,0.70838023169758,0.391997518520221,0.530618014351627
mle01,post,20181112,3,44,1,1,1,0.209704167529301,0.176126175246902,0.787252062365083,0.310957880945252
mle01,post,20181112,3,45,1,1,1,0.600487662300979,0.158763487431953,0.655220340466941,0.289401300632439
mle01,post,20181112,3,46,1,1,1,0.665462584109211,0.19851228747473,0.818372736568476,0.504534856228087
mle01,post,20181112,3,47,1,1,1,0.360707826390048,0.252812598349395,0.382145306950161,0.380599562745194
mle01,post,20181112,3,48,2,1,1,0.504596183194945,0.218660634164699,0.501961640309869,0.431246139023537
mle01,post,20181112,3,49,1,1,1,0.396781505111886,0.225881442737404,0.743119650771714,0.473673046313517
mle01,post,20181112,3,50,1,1,1,0.675448253816216,0.600603410016901,0.754402158253237,0.624174048910684
mle01,post,20181112,3,51,1,1,1,0.466572518686814,0.44789100245026,0.423991730969861,0.44343887393836
mle01,post,20181112,3,52,2,1,1,0.677672104209182,0.204477071873129,0.394945166335956,0.166474600224653
mle01,post,20181112,3,53,2,1,1,0.612513893850426,0.54847926792977,0.403360471801197,0.371904015608681
mle01,post,20181112,3,54,2,1,1,1.42411457059324,0.738746719831992,0.854451476429182,0.558286953183635
mle01,post,20181112,3,55,1,0,0,NaN,NaN,NaN,NaN
mle01,post,20181112,3,56,2,0,0,NaN,NaN,NaN,NaN
mle01,post,20181112,3,57,1,1,1,0.381824476358349,0.336869079837637,0.739584547741937,0.365118847373296
mle01,post,20181112,3,58,1,0,0,NaN,NaN,NaN,NaN
mle01,post,20181112,3,59,1,0,0,NaN,NaN,NaN,NaN
mle01,post,20181112,3,60,2,0,0,NaN,NaN,NaN,NaN
mle01,post,20181112,3,61,1,0,0,NaN,NaN,NaN,NaN
mle01,post,20181112,3,62,1,0,0,NaN,NaN,NaN,NaN
mle01,post,20181112,3,63,2,0,0,NaN,NaN,NaN,NaN
mle01,post,20181112,3,64,1,0,0,NaN,NaN,NaN,NaN
mle01,post,20181112,3,65,2,0,0,NaN,NaN,NaN,NaN
mle01,post,20181112,3,66,1,1,1,0.293056588961951,0.301571834779821,0.372537608097402,0.199881847573922
mle01,post,20181112,3,67,2,1,1,0.364466136118035,0.129977565024218,0.636117447370519,0.390959843439397
mle01,post,20181112,3,68,2,0,0,NaN,NaN,NaN,NaN
mle01,post,20181112,3,69,2,0,0,NaN,NaN,NaN,NaN
mle01,post,20181112,3,70,1,0,0,NaN,NaN,NaN,NaN
mle01,post,20181112,3,71,1,1,1,0.522593889462784,0.113062795368478,0.726910630217503,0.301686328655213
mle01,post,20181112,3,72,1,0,0,NaN,NaN,NaN,NaN
mle01,post,20181112,3,73,1,0,0,NaN,NaN,NaN,NaN
mle01,post,20181112,3,74,1,1,1,0.755482096849928,0.438252250641955,0.591617089224105,0.495012496416437
mle01,post,20181112,3,75,1,0,0,NaN,NaN,NaN,NaN
mle01,post,20181112,3,76,1,0,0,NaN,NaN,NaN,NaN
mle01,post,20181112,3,77,2,0,0,NaN,NaN,NaN,NaN
mle01,post,20181112,3,78,1,0,0,NaN,NaN,NaN,NaN
mle01,post,20181112,3,79,2,1,1,0.481250790034264,0.431487768029607,0.409928135225399,0.308876945500926
mle01,post,20181112,3,80,2,1,1,1.97411562631725,0.406124994136887,1.16953693893054,0.45202999785917
mle01,post,20181112,3,81,2,1,1,0.489874270498247,0.171952839244854,0.995588405742407,0.576979443405207
mle01,post,20181112,3,82,1,1,1,1.05891260379908,0.24327647604423,1.5634658595197,0.287147355133547
mle01,post,20181112,3,83,2,1,1,0.312559828497562,0.215587998615198,0.399656999405257,0.230133410940394
mle01,post,20181112,3,84,1,1,1,0.429830536593459,0.227295206056118,0.367495034998578,0.235687549312126
mle01,post,20181112,3,85,2,1,1,0.457579918064212,0.328712470561167,0.485796921098769,0.22776187043643
mle01,post,20181112,3,86,1,1,1,0.952487931661439,0.681440985887142,0.565940563414592,0.551416129103438
mle01,post,20181112,3,87,2,1,1,1.56048925883224,0.869241809877536,0.607781154395076,0.558756744370515
mle01,post,20181112,3,88,1,1,1,0.395371675253692,0.133304542177863,0.717210205459987,0.479687093039908
mle01,post,20181112,3,89,2,1,1,0.220117331470529,0.321411244336069,0.614799390683465,0.515720640672366
mle01,post,20181112,3,90,1,1,1,0.338037207388702,0.100429352916468,1.09794991101038,0.775922722502425
mle01,post,20181112,3,91,1,1,1,0.690659710998201,0.0508791894654195,0.887242677169792,0.446665847733359
mle01,post,20181112,3,92,1,1,1,0.751388233596187,0.483776879633671,0.424261084953471,0.238410980375882
mle01,post,20181112,3,93,2,1,1,0.492880997374522,0.741188992558678,0.673276490618077,0.52742343877721
mle01,post,20181112,3,94,2,1,1,0.27716644649335,0.326383859900931,0.535006684322432,0.480789868095546
mle01,post,20181112,3,95,1,1,1,0.803830743354119,0.563201260389288,1.21531350543074,0.654535206677779
mle01,post,20181112,3,96,1,1,1,0.371950990148354,0.173348116441817,0.459986979199783,0.496733437038984
mle01,post,20181112,3,97,1,1,1,0.512651378537999,0.435525344457456,0.38278417738493,0.432223945871126
mle01,post,20181112,3,98,2,1,1,0.672250249965263,0.247631455420504,0.392114420454777,0.267811398032145
mle01,post,20181112,3,99,1,1,1,1.57131364612485,1.12681268356925,1.2882920641742,0.792390159299171
mle01,post,20181112,3,100,NaN,0,0,NaN,NaN,NaN,NaN
mle01,post,20181112,4,1,1,1,1,0.552062299224916,0.317640042552368,0.399522336606396,0.382029920742948
mle01,post,20181112,4,2,2,1,1,0.800791492002322,0.803057241911553,1.08301711731333,0.816746887109535
mle01,post,20181112,4,3,2,1,1,1.68912033500974,0.975706337118599,0.787546827460415,0.53011045759594
mle01,post,20181112,4,4,2,1,1,0.485797448197506,0.0869794106302599,0.629600576773015,0.366552246457156
mle01,post,20181112,4,5,1,1,1,0.434119151396792,0.323241767930897,0.437409412917984,0.344035323907995
mle01,post,20181112,4,6,2,0,0,NaN,NaN,NaN,NaN
mle01,post,20181112,4,7,1,0,0,NaN,NaN,NaN,NaN
mle01,post,20181112,4,8,2,0,0,NaN,NaN,NaN,NaN
mle01,post,20181112,4,9,1,1,1,0.481084759488826,0.578590927406398,0.446051776222506,0.330843118189943
mle01,post,20181112,4,10,2,1,1,0.451645872062202,0.388142896658437,0.534805109011864,0.533495986272068
mle01,post,20181112,4,11,1,1,1,0.433526384629445,0.228033049829017,0.459934104679435,0.283165542801133
mle01,post,20181112,4,12,1,1,1,0.298282225254326,0.294812014670472,0.324896788992724,0.306788189189918
mle01,post,20181112,4,13,2,0,0,NaN,NaN,NaN,NaN
mle01,post,20181112,4,14,2,1,1,2.29690220600515,0.417943102092779,1.6342969191852,0.399940862278234
mle01,post,20181112,4,15,1,0,0,NaN,NaN,NaN,NaN
mle01,post,20181112,4,16,1,0,0,NaN,NaN,NaN,NaN
mle01,post,20181112,4,17,2,1,1,0.783094536595739,0.64304027639098,0.510645015455573,0.373973835123029
mle01,post,20181112,4,18,1,1,1,1.12742224607702,0.345200554853238,1.0360688852898,0.397264533152467
mle01,post,20181112,4,19,2,0,0,NaN,NaN,NaN,NaN
mle01,post,20181112,4,20,1,1,1,0.296852367429194,0.163204886267662,0.405184414185448,0.338112227745205
mle01,post,20181112,4,21,1,0,0,NaN,NaN,NaN,NaN
mle01,post,20181112,4,22,NaN,0,0,NaN,NaN,NaN,NaN
mle01,post,20181112,4,23,1,0,0,NaN,NaN,NaN,NaN
mle01,post,20181112,4,24,2,0,0,NaN,NaN,NaN,NaN
mle01,post,20181112,4,25,1,1,1,0.288327654704347,0.374613004286122,0.392464618483316,0.386346079497366
mle01,post,20181112,4,26,1,1,1,0.976799843220752,1.39007117586274,0.600506452178088,0.426590448821573
mle01,post,20181112,4,27,2,1,1,0.708873128209461,0.445635394820329,0.533976054876352,0.317420192359516
mle01,post,20181112,4,28,1,1,1,0.534571728319712,0.659726072415189,0.583281814476289,0.391229888230969
mle01,post,20181112,4,29,1,0,0,NaN,NaN,NaN,NaN
mle01,post,20181112,4,30,1,0,0,NaN,NaN,NaN,NaN
mle01,post,20181112,4,31,1,1,1,2.67412640621339,0.422491124912736,2.56212885788147,0.462277323284248
mle01,post,20181112,4,32,1,1,1,0.52743087148251,0.592172598443291,0.677735133103579,0.538231964968254
mle01,post,20181112,4,33,2,0,0,NaN,NaN,NaN,NaN
mle01,post,20181112,4,34,1,1,1,0.26014412458459,0.270057442474544,2.22024156522996,0.316967135565709
mle01,post,20181112,4,35,2,1,1,0.404897609753334,0.375026199362022,0.446778182063109,0.372745401062806
mle01,post,20181112,4,36,2,1,1,0.425543230061922,0.263895996917485,0.397779086608783,0.184988188802636
mle01,post,20181112,4,37,2,1,1,0.341412978175933,0.213700528705528,0.502694091868647,0.144201229331329
mle01,post,20181112,4,38,1,0,0,NaN,NaN,NaN,NaN
mle01,post,20181112,4,39,2,0,0,NaN,NaN,NaN,NaN
mle01,post,20181112,4,40,1,1,1,1.0262565061241,1.1710761363135,0.872703895717326,0.885693798680922
mle01,post,20181112,4,41,1,1,1,0.336626496080262,0.291452045797444,0.333045472040105,0.324371278006287
mle01,post,20181112,4,42,1,1,1,0.876806241298874,0.616352701149785,0.5728682785537,0.496357091680112
mle01,post,20181112,4,43,1,0,0,NaN,NaN,NaN,NaN
mle01,post,20181112,4,44,1,0,0,NaN,NaN,NaN,NaN
mle01,post,20181112,4,45,1,1,1,0.346573069148879,0.444969274513303,1.94216582535801,0.598894174785557
mle01,post,20181112,4,46,2,0,0,NaN,NaN,NaN,NaN
mle01,post,20181112,4,47,1,0,0,NaN,NaN,NaN,NaN
mle01,post,20181112,4,48,1,0,0,NaN,NaN,NaN,NaN
mle01,post,20181112,4,49,1,0,0,NaN,NaN,NaN,NaN
mle01,post,20181112,4,50,1,0,0,NaN,NaN,NaN,NaN
mle01,post,20181112,4,51,1,0,0,NaN,NaN,NaN,NaN
mle01,post,20181112,4,52,1,0,0,NaN,NaN,NaN,NaN
mle01,post,20181112,4,53,2,0,0,NaN,NaN,NaN,NaN
mle01,post,20181112,4,54,1,0,0,NaN,NaN,NaN,NaN
mle01,post,20181112,4,55,2,1,1,0.419334122867827,0.419716613569897,0.344407919347269,0.249971537218214
mle01,post,20181112,4,56,2,1,1,0.654070651816752,0.424639436679,0.475949533281703,0.312292599963575
mle01,post,20181112,4,57,1,1,1,0.514192317411109,0.375638431873015,0.657850842081797,0.444041058118477
mle01,post,20181112,4,58,1,0,1,NaN,0.138045666229613,NaN,0.272134739156679
mle01,post,20181112,4,59,1,0,1,NaN,0.230421963426087,NaN,0.445417087639958
mle01,post,20181112,4,60,1,1,1,0.51852659505896,0.424776724406309,0.540326072278974,0.295944018039385
mle01,post,20181112,4,61,1,1,1,1.14889674023103,0.941925899931581,0.617231820945796,0.478104833274513
mle01,post,20181112,4,62,2,0,0,NaN,NaN,NaN,NaN
mle01,post,20181112,4,63,1,1,1,0.83970666765998,0.50837367793641,0.662636011097524,0.583476159269114
mle01,post,20181112,4,64,2,0,0,NaN,NaN,NaN,NaN
mle01,post,20181112,4,65,1,1,1,3.05254987765575,0.667773201506,2.05727449986309,0.53248045355048
mle01,post,20181112,4,66,1,0,0,NaN,NaN,NaN,NaN
mle01,post,20181112,4,67,1,0,0,NaN,NaN,NaN,NaN
mle01,post,20181112,4,68,1,1,0,1.40857905980877,NaN,1.52260195786432,NaN
mle01,post,20181112,4,69,2,0,0,NaN,NaN,NaN,NaN
mle01,post,20181112,4,70,1,0,0,NaN,NaN,NaN,NaN
mle01,post,20181112,4,71,1,1,1,0.689107586120588,0.333037736467247,1.01841780453728,0.528456451206442
mle01,post,20181112,4,72,2,0,0,NaN,NaN,NaN,NaN
mle01,post,20181112,4,73,1,1,1,0.925590550697986,0.443590398111615,0.865050186566137,0.361209729473268
mle01,post,20181112,4,74,1,0,0,NaN,NaN,NaN,NaN
mle01,post,20181112,4,75,2,0,0,NaN,NaN,NaN,NaN
mle01,post,20181112,4,76,1,0,0,NaN,NaN,NaN,NaN
mle01,post,20181112,4,77,1,0,0,NaN,NaN,NaN,NaN
mle01,post,20181112,4,78,1,0,0,NaN,NaN,NaN,NaN
mle01,post,20181112,4,79,1,1,1,0.215191611668472,0.198412240313819,0.28742630339113,0.197746486337942
mle01,post,20181112,4,80,2,1,1,3.05723360443251,0.900728067976031,1.25715140555443,0.307603393471225
mle01,post,20181112,4,81,1,1,1,0.669400463960998,0.365420777741493,0.225016116715497,0.314799747281137
mle01,post,20181112,4,82,2,1,1,0.585332275841169,0.507876259236245,0.641467616962096,0.603444193549339
mle01,post,20181112,4,83,1,1,1,0.436485843760932,0.379303385144208,0.558265763548517,0.391717731299504
mle01,post,20181112,4,84,1,1,1,0.321960733606214,0.312990948974055,0.485672153863656,0.287935858899805
mle01,post,20181112,4,85,2,1,1,0.123538733874261,0.0878226721179224,0.546637640790749,0.191526192135302
mle01,post,20181112,4,86,1,1,1,0.960749683001986,0.572643966885712,0.52892324106076,0.326955011608356
mle01,post,20181112,4,87,1,1,1,0.323301644953382,0.233534371121172,0.562191820559078,0.198750265923797
mle01,post,20181112,4,88,2,1,1,0.90194048357014,0.149838765937153,0.665393434486814,0.196338259892537
mle01,post,20181112,4,89,1,1,1,0.201160361146955,0.129801006179935,0.484079243029196,0.206933384315592
mle01,post,20181112,4,90,1,1,1,0.604061274903253,0.616237887422008,0.406127705824674,0.415876587023593
mle01,post,20181112,4,91,1,1,1,0.309244618602537,0.372962357949329,0.397863105771442,0.417243838346133
mle01,post,20181112,4,92,2,1,1,0.282075793325631,0.338734845353187,0.287843630349546,0.238720385503412
mle01,post,20181112,4,93,1,1,1,0.0875102498801112,0.243159133539845,0.709455995670066,0.43203681580404
mle01,post,20181112,4,94,1,0,0,NaN,NaN,NaN,NaN
mle01,post,20181112,4,95,1,1,1,0.959812233241982,0.319381136029877,0.479490987232085,0.283448789770586
mle01,post,20181112,4,96,2,1,1,1.2514080724556,0.215090831477488,1.0383474620714,0.231205528442258
mle01,post,20181112,4,97,1,0,0,NaN,NaN,NaN,NaN
mle01,post,20181112,4,98,1,0,0,NaN,NaN,NaN,NaN
mle01,post,20181112,4,99,2,0,0,NaN,NaN,NaN,NaN
mle01,post,20181112,4,100,NaN,0,0,NaN,NaN,NaN,NaN
mle01,post,20181112,5,1,1,1,1,0.470094617388124,0.208140602116473,0.62940085299955,0.578960018713
mle01,post,20181112,5,2,2,0,0,NaN,NaN,NaN,NaN
mle01,post,20181112,5,3,1,0,0,NaN,NaN,NaN,NaN
mle01,post,20181112,5,4,1,1,1,0.875226327600401,0.441595425192288,0.88813450338217,0.461761857824391
mle01,post,20181112,5,5,2,1,1,0.124065499963848,0.389007773854132,0.461153710176771,0.299067153945343
mle01,post,20181112,5,6,1,1,1,1.57251844063985,0.738679538458097,1.23117544022359,0.503606361861178
mle01,post,20181112,5,7,1,1,1,1.98656465732773,0.671862209464885,1.67214630000068,0.560301714825073
mle01,post,20181112,5,8,1,1,1,0.507328586013458,0.395852097084866,0.411197667607155,0.397599429373893
mle01,post,20181112,5,9,1,1,1,1.78680056161993,0.285296152914388,1.62666162753377,0.32984396331883
mle01,post,20181112,5,10,2,0,0,NaN,NaN,NaN,NaN
mle01,post,20181112,5,11,1,0,0,NaN,NaN,NaN,NaN
mle01,post,20181112,5,12,1,1,1,0.45865687101591,0.143074385827089,0.47399668965849,0.276179318420426
mle01,post,20181112,5,13,1,0,0,NaN,NaN,NaN,NaN
mle01,post,20181112,5,14,1,0,0,NaN,NaN,NaN,NaN
mle01,post,20181112,5,15,2,0,0,NaN,NaN,NaN,NaN
mle01,post,20181112,5,16,1,1,1,0.184107955808102,0.068318409818338,0.489753124136063,0.275698587845408
mle01,post,20181112,5,17,1,0,0,NaN,NaN,NaN,NaN
mle01,post,20181112,5,18,1,0,1,NaN,1.28040901718404,NaN,0.666502351922175
mle01,post,20181112,5,19,1,0,0,NaN,NaN,NaN,NaN
mle01,post,20181112,5,20,1,0,0,NaN,NaN,NaN,NaN
mle01,post,20181112,5,21,1,0,0,NaN,NaN,NaN,NaN
mle01,post,20181112,5,22,1,0,0,NaN,NaN,NaN,NaN
mle01,post,20181112,5,23,1,0,0,NaN,NaN,NaN,NaN
mle01,post,20181112,5,24,2,0,0,NaN,NaN,NaN,NaN
mle01,post,20181112,5,25,1,0,1,NaN,0.846884539285967,NaN,0.652371375487711
mle01,post,20181112,5,26,1,0,0,NaN,NaN,NaN,NaN
mle01,post,20181112,5,27,1,0,0,NaN,NaN,NaN,NaN
mle01,post,20181112,5,28,1,0,0,NaN,NaN,NaN,NaN
mle01,post,20181112,5,29,1,0,0,NaN,NaN,NaN,NaN
mle01,post,20181112,5,30,1,0,0,NaN,NaN,NaN,NaN
mle01,post,20181112,5,31,1,0,0,NaN,NaN,NaN,NaN
mle01,post,20181112,5,32,1,0,0,NaN,NaN,NaN,NaN
mle01,post,20181112,5,33,1,0,0,NaN,NaN,NaN,NaN
mle01,post,20181112,5,34,1,0,0,NaN,NaN,NaN,NaN
mle01,post,20181112,5,35,1,1,1,2.05019213206332,0.378153742922499,1.07681589113309,0.32749227062038
mle01,post,20181112,5,36,2,0,0,NaN,NaN,NaN,NaN
mle01,post,20181112,5,37,2,0,0,NaN,NaN,NaN,NaN
mle01,post,20181112,5,38,1,0,0,NaN,NaN,NaN,NaN
mle01,post,20181112,5,39,2,0,0,NaN,NaN,NaN,NaN
mle01,post,20181112,5,40,2,0,0,NaN,NaN,NaN,NaN
mle01,post,20181112,5,41,2,0,0,NaN,NaN,NaN,NaN
mle01,post,20181112,5,42,1,0,0,NaN,NaN,NaN,NaN
mle01,post,20181112,5,43,1,1,1,0.390775712202331,0.181890755636311,0.368217779430563,0.248145635816632
mle01,post,20181112,5,44,2,1,1,0.425071686480058,0.379327128858315,0.586766060558169,0.277021226755765
mle01,post,20181112,5,45,2,1,1,0.202226865002009,0.134790040397077,0.585146527431213,0.227007268949546
mle01,post,20181112,5,46,1,0,0,NaN,NaN,NaN,NaN
mle01,post,20181112,5,47,2,0,0,NaN,NaN,NaN,NaN
mle01,post,20181112,5,48,2,0,0,NaN,NaN,NaN,NaN
mle01,post,20181112,5,49,1,0,0,NaN,NaN,NaN,NaN
mle01,post,20181112,5,50,1,0,0,NaN,NaN,NaN,NaN
mle01,post,20181112,5,51,2,0,0,NaN,NaN,NaN,NaN
mle01,post,20181112,5,52,2,0,0,NaN,NaN,NaN,NaN
mle01,post,20181112,5,53,1,1,1,0.296056161582398,0.494450880663582,0.516654856645479,0.454057165644751
mle01,post,20181112,5,54,1,1,1,1.101337327527,0.397340795393804,2.10089384022679,0.316158078020512
mle01,post,20181112,5,55,2,0,0,NaN,NaN,NaN,NaN
mle01,post,20181112,5,56,2,0,0,NaN,NaN,NaN,NaN
mle01,post,20181112,5,57,2,0,0,NaN,NaN,NaN,NaN
mle01,post,20181112,5,58,1,0,0,NaN,NaN,NaN,NaN
mle01,post,20181112,5,59,1,0,0,NaN,NaN,NaN,NaN
mle01,post,20181112,5,60,1,0,0,NaN,NaN,NaN,NaN
mle01,post,20181112,5,61,1,0,0,NaN,NaN,NaN,NaN
mle01,post,20181112,5,62,1,0,0,NaN,NaN,NaN,NaN
mle01,post,20181112,5,63,1,0,0,NaN,NaN,NaN,NaN
mle01,post,20181112,5,64,2,0,0,NaN,NaN,NaN,NaN
mle01,post,20181112,5,65,1,0,0,NaN,NaN,NaN,NaN
mle01,post,20181112,5,66,1,0,0,NaN,NaN,NaN,NaN
mle01,post,20181112,5,67,1,0,0,NaN,NaN,NaN,NaN
mle01,post,20181112,5,68,2,0,0,NaN,NaN,NaN,NaN
mle01,post,20181112,5,69,2,1,1,0.494418176020067,0.0613780131765926,0.39071859980553,0.245117493145597
mle01,post,20181112,5,70,2,1,1,1.07735594759628,1.09375603282842,0.895087178427008,0.938782754158095
mle01,post,20181112,5,71,2,1,1,0.638240106413237,1.1079262713553,0.45213536079163,0.688626359634697
mle01,post,20181112,5,72,2,1,1,0.340344554833941,0.262010889777513,0.642744206562197,0.238213197485386
mle01,post,20181112,5,73,2,1,1,0.315164024297725,0.10206564820238,0.405429051255252,0.223594152854033
mle01,post,20181112,5,74,1,1,1,0.287200463286084,0.259271791567807,0.509339250254834,0.333492710442632
mle01,post,20181112,5,75,2,1,1,0.241344241998327,0.24482315926252,0.284066237563749,0.352613880853875
mle01,post,20181112,5,76,1,0,0,NaN,NaN,NaN,NaN
mle01,post,20181112,5,77,1,1,1,1.04614212545475,0.932404695718334,0.674226985231375,0.364041057693266
mle01,post,20181112,5,78,1,0,0,NaN,NaN,NaN,NaN
mle01,post,20181112,5,79,2,1,1,2.0035532017327,0.0595677382059608,0.85751624880092,0.056264522568204
mle01,post,20181112,5,80,1,1,1,0.423052570194451,2.26787520353397,0.881016349558372,1.16655289604998
mle01,post,20181112,5,81,1,1,1,1.46894098286069,0.615681961667471,1.63301014409573,0.637866266972333
mle01,post,20181112,5,82,1,1,0,1.48060692814472,NaN,0.955943444452839,NaN
mle01,post,20181112,5,83,2,1,1,1.59314546681028,0.431713026816803,1.45539953279154,0.350778123943846
mle01,post,20181112,5,84,1,1,1,0.330455954178686,0.380455797584581,0.406639208378245,0.399405722323708
mle01,post,20181112,5,85,1,0,0,NaN,NaN,NaN,NaN
mle01,post,20181112,5,86,1,0,0,NaN,NaN,NaN,NaN
mle01,post,20181112,5,87,2,0,0,NaN,NaN,NaN,NaN
mle01,post,20181112,5,88,1,1,1,1.24589846323663,0.0608861413314107,1.07317481971708,0.210978731533566
mle01,post,20181112,5,89,2,1,1,0.100122981079041,0.130621706427544,0.471142017325716,0.451042616745975
mle01,post,20181112,5,90,2,1,1,0.209412325152353,0.313439294341611,0.355549985365091,0.190746597628329
mle01,post,20181112,5,91,1,1,1,0.202515717329728,0.555319456542795,0.250997075553448,0.318643579874654
mle01,post,20181112,5,92,1,1,1,2.10123477011947,0.638927862604946,1.02132429280849,0.492871766326863
mle01,post,20181112,5,93,1,1,1,0.312549625694063,0.573803099042572,0.343373344708067,0.429534119388127
mle01,post,20181112,5,94,1,1,1,0.417908268518377,0.37342736455891,0.359575437760484,0.347809849420558
mle01,post,20181112,5,95,2,1,1,0.539238804648477,0.181295954905776,0.679616837861158,0.212603252276813
mle01,post,20181112,5,96,2,1,1,0.538160776065945,0.591363361774329,0.54472326026591,0.414135346167384
mle01,post,20181112,5,97,1,1,1,0.54965916252833,0.777824354697706,0.363799498877247,0.498291275039324
mle01,post,20181112,5,98,1,1,1,0.856575217297028,0.105611514569777,0.681750741820482,0.293556268352871
mle01,post,20181112,5,99,1,1,1,0.431815612818903,0.335326258622298,0.590592145540993,0.288104516936736
mle01,post,20181112,5,100,NaN,0,0,NaN,NaN,NaN,NaN
mle01,retest,20181113,1,1,1,0,0,NaN,NaN,NaN,NaN
mle01,retest,20181113,1,2,1,1,1,0.567977575743473,0.596010960271622,1.11166467402949,0.655286892228838
mle01,retest,20181113,1,3,1,1,1,0.370656526167675,0.593537430389758,0.66650574031267,0.502788591348497
mle01,retest,20181113,1,4,1,0,0,NaN,NaN,NaN,NaN
mle01,retest,20181113,1,5,2,1,1,1.00622175836655,0.789824097511488,1.03806290229773,0.880780469805824
mle01,retest,20181113,1,6,2,0,0,NaN,NaN,NaN,NaN
mle01,retest,20181113,1,7,1,0,0,NaN,NaN,NaN,NaN
mle01,retest,20181113,1,8,2,0,0,NaN,NaN,NaN,NaN
mle01,retest,20181113,1,9,1,0,0,NaN,NaN,NaN,NaN
mle01,retest,20181113,1,10,2,1,1,0.249166525371074,0.791274375225566,1.1079336901023,0.619681980574257
mle01,retest,20181113,1,11,1,1,0,0.880876052896728,NaN,1.01746515768008,NaN
mle01,retest,20181113,1,12,1,1,1,0.519253561356908,0.877441163977581,0.445280988538995,0.65171630247665
mle01,retest,20181113,1,13,2,1,1,0.665920252442818,0.0597481748315407,0.871352325352318,0.285949427728546
mle01,retest,20181113,1,14,2,0,0,NaN,NaN,NaN,NaN
mle01,retest,20181113,1,15,1,0,0,NaN,NaN,NaN,NaN
mle01,retest,20181113,1,16,1,0,0,NaN,NaN,NaN,NaN
mle01,retest,20181113,1,17,1,0,0,NaN,NaN,NaN,NaN
mle01,retest,20181113,1,18,1,0,0,NaN,NaN,NaN,NaN
mle01,retest,20181113,1,19,1,1,1,0.78729871809211,0.683687995709892,1.16755709332463,0.76258306384691
mle01,retest,20181113,1,20,2,1,1,0.244466692409139,0.301375316305479,0.430026887213605,0.347721947258093
mle01,retest,20181113,1,21,1,0,1,NaN,1.4561214096088,NaN,0.680422006878107
mle01,retest,20181113,1,22,1,1,1,1.78526444619873,1.4942015237936,0.978033540623368,0.845700892338614
mle01,retest,20181113,1,23,2,1,1,0.509298404710319,0.398651120561858,0.550510862697193,0.58444955106178
mle01,retest,20181113,1,24,1,0,0,NaN,NaN,NaN,NaN
mle01,retest,20181113,1,25,1,0,0,NaN,NaN,NaN,NaN
mle01,retest,20181113,1,26,1,0,0,NaN,NaN,NaN,NaN
mle01,retest,20181113,1,27,2,1,1,0.629121893081815,0.625841274519227,0.682731250592218,0.587400864846621
mle01,retest,20181113,1,28,1,1,1,0.811462710745572,0.452130217313955,1.05330090553645,0.887866233037913
mle01,retest,20181113,1,29,1,1,1,0.596415687346507,0.183443021012385,0.650782849959923,0.488469455339696
mle01,retest,20181113,1,30,1,1,1,0.355564499889888,0.432445944339298,0.282243917986094,0.4759010832612
mle01,retest,20181113,1,31,1,1,1,0.259296640340326,0.364637762810939,0.431732571024512,0.26640070007436
mle01,retest,20181113,1,32,1,0,0,NaN,NaN,NaN,NaN
mle01,retest,20181113,1,33,2,1,1,1.75562935705145,0.618028266156623,1.3943411867596,0.732981738652454
mle01,retest,20181113,1,34,2,1,1,1.1407577162686,0.96829376038044,0.573646233501718,0.518193474275711
mle01,retest,20181113,1,35,1,1,1,0.246946383529059,0.405110292340989,0.641983039338153,0.461662135812834
mle01,retest,20181113,1,36,1,1,1,1.61395122636786,1.05471824199641,0.94403231653791,0.792145407268811
mle01,retest,20181113,1,37,1,1,1,0.453382009280581,0.816753919551941,0.435460351062113,0.557723176054
mle01,retest,20181113,1,38,2,1,1,0.250819077631466,0.246110441087848,0.336025517551191,0.271900418626881
mle01,retest,20181113,1,39,1,0,0,NaN,NaN,NaN,NaN
mle01,retest,20181113,1,40,2,1,1,0.601693604751947,1.19579166335601,1.18283100422783,0.876378976178869
mle01,retest,20181113,1,41,1,1,1,1.05149064887082,0.393658247258016,0.605745848463518,0.410304793931409
mle01,retest,20181113,1,42,2,1,1,0.891896418804092,0.284246448699292,0.650658846771554,0.499010649842326
mle01,retest,20181113,1,43,1,1,1,2.33963641488273,1.61421234473602,0.979278836479447,0.727137938952454
mle01,retest,20181113,1,44,1,0,0,NaN,NaN,NaN,NaN
mle01,retest,20181113,1,45,1,1,1,2.37382304715859,0.949023451502331,0.925532818700905,0.720756907603261
mle01,retest,20181113,1,46,1,1,1,0.639252682610282,0.642665610939215,0.780993788064514,0.595593323853524
mle01,retest,20181113,1,47,1,1,1,0.341927849773323,0.28906152022548,0.583736552082712,0.552757058701318
mle01,retest,20181113,1,48,1,1,1,1.13814506157892,1.01789501023511,0.751031831460544,0.636434617266972
mle01,retest,20181113,1,49,2,1,1,0.686809275830971,0.129921184843643,0.642432243853219,0.283012641101072
mle01,retest,20181113,1,50,1,1,1,0.189159233279538,0.218440921739806,0.458782587501673,0.401357448771298
mle01,retest,20181113,1,51,1,1,1,0.675719220562793,0.603759500157892,0.455087925321997,0.426779737909155
mle01,retest,20181113,1,52,1,1,1,0.13903985684219,0.454471965495367,0.569284459912045,0.585429628489894
mle01,retest,20181113,1,53,1,1,1,0.409135358860965,0.465965404590317,0.442473696189564,0.387899538738933
mle01,retest,20181113,1,54,1,1,1,1.98280539882364,0.891478107813196,1.23160164779413,0.804325761613885
mle01,retest,20181113,1,55,2,1,1,0.76750604284242,0.294988773565208,0.472125417152218,0.602017314479717
mle01,retest,20181113,1,56,1,1,1,1.47577150503725,0.675877350182813,1.0807866417316,0.441597808812535
mle01,retest,20181113,1,57,2,1,1,0.203374256167389,0.335020645146272,0.209600623646709,0.324953383061621
mle01,retest,20181113,1,58,1,1,1,0.256755017286459,0.397744929896891,0.458249360273541,0.25030878796686
mle01,retest,20181113,1,59,1,1,1,0.661088652988484,0.188257252364154,0.754753229048776,0.36906427657866
mle01,retest,20181113,1,60,2,1,1,0.51284876417191,0.881515643878836,0.939522170400433,0.892417265021601
mle01,retest,20181113,1,61,2,1,1,1.82082013569948,1.41496412124455,1.20206343071727,0.893462030986091
mle01,retest,20181113,1,62,1,1,1,0.249128317114353,0.444096696513364,0.470003140723735,0.270233784443128
mle01,retest,20181113,1,63,1,1,1,0.390409403655604,0.811083345245884,0.64862462722516,0.64227025229309
mle01,retest,20181113,1,64,1,1,1,0.290135032020324,0.224668034349663,0.736118798727698,0.62029283444965
mle01,retest,20181113,1,65,1,1,1,0.233866757891007,0.149360592101271,0.396279440329428,0.312275681981128
mle01,retest,20181113,1,66,2,1,1,0.428915227387714,0.92441207011823,0.645002217664351,0.414984891352507
mle01,retest,20181113,1,67,2,1,1,0.201999140211186,0.202028394199729,0.420378650512845,0.349613442918762
mle01,retest,20181113,1,68,1,1,1,0.231440380468906,0.278134872095762,0.798646758505824,0.368284080995807
mle01,retest,20181113,1,69,1,1,1,0.140158174709651,0.0784152795772282,0.429704759379647,0.346598356493427
mle01,retest,20181113,1,70,2,1,1,0.882612049589562,0.197031749402581,0.831727570143448,0.289591121682582
mle01,retest,20181113,1,71,1,1,1,0.941200247590262,0.327811585579209,0.50213423438208,0.354092590379664
mle01,retest,20181113,1,72,2,1,1,0.625820344340998,0.444318452278229,0.294988074612212,0.229036440378213
mle01,retest,20181113,1,73,1,1,1,0.18526215895244,0.926075046918752,0.450026173771851,0.617034332441848
mle01,retest,20181113,1,74,2,1,1,0.813523185591245,0.512452148739968,0.446322903370552,0.309753066736867
mle01,retest,20181113,1,75,2,1,1,0.349106124427312,0.28745078428815,0.293389612586963,0.463187156834077
mle01,retest,20181113,1,76,1,1,1,1.2124436737382,1.17114995047577,0.812453153789107,0.581378629683313
mle01,retest,20181113,1,77,1,1,1,0.618437555115655,0.206382824775615,0.35809681366859,0.263956874927769
mle01,retest,20181113,1,78,1,1,1,0.90975973864674,0.758724264023779,0.484600938320508,0.440512161873395
mle01,retest,20181113,1,79,2,1,1,0.406975251445174,0.427617926967029,0.383112981152658,0.329182521541154
mle01,retest,20181113,1,80,1,1,1,1.27046057377631,0.61377980197674,1.11626976756639,0.537940106509364
mle01,retest,20181113,1,81,2,1,1,0.695946802837631,0.58039698623418,0.409548098002204,0.329270233294853
mle01,retest,20181113,1,82,1,1,1,0.149172786962926,0.244181944529467,0.44890024228274,0.208307410214162
mle01,retest,20181113,1,83,2,1,1,0.196995760530604,0.173179064866959,0.30872635415774,0.266438765266106
mle01,retest,20181113,1,84,1,1,1,0.871934683172756,0.40900103259687,0.407485756528336,0.341802767000237
mle01,retest,20181113,1,85,2,1,1,0.273974675889958,0.357272193754318,0.479147042277092,0.450109798261465
mle01,retest,20181113,1,86,2,1,1,1.10319568384387,0.326544220169256,0.475378392647091,0.247804907220762
mle01,retest,20181113,1,87,1,1,1,1.12214981089205,0.243120595769286,1.0185258913092,0.883369636030689
mle01,retest,20181113,1,88,2,1,1,0.465304903185447,0.876638559642142,0.454887008651522,0.368395857326771
mle01,retest,20181113,1,89,1,1,1,0.392447694640534,0.609197883638695,0.327298962194325,0.443224810982335
mle01,retest,20181113,1,90,1,1,1,1.305634106332,0.983295202591868,0.787936277734621,0.635485408064838
mle01,retest,20181113,1,91,2,1,1,0.345933971822122,0.0945747927414811,0.406394058035662,0.268255162440997
mle01,retest,20181113,1,92,1,1,1,0.956028796057737,0.336253736375061,0.55720009338102,0.208280441101744
mle01,retest,20181113,1,93,1,1,1,0.500375484007869,0.358285364666086,0.479347451434508,0.430943355901581
mle01,retest,20181113,1,94,1,1,1,0.639467060177761,0.498086495279724,0.457819188046547,0.412678151781686
mle01,retest,20181113,1,95,2,1,1,0.896911317131584,0.164672313241772,0.56440057317301,0.178777650102622
mle01,retest,20181113,1,96,1,1,1,1.15675471089017,1.19683647788452,0.606806236980512,0.497671856979714
mle01,retest,20181113,1,97,2,1,1,0.490347650089907,0.474118644168541,0.451296612130128,0.423835892734567
mle01,retest,20181113,1,98,1,1,1,0.655437230499061,0.204416073246731,0.768679608610781,0.40202153323107
mle01,retest,20181113,1,99,1,1,1,0.500977716225488,0.359641957986295,0.604970414110994,0.388878773695421
mle01,retest,20181113,1,100,NaN,0,0,NaN,NaN,NaN,NaN
mle01,retest,20181113,2,1,1,1,1,0.591536554751597,0.453913271553885,0.687415103271097,0.582544745747937
mle01,retest,20181113,2,2,2,1,1,2.27713181744113,0.118338274777053,1.43255454915677,0.454685341958196
mle01,retest,20181113,2,3,2,1,1,0.0823650737027296,0.123116910709412,0.348645710820615,0.224582672814004
mle01,retest,20181113,2,4,2,1,1,1.1748016472309,0.325911951740293,1.13468177771814,0.530737611934475
mle01,retest,20181113,2,5,1,1,1,0.122932705005841,0.227686663412134,0.277485714440802,0.252665876734903
mle01,retest,20181113,2,6,1,1,1,0.299494518876996,0.5144233781772,0.341669071162001,0.295590705370226
mle01,retest,20181113,2,7,2,1,1,0.649676145065933,1.13672489754481,0.618491035549591,0.357100558154539
mle01,retest,20181113,2,8,2,1,1,0.415542828309979,0.602646098597515,0.867550714604136,0.476575849284368
mle01,retest,20181113,2,9,2,1,1,0.601058406110916,0.174057074250199,0.568889311665261,0.264230277769393
mle01,retest,20181113,2,10,2,1,1,0.394592814963794,0.802429709998219,0.351113385780468,0.584834268408388
mle01,retest,20181113,2,11,1,1,1,0.666671699806024,0.551915880716981,0.5399159414617,0.405098437790087
mle01,retest,20181113,2,12,1,1,1,1.13270102092815,0.778031047279378,0.707797795845217,0.725012214645975
mle01,retest,20181113,2,13,2,1,1,1.16081445546551,1.04259014563727,0.812526942788206,0.678105900710205
mle01,retest,20181113,2,14,1,1,1,0.437404274137146,0.658090015567926,1.11334390755904,0.29344207490973
mle01,retest,20181113,2,15,1,1,1,0.317166432402022,0.112065945306362,0.682257105006992,0.402114774693634
mle01,retest,20181113,2,16,1,1,1,0.338558891928615,0.979261503810815,0.58818417856364,0.537647816728223
mle01,retest,20181113,2,17,2,1,1,1.68398432067629,1.49928830721235,0.854410347170292,0.905047493972237
mle01,retest,20181113,2,18,1,1,1,0.18200016711518,0.552213684859035,0.456164279327878,0.363356754074327
mle01,retest,20181113,2,19,1,1,1,0.445293376421521,0.19264927564552,0.717837649619254,0.796421117646913
mle01,retest,20181113,2,20,1,1,1,0.923432712877112,1.86306422621493,0.772614216875942,0.814657003083305
mle01,retest,20181113,2,21,1,1,1,0.933870413165482,0.825991228930571,0.659904599986774,0.479091263684904
mle01,retest,20181113,2,22,2,1,1,0.279005423721867,0.156894798694527,0.381730829777123,0.376965136984062
mle01,retest,20181113,2,23,1,1,1,0.178762314421589,0.279710212213033,0.66763257668185,0.697953761185562
mle01,retest,20181113,2,24,2,1,1,0.101111341118378,0.135222046365351,0.281393522040848,0.24949267583494
mle01,retest,20181113,2,25,1,1,1,0.759065506496048,0.173482073578885,0.567561012391763,0.239788362231733
mle01,retest,20181113,2,26,2,1,1,0.272258753186908,0.245148592376201,0.610127779076123,0.313377851628493
mle01,retest,20181113,2,27,2,1,1,0.90035176188178,0.341964646407098,1.20512666395498,1.01659676655789
mle01,retest,20181113,2,28,1,1,1,0.394746386032436,0.20262630326008,0.837507713948707,0.295995456277303
mle01,retest,20181113,2,29,2,1,1,0.507758176372175,0.833456391871492,0.687938624716874,0.493698161869746
mle01,retest,20181113,2,30,2,1,1,0.819185284509562,0.380464638093287,0.496745699621243,0.306747581823926
mle01,retest,20181113,2,31,2,1,1,0.773382851238635,0.338361656280012,0.438170320944211,0.210132197253523
mle01,retest,20181113,2,32,1,1,1,0.403439202497298,0.299678863862506,0.314643106539447,0.290683160506059
mle01,retest,20181113,2,33,1,1,1,2.21755630569793,1.26052541339068,1.1284581604308,0.626273200876817
mle01,retest,20181113,2,34,1,1,1,1.31595229330592,1.58324033546199,0.873677186676486,0.882762972997488
mle01,retest,20181113,2,35,2,1,1,0.371243123844939,0.295106451520601,0.365222987484228,0.378611039074819
mle01,retest,20181113,2,36,2,1,1,0.695500318870908,0.198622076729758,0.371154918510107,0.224357661322255
mle01,retest,20181113,2,37,1,1,1,1.74232260904966,1.20611632240585,0.893096104474074,0.620626340068199
mle01,retest,20181113,2,38,1,1,1,0.709539229364133,0.713166128600421,0.700287453367685,0.563282767495767
mle01,retest,20181113,2,39,2,1,1,0.546647036149601,0.173529111192658,0.625102260558702,0.404020221154682
mle01,retest,20181113,2,40,2,1,1,0.828532795954406,0.871505767351632,0.916329224020269,0.828370686732936
mle01,retest,20181113,2,41,1,1,1,0.331936147019254,0.441977231216197,0.713044480896141,0.313925940401895
mle01,retest,20181113,2,42,1,1,1,0.288047718127739,0.499033444489161,0.333770912025031,0.493934224990466
mle01,retest,20181113,2,43,1,0,0,NaN,NaN,NaN,NaN
mle01,retest,20181113,2,44,NaN,0,0,NaN,NaN,NaN,NaN
mle01,retest,20181113,2,45,1,1,1,0.445476143722201,0.242853012103916,0.614548076866654,0.442514534206611
mle01,retest,20181113,2,46,1,1,1,0.23914859396897,0.473360133084368,0.354467577733789,0.378347740353713
mle01,retest,20181113,2,47,1,1,1,0.416078699040125,0.350063173176185,0.52989431359686,0.542310466761859
mle01,retest,20181113,2,48,2,1,1,0.334607774558175,0.276589179397485,0.309896479591039,0.266273436956868
mle01,retest,20181113,2,49,1,1,1,0.934871921227814,0.230611514381785,0.661983350996427,0.289081822829464
mle01,retest,20181113,2,50,1,1,1,0.490294379348173,0.519122538853398,0.611721929083358,0.449344375155955
mle01,retest,20181113,2,51,2,1,1,0.293761452045225,0.67349364018972,0.593336272686393,0.436861473636224
mle01,retest,20181113,2,52,1,1,1,1.01982707388748,1.76655734728239,0.599280308237806,0.964273144664196
mle01,retest,20181113,2,53,1,0,0,NaN,NaN,NaN,NaN
mle01,retest,20181113,2,54,1,0,0,NaN,NaN,NaN,NaN
mle01,retest,20181113,2,55,1,0,0,NaN,NaN,NaN,NaN
mle01,retest,20181113,2,56,1,1,1,0.682600887619704,0.662010402146845,0.747948353470942,0.573873508811093
mle01,retest,20181113,2,57,2,1,1,1.18654317355977,1.04088516273819,0.494335326674717,0.415527387774861
mle01,retest,20181113,2,58,1,1,1,0.67271444944439,0.545421573513703,0.714510111896939,0.535802000769187
mle01,retest,20181113,2,59,2,1,1,0.791557945340427,0.384470294736555,0.855775600375564,0.473644554855551
mle01,retest,20181113,2,60,1,1,1,0.254626072535828,0.31823143480972,0.354609110205797,0.289902555542347
mle01,retest,20181113,2,61,1,1,1,0.385982209337692,0.381341659797479,0.558145684964318,0.521647634566468
mle01,retest,20181113,2,62,2,1,1,0.245547899608006,0.119928773790655,0.326222121900927,0.229857262186961
mle01,retest,20181113,2,63,1,1,1,0.339135783867055,0.575783015842844,0.305734188764005,0.413432578360031
mle01,retest,20181113,2,64,1,1,1,1.5378299676796,0.299917595905475,0.675793042307006,0.409681676345283
mle01,retest,20181113,2,65,1,1,1,0.308038926397545,0.603767657372625,0.92237743993191,0.683834124890801
mle01,retest,20181113,2,66,1,1,1,0.942949768208646,0.521589872438543,0.945875331044794,0.688965642052755
mle01,retest,20181113,2,67,1,1,1,0.335117248374253,0.277031362037666,0.580731444482499,0.30355472776127
mle01,retest,20181113,2,68,2,1,1,0.189359149088969,0.458354339188136,0.597700376789676,0.544757387600569
mle01,retest,20181113,2,69,1,1,1,0.262083967545051,0.341754556238151,0.324233511755655,0.331845264165494
mle01,retest,20181113,2,70,2,1,1,0.699016505340019,0.220606640767626,0.767550028889777,0.393110368616641
mle01,retest,20181113,2,71,1,1,1,0.20718290073899,0.137376865844351,0.482386763021644,0.350209934097229
mle01,retest,20181113,2,72,2,1,1,0.153078908544568,0.271340366399929,0.274983430967185,0.346942243757981
mle01,retest,20181113,2,73,1,1,1,0.786699662829724,0.488273716691144,0.50940959291892,0.39529513905993
mle01,retest,20181113,2,74,2,1,1,0.934778686473081,0.557805365787784,0.561482944038405,0.531378860446929
mle01,retest,20181113,2,75,1,1,1,0.468417441902994,0.312473498506765,0.458725565192512,0.392373114174206
mle01,retest,20181113,2,76,2,1,1,0.273415796773976,0.261030478163594,0.401748676675576,0.411811800326425
mle01,retest,20181113,2,77,1,1,1,1.11294667287152,0.387265903087277,0.75913627359495,0.431648546616271
mle01,retest,20181113,2,78,1,1,1,1.28656071046598,1.19337644473835,0.860472834489612,0.784272759710249
mle01,retest,20181113,2,79,1,1,1,1.08164247861052,0.752288802381818,0.929000989909365,0.59235410162232
mle01,retest,20181113,2,80,1,1,1,0.30989748010944,0.352732707736219,0.780799655524367,0.611070033115673
mle01,retest,20181113,2,81,1,1,1,0.394554218271677,0.602342543592661,0.546648182625966,0.480076193676528
mle01,retest,20181113,2,82,1,0,0,NaN,NaN,NaN,NaN
mle01,retest,20181113,2,83,1,0,0,NaN,NaN,NaN,NaN
mle01,retest,20181113,2,84,1,0,0,NaN,NaN,NaN,NaN
mle01,retest,20181113,2,85,2,1,1,0.996631157778206,0.349804051166181,0.953611222120256,0.393372323173466
mle01,retest,20181113,2,86,2,1,1,0.525932531565364,0.311395989044578,1.11897804275496,0.713552956067012
mle01,retest,20181113,2,87,1,0,0,NaN,NaN,NaN,NaN
mle01,retest,20181113,2,88,2,1,1,0.608093428737616,0.497012294693574,0.444567472993204,0.406591935674414
mle01,retest,20181113,2,89,1,1,1,0.221419409257257,0.234143712903311,0.502692831398247,0.526693854717665
mle01,retest,20181113,2,90,1,1,1,1.53312529965323,1.08286602364007,0.988282896875765,0.557983475641095
mle01,retest,20181113,2,91,1,1,1,0.580075796630246,0.572200229188004,0.83705207745184,0.837993999207884
mle01,retest,20181113,2,92,1,1,1,0.471012272283583,0.362474039760683,0.429656498796663,0.342907126451598
mle01,retest,20181113,2,93,1,1,1,0.367856452377064,0.293143187298314,0.560022177284452,0.539583607817795
mle01,retest,20181113,2,94,2,0,0,NaN,NaN,NaN,NaN
mle01,retest,20181113,2,95,1,0,0,NaN,NaN,NaN,NaN
mle01,retest,20181113,2,96,1,0,0,NaN,NaN,NaN,NaN
mle01,retest,20181113,2,97,1,1,1,0.382015924566643,0.406445035598357,0.345085706236643,0.320877343552806
mle01,retest,20181113,2,98,1,1,1,0.506947557477261,0.570140920439172,0.32942668262316,0.329789392455037
mle01,retest,20181113,2,99,1,0,0,NaN,NaN,NaN,NaN
mle01,retest,20181113,2,100,NaN,0,0,NaN,NaN,NaN,NaN
mle01,retest,20181113,3,1,1,1,1,0.332025542092078,0.391443078502461,0.415463127828265,0.347294902427261
mle01,retest,20181113,3,2,1,1,1,1.43689248687662,1.15953691356691,0.495175811306795,0.440075056038034
mle01,retest,20181113,3,3,1,1,1,0.470771708013682,0.432474776585878,0.477472745329923,0.391847286630089
mle01,retest,20181113,3,4,2,1,1,0.964832326349114,0.443757604000801,0.724864726973778,0.295543535469718
mle01,retest,20181113,3,5,1,1,1,0.288105722697443,0.389034855545509,0.48433020605759,0.464990949345944
mle01,retest,20181113,3,6,1,1,1,0.769541488630158,0.627196765057117,0.584738162472968,0.384578971722679
mle01,retest,20181113,3,7,2,1,1,0.525045092106439,0.443164976821196,0.748899303993604,0.565882682838782
mle01,retest,20181113,3,8,1,1,1,0.647998553145131,0.651676351597791,0.632096744857386,0.52465676523412
mle01,retest,20181113,3,9,2,1,1,0.376219938505765,0.260271993079575,0.448169754498529,0.390335719607732
mle01,retest,20181113,3,10,2,1,1,0.472233214984914,0.152537521391191,0.348594173871682,0.266475396249527
mle01,retest,20181113,3,11,2,1,1,0.444609695320501,0.61959181427138,0.57053975281749,0.59135513044932
mle01,retest,20181113,3,12,1,1,1,0.353957205612074,0.283588950317026,0.379020928900192,0.187757927957439
mle01,retest,20181113,3,13,1,0,0,NaN,NaN,NaN,NaN
mle01,retest,20181113,3,14,1,1,1,0.304518595885083,0.278946705424298,0.572892863760742,0.541648254025358
mle01,retest,20181113,3,15,2,1,1,0.617603735692222,0.605416696560247,0.779176105854751,0.687296782764468
mle01,retest,20181113,3,16,1,1,1,0.55780180130076,0.39234004097529,0.5042540085083,0.466884168532805
mle01,retest,20181113,3,17,1,1,1,0.927341246707702,0.197542292476373,0.908336640123506,0.289913471471376
mle01,retest,20181113,3,18,1,1,1,0.195434633118075,0.216111753402611,0.372969565369838,0.377582477213696
mle01,retest,20181113,3,19,2,1,1,0.362662348795233,0.33021950703588,0.567907284731723,0.547114519497019
mle01,retest,20181113,3,20,2,1,1,1.40325872804413,1.10876075321028,0.893613790070187,0.643328726525334
mle01,retest,20181113,3,21,1,1,1,0.302997123567906,0.334134650231399,0.292709104114686,0.288564902536992
mle01,retest,20181113,3,22,1,1,1,0.949500627473041,0.537843129513725,0.646081143023334,0.484294507572818
mle01,retest,20181113,3,23,2,1,1,1.44937294952662,0.396610513923786,1.0239393478552,0.433062205611196
mle01,retest,20181113,3,24,1,0,0,NaN,NaN,NaN,NaN
mle01,retest,20181113,3,25,1,0,0,NaN,NaN,NaN,NaN
mle01,retest,20181113,3,26,1,0,1,NaN,0.284778566353271,NaN,0.369877144206886
mle01,retest,20181113,3,27,1,0,0,NaN,NaN,NaN,NaN
mle01,retest,20181113,3,28,1,1,1,0.789609791663567,0.55802039918662,0.827802990610907,0.697348852656874
mle01,retest,20181113,3,29,1,1,1,0.206940022728999,0.326883415825208,0.472611634205186,0.466377026268188
mle01,retest,20181113,3,30,1,0,0,NaN,NaN,NaN,NaN
mle01,retest,20181113,3,31,2,0,0,NaN,NaN,NaN,NaN
mle01,retest,20181113,3,32,2,0,0,NaN,NaN,NaN,NaN
mle01,retest,20181113,3,33,1,0,0,NaN,NaN,NaN,NaN
mle01,retest,20181113,3,34,2,1,1,0.582061237473177,1.8446200602947,0.578386427416548,0.999855621249555
mle01,retest,20181113,3,35,2,1,1,0.122868409199791,0.109484746939075,0.352168604012598,0.350400946943429
mle01,retest,20181113,3,36,1,0,0,NaN,NaN,NaN,NaN
mle01,retest,20181113,3,37,1,0,0,NaN,NaN,NaN,NaN
mle01,retest,20181113,3,38,1,0,0,NaN,NaN,NaN,NaN
mle01,retest,20181113,3,39,1,1,1,0.714639218315188,0.949595458100116,0.736445011692993,0.575786666071995
mle01,retest,20181113,3,40,1,0,0,NaN,NaN,NaN,NaN
mle01,retest,20181113,3,41,2,0,0,NaN,NaN,NaN,NaN
mle01,retest,20181113,3,42,1,0,0,NaN,NaN,NaN,NaN
mle01,retest,20181113,3,43,1,0,0,NaN,NaN,NaN,NaN
mle01,retest,20181113,3,44,1,1,1,1.3316065089749,1.08923599416444,0.717864027262432,0.612907124115548
mle01,retest,20181113,3,45,2,0,0,NaN,NaN,NaN,NaN
mle01,retest,20181113,3,46,2,0,0,NaN,NaN,NaN,NaN
mle01,retest,20181113,3,47,1,0,0,NaN,NaN,NaN,NaN
mle01,retest,20181113,3,48,1,0,0,NaN,NaN,NaN,NaN
mle01,retest,20181113,3,49,1,0,0,NaN,NaN,NaN,NaN
mle01,retest,20181113,3,50,1,1,1,8.20601819353359,0.0798022718818245,3.6890424547898,0.387008866549472
mle01,retest,20181113,3,51,2,1,1,1.4597844718048,0.954070027640703,1.14524257775368,0.551249586572543
mle01,retest,20181113,3,52,2,0,0,NaN,NaN,NaN,NaN
mle01,retest,20181113,3,53,1,1,1,0.394706288637259,0.695130402728868,1.42141384978321,0.847184187125983
mle01,retest,20181113,3,54,1,1,1,0.24143966677171,0.401836891291317,1.26496112093191,0.583715116494282
mle01,retest,20181113,3,55,1,1,1,2.27360679385721,0.454373251746441,1.80280528512032,0.455405679825335
mle01,retest,20181113,3,56,1,0,0,NaN,NaN,NaN,NaN
mle01,retest,20181113,3,57,2,0,0,NaN,NaN,NaN,NaN
mle01,retest,20181113,3,58,2,0,0,NaN,NaN,NaN,NaN
mle01,retest,20181113,3,59,2,0,0,NaN,NaN,NaN,NaN
mle01,retest,20181113,3,60,1,0,0,NaN,NaN,NaN,NaN
mle01,retest,20181113,3,61,1,0,0,NaN,NaN,NaN,NaN
mle01,retest,20181113,3,62,2,0,0,NaN,NaN,NaN,NaN
mle01,retest,20181113,3,63,2,1,1,0.109960693144446,0.119976338234482,0.201290753263311,0.207993127098803
mle01,retest,20181113,3,64,2,1,1,0.405707071765668,0.129634123351603,0.439991792354363,0.351817783872749
mle01,retest,20181113,3,65,1,1,1,0.346947843197856,0.30320922376208,0.413103432978344,0.369828855696348
mle01,retest,20181113,3,66,1,0,0,NaN,NaN,NaN,NaN
mle01,retest,20181113,3,67,1,0,0,NaN,NaN,NaN,NaN
mle01,retest,20181113,3,68,2,1,1,1.56505471897888,1.23224392350478,0.711931280190564,0.738182045196767
mle01,retest,20181113,3,69,1,0,0,NaN,NaN,NaN,NaN
mle01,retest,20181113,3,70,2,0,0,NaN,NaN,NaN,NaN
mle01,retest,20181113,3,71,1,0,0,NaN,NaN,NaN,NaN
mle01,retest,20181113,3,72,1,0,0,NaN,NaN,NaN,NaN
mle01,retest,20181113,3,73,2,0,0,NaN,NaN,NaN,NaN
mle01,retest,20181113,3,74,2,0,0,NaN,NaN,NaN,NaN
mle01,retest,20181113,3,75,1,0,0,NaN,NaN,NaN,NaN
mle01,retest,20181113,3,76,2,0,0,NaN,NaN,NaN,NaN
mle01,retest,20181113,3,77,1,0,0,NaN,NaN,NaN,NaN
mle01,retest,20181113,3,78,2,0,0,NaN,NaN,NaN,NaN
mle01,retest,20181113,3,79,1,0,0,NaN,NaN,NaN,NaN
mle01,retest,20181113,3,80,2,0,0,NaN,NaN,NaN,NaN
mle01,retest,20181113,3,81,1,0,0,NaN,NaN,NaN,NaN
mle01,retest,20181113,3,82,1,0,0,NaN,NaN,NaN,NaN
mle01,retest,20181113,3,83,2,0,0,NaN,NaN,NaN,NaN
mle01,retest,20181113,3,84,1,0,1,NaN,1.20741049087605,NaN,1.00711580505779
mle01,retest,20181113,3,85,1,0,0,NaN,NaN,NaN,NaN
mle01,retest,20181113,3,86,1,0,0,NaN,NaN,NaN,NaN
mle01,retest,20181113,3,87,1,0,0,NaN,NaN,NaN,NaN
mle01,retest,20181113,3,88,2,0,0,NaN,NaN,NaN,NaN
mle01,retest,20181113,3,89,1,0,0,NaN,NaN,NaN,NaN
mle01,retest,20181113,3,90,1,0,0,NaN,NaN,NaN,NaN
mle01,retest,20181113,3,91,1,0,0,NaN,NaN,NaN,NaN
mle01,retest,20181113,3,92,2,0,0,NaN,NaN,NaN,NaN
mle01,retest,20181113,3,93,1,0,0,NaN,NaN,NaN,NaN
mle01,retest,20181113,3,94,1,0,0,NaN,NaN,NaN,NaN
mle01,retest,20181113,3,95,1,1,1,1.4069633679293,0.620171570187262,0.741958873421996,0.559798049302867
mle01,retest,20181113,3,96,1,1,1,0.247537341017261,0.16709480385378,0.52220753828703,0.377306387870625
mle01,retest,20181113,3,97,1,1,1,0.388835198994345,0.450307448165392,0.286066112384349,0.373549750014782
mle01,retest,20181113,3,98,1,0,0,NaN,NaN,NaN,NaN
mle01,retest,20181113,3,99,1,0,0,NaN,NaN,NaN,NaN
mle01,retest,20181113,3,100,NaN,0,0,NaN,NaN,NaN,NaN
mle01,retest,20181113,4,1,1,1,1,1.70711146576805,0.542390569966484,0.937654071253529,0.389963239444031
mle01,retest,20181113,4,2,2,1,1,0.716518473505221,0.586254249408053,0.442419063450607,0.445277639810981
mle01,retest,20181113,4,3,1,1,1,0.230245220220316,0.198067964746181,0.367612483167317,0.248657336014622
mle01,retest,20181113,4,4,2,1,1,0.70829436154859,0.542445368329185,0.622490316795091,0.508216889151551
mle01,retest,20181113,4,5,1,1,1,0.950945425798239,0.528510119826791,0.727875777709304,0.371341308898632
mle01,retest,20181113,4,6,2,1,1,0.946062418019228,0.658325433355223,0.58491263664744,0.476357306737456
mle01,retest,20181113,4,7,2,1,1,0.679165586505928,0.426131117069398,0.472354855603077,0.34247128154862
mle01,retest,20181113,4,8,2,1,1,0.920731861783191,0.376290956098565,0.520337619911819,0.387541056587471
mle01,retest,20181113,4,9,1,1,1,1.06769939767772,0.824874786273863,0.736431842715002,0.708891857978181
mle01,retest,20181113,4,10,1,1,1,0.619893440682413,0.535180024555387,0.619853499782484,0.656717360333253
mle01,retest,20181113,4,11,1,1,1,0.591026308823429,0.531841069826828,0.689998761977949,0.55200200287142
mle01,retest,20181113,4,12,1,1,1,0.856246339019878,0.849163740768471,0.805938101186058,0.785979291992354
mle01,retest,20181113,4,13,1,1,1,0.164989947907281,0.234633670785229,0.307432218033307,0.309717750816212
mle01,retest,20181113,4,14,2,1,1,0.162696493120464,0.136604761048106,0.37577718677911,0.373008041803741
mle01,retest,20181113,4,15,1,1,1,0.214521902637024,0.232992762874177,0.726165180257004,0.48738902245529
mle01,retest,20181113,4,16,2,1,1,0.713291436077256,0.731393424385878,0.795674202063508,0.480404682712775
mle01,retest,20181113,4,17,1,1,1,0.326159620880428,0.362071318033647,0.427198649097441,0.408015119625599
mle01,retest,20181113,4,18,1,1,1,0.407513337073913,0.328149613418566,0.670622574970994,0.354663646640741
mle01,retest,20181113,4,19,1,1,1,1.12524545026522,0.900450337173375,1.00328250379834,0.734378655500212
mle01,retest,20181113,4,20,1,1,1,0.486312554400871,0.494167485121666,0.57835047066499,0.493231439848918
mle01,retest,20181113,4,21,2,1,1,1.05761254282239,0.295158995146647,0.548557612445532,0.263439237222558
mle01,retest,20181113,4,22,1,1,1,0.271509041239653,0.481004204544067,0.545566921546418,0.34914515061173
mle01,retest,20181113,4,23,2,1,1,0.482711093246815,0.521577998668582,0.604273960907161,0.480292273486958
mle01,retest,20181113,4,24,1,1,1,0.507929799915905,0.7079877337232,0.619588890331228,0.625500204525946
mle01,retest,20181113,4,25,2,1,1,0.464418898460659,0.228366434135415,0.481788353378455,0.2587984801884
mle01,retest,20181113,4,26,1,1,1,0.359950265637827,0.201406725985686,0.327328972751967,0.336314503700812
mle01,retest,20181113,4,27,2,1,1,0.325316350381588,0.412054077073472,0.518405509720549,0.436417108329367
mle01,retest,20181113,4,28,2,1,1,0.255700003028671,0.093132595703298,0.422413562784097,0.268865498418937
mle01,retest,20181113,4,29,2,1,1,0.476122150803718,0.305233105877983,0.566948296699157,0.414717086147252
mle01,retest,20181113,4,30,1,1,1,1.43208429450087,0.446126522886241,1.08436187417171,0.565321796312815
mle01,retest,20181113,4,31,2,1,1,1.17523126357017,0.467252286539847,0.792142428990153,0.334219153142882
mle01,retest,20181113,4,32,2,1,1,0.800778473996659,0.28606522572753,0.342463215761374,0.313665535104119
mle01,retest,20181113,4,33,1,1,1,0.323274091023824,0.246994030939527,0.590695241549246,0.511379648795522
mle01,retest,20181113,4,34,2,1,1,0.37625090477127,0.101816478860172,0.543616026878337,0.373978528185536
mle01,retest,20181113,4,35,1,1,1,0.430956627996287,0.450568371678247,0.813756271571087,0.73138580821635
mle01,retest,20181113,4,36,1,1,1,0.509732075443968,0.465219565138265,0.482715338385749,0.522955835330783
mle01,retest,20181113,4,37,1,1,1,1.00948361226707,0.878814136705573,0.912370161088519,0.734918707319801
mle01,retest,20181113,4,38,1,1,1,0.484159268948145,0.299207169586462,0.588202700658575,0.32018855755732
mle01,retest,20181113,4,39,1,1,1,1.10072742634357,0.640581822343247,0.900031986143732,0.539014536354294
mle01,retest,20181113,4,40,1,1,1,0.358277669286226,0.144029669619062,0.542531460895508,0.345328863945985
mle01,retest,20181113,4,41,1,1,1,0.812897471397459,0.343682419903196,0.538095075684875,0.290063677777024
mle01,retest,20181113,4,42,2,1,1,0.580828821311698,0.612617558988711,0.515835889902168,0.417874106030339
mle01,retest,20181113,4,43,2,1,1,0.681246457901986,0.675861435321496,0.498792878460156,0.406841571587959
mle01,retest,20181113,4,44,1,1,1,0.700877523189007,0.378857890097482,0.537410348789296,0.60335925439927
mle01,retest,20181113,4,45,1,1,1,0.658861251458507,0.482429446693632,0.584010106914209,0.35352489931778
mle01,retest,20181113,4,46,1,1,1,0.462734062969656,0.443530536738598,0.826097466753439,0.588386861888884
mle01,retest,20181113,4,47,2,1,1,0.338827711912099,0.506908185242589,0.98116128665749,0.757147098849703
mle01,retest,20181113,4,48,1,1,1,0.829307130134828,0.792295202697177,0.621673916924824,0.48615548298109
mle01,retest,20181113,4,49,1,1,1,1.36319918739839,0.384828621927211,1.13696373960831,0.352766289573649
mle01,retest,20181113,4,50,1,1,1,0.30807882206661,0.296926632757067,0.499298263578264,0.466853682627745
mle01,retest,20181113,4,51,2,0,0,NaN,NaN,NaN,NaN
mle01,retest,20181113,4,52,1,0,0,NaN,NaN,NaN,NaN
mle01,retest,20181113,4,53,1,1,1,0.517272666585578,0.350801214796867,0.796552948903316,0.583081196874089
mle01,retest,20181113,4,54,2,1,1,0.405510130460694,0.27674806206107,0.451922165297953,0.413001138645135
mle01,retest,20181113,4,55,1,1,1,1.06786780123456,0.57098206063123,0.71148918645671,0.475461216518244
mle01,retest,20181113,4,56,1,1,1,1.566166049511,0.189759319387246,1.3249935314459,0.371857455404956
mle01,retest,20181113,4,57,2,1,1,0.566743420718876,0.317929613901137,0.760616483416467,0.391382396616683
mle01,retest,20181113,4,58,1,1,1,0.43977868367634,0.375428111451497,0.399047608587086,0.349442536302564
mle01,retest,20181113,4,59,1,0,0,NaN,NaN,NaN,NaN
mle01,retest,20181113,4,60,1,1,1,0.535696449092652,0.172607982563678,0.378503759744913,0.274155908166121
mle01,retest,20181113,4,61,2,1,1,0.702218162987878,0.376348101920204,0.872429554598027,0.709967880225894
mle01,retest,20181113,4,62,1,1,1,1.01599429175927,0.804429375642385,0.775282107424551,0.321866171294519
mle01,retest,20181113,4,63,1,1,1,0.559633269204062,0.367817392944357,0.697253449559276,0.539080366119644
mle01,retest,20181113,4,64,1,0,0,NaN,NaN,NaN,NaN
mle01,retest,20181113,4,65,2,0,0,NaN,NaN,NaN,NaN
mle01,retest,20181113,4,66,2,0,0,NaN,NaN,NaN,NaN
mle01,retest,20181113,4,67,2,0,0,NaN,NaN,NaN,NaN
mle01,retest,20181113,4,68,1,0,0,NaN,NaN,NaN,NaN
mle01,retest,20181113,4,69,1,0,0,NaN,NaN,NaN,NaN
mle01,retest,20181113,4,70,1,0,0,NaN,NaN,NaN,NaN
mle01,retest,20181113,4,71,1,1,1,0.762265882500267,0.467496093772628,0.620137127231434,0.491523453797337
mle01,retest,20181113,4,72,2,0,0,NaN,NaN,NaN,NaN
mle01,retest,20181113,4,73,1,0,0,NaN,NaN,NaN,NaN
mle01,retest,20181113,4,74,2,0,0,NaN,NaN,NaN,NaN
mle01,retest,20181113,4,75,2,0,0,NaN,NaN,NaN,NaN
mle01,retest,20181113,4,76,1,1,1,1.11218618945799,0.896926081187163,0.919239739973022,0.85547395357446
mle01,retest,20181113,4,77,1,1,1,0.67583393356097,0.597885534880261,0.546973178694167,0.490746557116624
mle01,retest,20181113,4,78,1,1,1,0.759299961084174,0.664021498813288,0.801142312098016,0.69854116770023
mle01,retest,20181113,4,79,1,1,1,0.371051596447497,0.403838302186863,0.4155030471411,0.372182396963112
mle01,retest,20181113,4,80,1,1,1,0.842779877075428,0.422970629387659,0.578377621618503,0.418517531627484
mle01,retest,20181113,4,81,1,1,1,0.56500876348141,0.51132143718092,0.557031973224152,0.41158405302388
mle01,retest,20181113,4,82,1,1,1,0.344554478321981,0.126445442735639,0.51739669032803,0.371491026047273
mle01,retest,20181113,4,83,1,1,1,0.567613352271118,0.968453015910176,0.672058012578006,0.579313796844257
mle01,retest,20181113,4,84,1,0,0,NaN,NaN,NaN,NaN
mle01,retest,20181113,4,85,1,1,1,0.739981144382033,0.646390402386674,0.611242203901848,0.592284876107978
mle01,retest,20181113,4,86,1,1,1,0.397697799885466,0.159530200532372,0.35105962340208,0.258318385067263
mle01,retest,20181113,4,87,1,1,1,0.522551121630103,0.489458855496514,0.88239651949871,0.723802157531601
mle01,retest,20181113,4,88,1,1,1,0.550937436479654,0.253792984506003,0.700022665533586,0.485442754708727
mle01,retest,20181113,4,89,1,1,1,0.466823703158115,0.288239968909364,0.444797356436935,0.308674522614793
mle01,retest,20181113,4,90,1,1,1,0.386101398856965,0.273315273303917,0.328207044595636,0.345117596918509
mle01,retest,20181113,4,91,1,1,1,0.787125724653821,0.428200761799875,0.537878236089895,0.456255673802684
mle01,retest,20181113,4,92,1,1,1,0.675830327291043,0.65288411790614,0.643910953171449,0.639664202197779
mle01,retest,20181113,4,93,1,1,1,0.346458962394641,0.622552121668429,0.8995094541809,0.752821497323806
mle01,retest,20181113,4,94,2,1,1,0.45603685291,0.192451929515437,0.728303719662406,0.346803158896844
mle01,retest,20181113,4,95,2,1,1,1.1493943608568,0.638378701315801,0.718090369403158,0.434566194958663
mle01,retest,20181113,4,96,2,1,1,2.14600706487137,0.787560180907939,1.37928465197556,0.811481546827479
mle01,retest,20181113,4,97,2,1,1,0.219035535205686,0.216029061455231,0.467171120630007,0.433235870273091
mle01,retest,20181113,4,98,1,1,1,0.281018619400092,0.683911493633174,0.744905176644028,0.577218542423799
mle01,retest,20181113,4,99,2,1,1,0.166814710961956,0.105402555455894,0.771127181233676,0.618566361615119
mle01,retest,20181113,4,100,NaN,0,0,NaN,NaN,NaN,NaN
mle01,retest,20181113,5,1,1,1,1,1.26075859194777,0.342042151980528,0.822873428889203,0.445212939016339
mle01,retest,20181113,5,2,2,1,1,1.05143478949405,0.440092639142783,0.819467100222598,0.577221428816031
mle01,retest,20181113,5,3,2,1,1,0.449065544398088,0.232296632531163,0.597179529305604,0.404454426353593
mle01,retest,20181113,5,4,1,1,1,1.02553953068864,0.609593323551696,0.840664589427413,0.709722526183212
mle01,retest,20181113,5,5,2,1,1,0.256286735775386,0.273194865516426,0.547014301717446,0.527496947014388
mle01,retest,20181113,5,6,1,1,1,0.418082142610181,0.520469586781582,0.636583159131823,0.487393996965543
mle01,retest,20181113,5,7,2,1,1,0.389332833659882,0.202921987638462,0.606160441610587,0.253935015476858
mle01,retest,20181113,5,8,2,1,1,0.734723561094404,0.411531139355444,0.591336053058698,0.379275090170087
mle01,retest,20181113,5,9,1,1,1,0.454624026663229,0.548470761099674,0.508059290444559,0.46910255140162
mle01,retest,20181113,5,10,2,1,1,0.658276416279354,0.485589055331403,0.904671267095624,0.541229105376744
mle01,retest,20181113,5,11,1,1,1,0.45541052559246,0.556836056673819,0.622523719273631,0.559583663754416
mle01,retest,20181113,5,12,2,1,1,0.49672031146166,0.5313920366333,0.577648651199167,0.612232825908166
mle01,retest,20181113,5,13,1,1,1,0.781327829074732,0.426654410632796,0.79795639525512,0.558377667005327
mle01,retest,20181113,5,14,1,1,1,0.480919813557078,0.223909769122607,0.807409456505449,0.366664068059753
mle01,retest,20181113,5,15,2,1,1,0.399694658321426,0.46718643060937,0.80311694620984,0.686785052431449
mle01,retest,20181113,5,16,1,1,1,0.724961287533707,0.621116794256701,0.611603953938483,0.602480430199155
mle01,retest,20181113,5,17,1,1,1,0.584652539134417,0.527411627772091,0.711773377950942,0.683758258568198
mle01,retest,20181113,5,18,2,1,1,1.08695663531705,0.328143460812341,0.914289994442684,0.318880394802411
mle01,retest,20181113,5,19,2,1,1,2.70409153474665,0.533247481771824,1.22567039770429,0.387537602016795
mle01,retest,20181113,5,20,1,1,1,0.400288237969887,0.263571427163908,0.565329325599659,0.354516199208161
mle01,retest,20181113,5,21,1,1,1,0.346903069802928,0.472963169847803,0.422248949514219,0.359047758904784
mle01,retest,20181113,5,22,1,1,1,0.749261394390478,0.779263987532291,0.746222145174331,0.527438314022901
mle01,retest,20181113,5,23,2,1,1,0.513893531613927,0.464839090070175,0.439997582573948,0.286161732673209
mle01,retest,20181113,5,24,1,1,1,0.746201940998747,0.423257861421771,0.536954720957439,0.329172153770846
mle01,retest,20181113,5,25,1,1,1,0.459288883309265,0.635338325048623,0.662787484202963,0.575958792482247
mle01,retest,20181113,5,26,1,1,1,0.58199224412297,0.398674771859343,0.640053164640817,0.333075023816362
mle01,retest,20181113,5,27,2,1,1,1.03574414407725,1.37403150004064,0.776517380375856,0.883458154816715
mle01,retest,20181113,5,28,1,1,1,0.625815869635571,0.329848882219275,0.414416294985259,0.248894976787303
mle01,retest,20181113,5,29,2,1,1,0.615396964514932,0.727725127915604,0.648205392231164,0.495289352475156
mle01,retest,20181113,5,30,1,0,0,NaN,NaN,NaN,NaN
mle01,retest,20181113,5,31,1,1,1,0.653559765352039,0.669478559324298,0.568203052022204,0.486286232060479
mle01,retest,20181113,5,32,2,1,1,1.62473566123846,1.1473541826237,1.16293556206527,0.768587807229429
mle01,retest,20181113,5,33,1,1,1,0.306697684326996,0.184530258358438,0.427749569726515,0.379036436024062
mle01,retest,20181113,5,34,2,1,1,0.236841860495475,0.315051085342394,0.416503691515721,0.436609425247876
mle01,retest,20181113,5,35,1,1,1,0.659129826222475,0.590221879139797,0.404405183634197,0.430320722740654
mle01,retest,20181113,5,36,1,1,1,0.587079980149773,0.802781490074263,0.580740760978713,0.473827801485729
mle01,retest,20181113,5,37,1,1,1,0.709652270708531,0.410372607317854,1.072360545059,0.752087708762154
mle01,retest,20181113,5,38,1,1,1,0.468543831901506,0.344003185233695,0.683242316179627,0.315833662554879
mle01,retest,20181113,5,39,1,1,1,0.773284627947874,0.633334144130444,0.447460659082017,0.335527563052099
mle01,retest,20181113,5,40,2,1,1,0.712587736497487,0.490026815544991,0.708742387545221,0.395454592620235
mle01,retest,20181113,5,41,2,1,1,1.13476656784505,0.372636443102706,0.649631772461322,0.395943967931894
mle01,retest,20181113,5,42,2,1,1,0.374391307917175,0.201405408357305,0.4573959540754,0.376720712198538
mle01,retest,20181113,5,43,1,1,1,0.748762469889638,0.456377970530317,0.715485705732147,0.442341562555011
mle01,retest,20181113,5,44,2,1,1,0.372036375979845,0.342804666605064,0.556075262335016,0.491751335321711
mle01,retest,20181113,5,45,1,1,1,0.6338386619126,0.465848010706008,0.495027549989221,0.442246981752872
mle01,retest,20181113,5,46,1,1,1,0.288366330283015,0.267849768350492,0.577608084699532,0.44966777452197
mle01,retest,20181113,5,47,2,1,1,0.260275854902831,0.231616960665639,0.455101709342893,0.444837705981877
mle01,retest,20181113,5,48,1,1,1,0.644047102561835,0.172919468323082,0.766461794389766,0.865123880967282
mle01,retest,20181113,5,49,2,1,1,0.398284626099714,0.489582593130264,0.452065649459471,0.283741995652062
mle01,retest,20181113,5,50,1,1,1,0.89725254127835,0.26252092952298,0.664925182958155,0.329075015395058
mle01,retest,20181113,5,51,1,1,1,0.789474815389995,0.597677308768084,0.557565788630193,0.619677061845828
mle01,retest,20181113,5,52,1,1,1,1.25558644786517,0.91693908051727,0.880201038975537,0.599840736319982
mle01,retest,20181113,5,53,1,1,1,0.406431056401841,0.796049611615699,0.601456083131363,0.659553099896967
mle01,retest,20181113,5,54,2,1,1,0.663209522332407,0.34057237261364,0.62884822080021,0.462405850518395
mle01,retest,20181113,5,55,2,1,1,0.652586680672832,0.574309151771591,0.357883326389541,0.293954736302426
mle01,retest,20181113,5,56,1,1,1,0.873343456465339,0.911071251423572,0.693922144648361,0.559603669544323
mle01,retest,20181113,5,57,2,1,1,0.99386453509407,0.691009022519126,0.700122372726965,0.490714000217977
mle01,retest,20181113,5,58,2,1,1,0.533459692732459,1.21985586603145,0.445052547009919,0.895335205035578
mle01,retest,20181113,5,59,1,1,1,0.309105438889608,0.157061566077991,0.486365497157469,0.344254173318518
mle01,retest,20181113,5,60,1,1,1,0.756796968934484,0.416661178190429,0.599005032733334,0.418456862611188
mle01,retest,20181113,5,61,2,1,1,1.42956094047388,1.25525039283647,0.651716429227436,0.80717921045729
mle01,retest,20181113,5,62,1,1,1,0.405890814003098,0.466638936870909,0.581976866252022,0.548336025572194
mle01,retest,20181113,5,63,2,1,1,0.445618004237187,0.353895212429215,0.416383750667843,0.390548441607703
mle01,retest,20181113,5,64,2,1,1,0.365908801733427,0.286911396894747,0.487624627490448,0.232294676625141
mle01,retest,20181113,5,65,2,1,1,0.346623275558648,0.53770485035176,0.422406850820312,0.432061783546495
mle01,retest,20181113,5,66,2,1,1,0.527411426192185,0.365244926293967,0.993831114187918,0.425434195119388
mle01,retest,20181113,5,67,1,1,1,0.591355130306596,0.537939811826318,0.519453798932548,0.379518878255214
mle01,retest,20181113,5,68,1,1,1,0.461094363030352,0.570834717936858,0.44876529602752,0.477055034484774
mle01,retest,20181113,5,69,1,0,0,NaN,NaN,NaN,NaN
mle01,retest,20181113,5,70,1,1,1,1.58769049420153,1.24066687915617,0.931264770135548,0.890283417969086
mle01,retest,20181113,5,71,1,1,1,0.436482559764187,0.400298070498738,0.692872465237863,0.608827159684609
mle01,retest,20181113,5,72,1,1,1,0.142497457166446,0.330783252321092,0.633127842729959,0.479327822027228
mle01,retest,20181113,5,73,1,1,1,0.436938830660187,0.431353374665299,0.525434003154512,0.378369088331061
mle01,retest,20181113,5,74,1,1,1,0.201403993503128,0.182054955148517,0.359926033357026,0.187830012870014
mle01,retest,20181113,5,75,1,1,1,0.284214094560684,0.129614250977763,0.496899963522711,0.208813195957777
mle01,retest,20181113,5,76,1,1,1,0.36540058374397,0.201699944118631,0.474013555824404,0.365769286363138
mle01,retest,20181113,5,77,1,1,1,0.528221884435371,0.582665016349187,0.735566806891362,0.702930788139082
mle01,retest,20181113,5,78,1,1,1,0.536319983786953,0.401835275092026,0.789833081745171,0.317138695473867
mle01,retest,20181113,5,79,1,1,1,0.838070258480607,0.625196139738996,0.544353483756225,0.383097961398334
mle01,retest,20181113,5,80,1,1,1,0.923862906427896,0.673160981752773,0.607554236128392,0.413313912994001
mle01,retest,20181113,5,81,1,1,1,0.327886835867707,0.525421249326332,0.658827444484225,0.522859355791843
mle01,retest,20181113,5,82,1,1,1,0.318475126305588,0.276276927589127,0.357619481226627,0.443170712896083
mle01,retest,20181113,5,83,1,1,1,0.99696092093543,1.02992083666356,0.976141755239225,0.594135178800829
mle01,retest,20181113,5,84,1,1,1,0.53901162057538,0.520387627579237,0.355848223948657,0.323563767872463
mle01,retest,20181113,5,85,1,1,1,0.356681619759708,0.785280967237506,1.06065917870315,0.893153995680314
mle01,retest,20181113,5,86,2,1,1,0.679448697275602,0.921289997440232,0.86094444078507,0.539192138575584
mle01,retest,20181113,5,87,1,1,1,0.407865869706741,0.174425496189532,0.577687046631092,0.506542865473841
mle01,retest,20181113,5,88,1,1,1,1.0104934382792,0.869966708132151,0.789500581758299,0.635732971042358
mle01,retest,20181113,5,89,1,1,1,0.78195577427459,0.514304525174563,0.640688992781143,0.313840137675441
mle01,retest,20181113,5,90,1,1,1,0.956110671516138,0.685761980312948,1.063813682168,0.557268220317858
mle01,retest,20181113,5,91,1,1,1,0.890686915566752,0.56436034717865,0.888910196913262,0.597340773223098
mle01,retest,20181113,5,92,NaN,0,0,NaN,NaN,NaN,NaN
mle01,retest,20181113,5,93,1,0,0,NaN,NaN,NaN,NaN
mle01,retest,20181113,5,94,1,0,0,NaN,NaN,NaN,NaN
mle01,retest,20181113,5,95,1,1,1,0.766981536621369,0.581450020579563,0.401617922459188,0.387674713566147
mle01,retest,20181113,5,96,1,1,1,0.245304194973732,0.0885627748180993,0.436294797001128,0.354963871135826
mle01,retest,20181113,5,97,1,1,1,0.963553378758965,0.837225537526745,0.631266620952397,0.512090313061169
mle01,retest,20181113,5,98,1,1,1,0.321049584833524,0.618248796278203,0.580196178329183,0.422177738598495
mle01,retest,20181113,5,99,2,1,1,0.278666179106856,0.172331736760725,0.779675511614246,0.321544738611004
mle01,retest,20181113,5,100,NaN,0,0,NaN,NaN,NaN,NaN
