subject,session,recordingDate,runNumber,trial,label,referenceAccepted,currentAccepted,referenceStep,currentStep,referenceNearby,currentNearby
spe30,pre,20180718,1,1,2,1,1,0.176621986666129,0.176621986666129,0.633921335071965,0.633921335071965
spe30,pre,20180718,1,2,1,1,1,0.972602584962468,0.527695344243287,0.609937082223027,0.50476117151056
spe30,pre,20180718,1,3,1,1,1,0.209555978059566,0.209555978059566,0.354992255965982,0.354992255965982
spe30,pre,20180718,1,4,1,1,1,0.468465767542563,0.468465767542563,0.456111892014161,0.456111892014161
spe30,pre,20180718,1,5,2,1,1,0.263652044071925,0.263652044071925,0.395344427923253,0.395344427923253
spe30,pre,20180718,1,6,2,1,1,0.71007178928344,0.71007178928344,0.622074475624655,0.622074475624655
spe30,pre,20180718,1,7,2,1,1,0.88871053330227,0.88871053330227,0.800930008635291,0.800930008635291
spe30,pre,20180718,1,8,2,1,1,0.320244231011467,0.320244231011467,0.731213141032409,0.731213141032409
spe30,pre,20180718,1,9,2,1,1,0.604049303813881,0.604049303813881,0.452762942272511,0.452762942272511
spe30,pre,20180718,1,10,1,1,1,0.297515268097094,0.297515268097094,0.376021946309048,0.376021946309048
spe30,pre,20180718,1,11,2,1,1,0.299649112813874,0.299649112813874,0.484845041365406,0.484845041365406
spe30,pre,20180718,1,12,1,1,1,0.230663038965532,0.230663038965532,0.372096608118229,0.372096608118229
spe30,pre,20180718,1,13,1,1,1,0.891512461865075,0.891512461865075,0.787101156307712,0.787101156307712
spe30,pre,20180718,1,14,2,1,1,1.04873726018403,1.04873726018403,0.494478173390491,0.494478173390491
spe30,pre,20180718,1,15,2,1,1,0.661709335343411,0.661709335343411,0.42596484275384,0.42596484275384
spe30,pre,20180718,1,16,2,1,1,0.705993580298284,0.705993580298284,0.30066698489154,0.30066698489154
spe30,pre,20180718,1,17,1,1,1,0.16266775367569,0.16266775367569,0.37049086819588,0.37049086819588
spe30,pre,20180718,1,18,1,1,1,0.580393833909051,0.365096903710563,0.618705624047501,0.389441159208104
spe30,pre,20180718,1,19,1,1,1,0.121609608696645,0.451153947974918,0.623998051004758,0.571555148795302
spe30,pre,20180718,1,20,2,1,1,0.26824481393063,0.26824481393063,0.355421913876146,0.355421913876146
spe30,pre,20180718,1,21,1,1,1,0.145316368958054,0.145316368958054,0.450268328782766,0.450268328782766
spe30,pre,20180718,1,22,1,1,1,0.447871836907052,0.364473149522988,0.545442504634257,0.480398450649697
spe30,pre,20180718,1,23,1,1,1,0.251448444005382,0.251448444005382,0.256196843970162,0.256196843970162
spe30,pre,20180718,1,24,1,1,1,0.358085857899259,0.358085857899259,0.512286087473667,0.512286087473667
spe30,pre,20180718,1,25,1,1,1,0.57516067137438,0.57516067137438,0.450344770741516,0.450344770741516
spe30,pre,20180718,1,26,1,1,1,0.546178669309798,0.546178669309798,0.601544613607528,0.601544613607528
spe30,pre,20180718,1,27,1,1,1,1.13538870598783,0.771283371299149,0.814248288518596,0.614208027433027
spe30,pre,20180718,1,28,2,1,1,0.410859688813796,0.410859688813796,0.425701180048866,0.425701180048866
spe30,pre,20180718,1,29,1,1,1,0.381467654149164,0.344094145015029,0.551560057076152,0.482431485907308
spe30,pre,20180718,1,30,1,1,1,0.235154131534922,0.235154131534922,0.419238122352738,0.419238122352738
spe30,pre,20180718,1,31,1,1,1,0.719394240956281,0.719394240956281,0.587438338723465,0.587438338723465
spe30,pre,20180718,1,32,1,1,1,0.400830878262802,0.400830878262802,0.376000601297506,0.376000601297506
spe30,pre,20180718,1,33,1,1,1,0.263972057616702,0.263972057616702,0.374862853635776,0.374862853635776
spe30,pre,20180718,1,34,1,1,1,1.00577207458175,1.00577207458175,0.601805708338418,0.601805708338418
spe30,pre,20180718,1,35,1,1,1,0.239950718638447,0.239950718638447,0.433925521778609,0.433925521778609
spe30,pre,20180718,1,36,1,1,1,0.392475362846509,0.392475362846509,0.401136682143921,0.401136682143921
spe30,pre,20180718,1,37,2,1,1,0.411576675758586,0.379147684589619,0.409579024296333,0.408083133264145
spe30,pre,20180718,1,38,1,1,1,0.439575698858152,0.439575698858152,0.491399406075766,0.491399406075766
spe30,pre,20180718,1,39,2,1,1,0.214627109376639,0.214627109376639,0.205119674768358,0.205119674768358
spe30,pre,20180718,1,40,1,1,1,0.333918618318726,0.333918618318726,0.395692361849432,0.395692361849432
spe30,pre,20180718,1,41,2,1,1,0.626745335266579,0.626745335266579,0.525069736344876,0.525069736344876
spe30,pre,20180718,1,42,1,1,1,0.277129891449983,0.277129891449983,0.264268236053606,0.264268236053606
spe30,pre,20180718,1,43,1,1,1,0.427879806789445,0.427879806789445,0.489570939513938,0.489570939513938
spe30,pre,20180718,1,44,2,1,1,0.673089511211156,0.673089511211156,0.709217544374692,0.709217544374692
spe30,pre,20180718,1,45,1,1,1,0.245154970735578,0.245154970735578,0.295360423860038,0.295360423860038
spe30,pre,20180718,1,46,1,1,1,0.415869286504882,0.660696952840791,0.323898032524086,0.358563552254972
spe30,pre,20180718,1,47,2,1,1,0.579805869199378,0.579805869199378,0.459257978004445,0.459257978004445
spe30,pre,20180718,1,48,2,1,1,0.355251589030422,0.355251589030422,0.300419860135122,0.300419860135122
spe30,pre,20180718,1,49,1,1,1,0.327729743916467,0.327729743916467,0.376373294922794,0.376373294922794
spe30,pre,20180718,1,50,2,1,1,0.353374766109538,0.353374766109538,0.427791644720906,0.427791644720906
spe30,pre,20180718,1,51,1,1,1,0.407948114656086,0.407948114656086,0.411086996505883,0.411086996505883
spe30,pre,20180718,1,52,1,1,1,0.260350403155218,0.260350403155218,0.506214639831431,0.506214639831431
spe30,pre,20180718,1,53,2,1,1,0.512315225096668,0.512315225096668,0.462814369723282,0.462814369723282
spe30,pre,20180718,1,54,1,1,1,0.370160767129637,0.370160767129637,0.330689504658947,0.330689504658947
spe30,pre,20180718,1,55,2,1,1,0.60135724387182,0.60135724387182,0.420127605931903,0.420127605931903
spe30,pre,20180718,1,56,1,1,1,0.497659475738951,0.497659475738951,0.780957114657009,0.780957114657009
spe30,pre,20180718,1,57,1,1,1,0.714677666266976,0.714677666266976,0.499419017006383,0.499419017006383
spe30,pre,20180718,1,58,1,1,1,0.465071978907717,0.465071978907717,0.321752355703034,0.321752355703034
spe30,pre,20180718,1,59,1,1,1,0.773177864861457,0.773177864861457,0.48938416253242,0.48938416253242
spe30,pre,20180718,1,60,1,1,1,0.691568418235537,0.691568418235537,0.453968551478778,0.453968551478778
spe30,pre,20180718,1,61,2,1,1,0.340771755930697,0.340771755930697,0.431012426967922,0.431012426967922
spe30,pre,20180718,1,62,1,1,1,0.42547482878458,0.42547482878458,0.327180804690883,0.327180804690883
spe30,pre,20180718,1,63,1,1,1,0.595509104460124,0.595509104460124,0.573821996020931,0.573821996020931
spe30,pre,20180718,1,64,1,1,1,0.159114606972011,0.159114606972011,0.576551129156976,0.576551129156976
spe30,pre,20180718,1,65,1,1,1,0.402257280761483,0.402257280761483,0.363321296491942,0.363321296491942
spe30,pre,20180718,1,66,1,1,1,0.160075194496817,0.160075194496817,0.544235178718069,0.544235178718069
spe30,pre,20180718,1,67,1,1,1,0.331353846246451,0.331353846246451,0.516460190183114,0.516460190183114
spe30,pre,20180718,1,68,2,1,1,0.399399147430779,0.399399147430779,0.40499468748598,0.40499468748598
spe30,pre,20180718,1,69,1,1,1,1.24878625919478,1.24878625919478,0.621886693348253,0.621886693348253
spe30,pre,20180718,1,70,1,1,1,1.19641448779081,1.19641448779081,0.74295823226129,0.74295823226129
spe30,pre,20180718,1,71,1,1,1,0.472880941859247,0.472880941859247,0.387046951148059,0.387046951148059
spe30,pre,20180718,1,72,2,1,1,0.491371280446279,0.491371280446279,0.458144826011029,0.458144826011029
spe30,pre,20180718,1,73,2,1,1,0.295246213917198,0.295246213917198,0.433870722487077,0.433870722487077
spe30,pre,20180718,1,74,1,1,1,0.95037787165817,0.95037787165817,0.69950368299452,0.69950368299452
spe30,pre,20180718,1,75,2,1,1,0.454816219665989,0.454816219665989,0.502963497192275,0.502963497192275
spe30,pre,20180718,1,76,1,0,0,NaN,NaN,NaN,NaN
spe30,pre,20180718,1,77,1,0,0,NaN,NaN,NaN,NaN
spe30,pre,20180718,1,78,1,1,1,0.850649745487449,0.850649745487449,0.464592255372583,0.464592255372583
spe30,pre,20180718,1,79,1,1,1,0.386778970111897,0.386778970111897,0.681120787299091,0.681120787299091
spe30,pre,20180718,1,80,1,1,1,0.835951408388389,0.835951408388389,0.684213679425228,0.684213679425228
spe30,pre,20180718,1,81,2,1,1,0.551628925758156,0.551628925758156,0.462679651894611,0.462679651894611
spe30,pre,20180718,1,82,2,1,1,0.532375810429554,0.532375810429554,0.36879657779242,0.36879657779242
spe30,pre,20180718,1,83,1,1,1,0.279863112851367,0.279863112851367,0.357181839003102,0.357181839003102
spe30,pre,20180718,1,84,1,1,1,0.446298028068572,0.446298028068572,0.551949125827677,0.551949125827677
spe30,pre,20180718,1,85,1,1,1,0.50696622530284,0.50696622530284,0.464695779042989,0.464695779042989
spe30,pre,20180718,1,86,1,1,1,0.274056351259562,0.274056351259562,0.467029503298141,0.467029503298141
spe30,pre,20180718,1,87,1,1,1,0.280447692993449,0.280447692993449,0.416185732388941,0.416185732388941
spe30,pre,20180718,1,88,2,1,1,0.174342946428328,0.174342946428328,0.528482111279951,0.528482111279951
spe30,pre,20180718,1,89,1,1,1,0.560800044736244,0.560800044736244,0.39236171872585,0.39236171872585
spe30,pre,20180718,1,90,1,1,1,0.506339847554467,0.506339847554467,0.552810519828593,0.552810519828593
spe30,pre,20180718,1,91,2,1,1,1.11722936011108,0.58190756916818,0.743131866768378,0.364833637173324
spe30,pre,20180718,1,92,1,1,1,0.350667057171586,0.350667057171586,0.442841641089104,0.442841641089104
spe30,pre,20180718,1,93,2,1,1,0.409141966079279,0.409141966079279,0.615713140479362,0.615713140479362
spe30,pre,20180718,1,94,2,1,1,0.874200052807176,0.874200052807176,0.377179641845457,0.377179641845457
spe30,pre,20180718,1,95,1,1,1,0.395204428508864,0.395204428508864,0.322163695809956,0.322163695809956
spe30,pre,20180718,1,96,2,1,1,0.241922235173825,0.241922235173825,0.557693970746661,0.557693970746661
spe30,pre,20180718,1,97,2,1,1,0.332342035291513,0.332342035291513,0.402510081080972,0.402510081080972
spe30,pre,20180718,1,98,1,1,1,0.341259316155262,0.341259316155262,0.343769152478028,0.343769152478028
spe30,pre,20180718,1,99,1,1,1,0.245117576558386,0.245117576558386,0.243344777281255,0.243344777281255
spe30,pre,20180718,1,100,1,1,1,0.308289388525303,0.128411111990572,0.486936660476655,0.305467792220304
spe30,pre,20180718,1,101,NaN,0,0,NaN,NaN,NaN,NaN
spe30,pre,20180718,2,1,1,1,1,0.638227360877788,0.367061335648776,0.669881251627794,0.57527662919339
spe30,pre,20180718,2,2,1,1,1,0.893657245542537,0.893657245542537,0.41553411084981,0.41553411084981
spe30,pre,20180718,2,3,2,1,1,0.154418737707214,0.154418737707214,0.311372843687931,0.311372843687931
spe30,pre,20180718,2,4,2,1,1,0.456177432140167,0.456177432140167,0.524128171638939,0.524128171638939
spe30,pre,20180718,2,5,1,1,1,0.277907127913007,0.38304305502162,0.457398151644313,0.328023922381168
spe30,pre,20180718,2,6,2,1,1,0.13282527891338,0.13282527891338,0.218999080115193,0.218999080115193
spe30,pre,20180718,2,7,2,1,1,0.690247260372971,0.690247260372971,0.320192221297081,0.320192221297081
spe30,pre,20180718,2,8,2,1,1,0.392187272466204,0.392187272466204,0.405326236214801,0.405326236214801
spe30,pre,20180718,2,9,1,1,1,0.345371460569091,0.345371460569091,0.335135833652965,0.335135833652965
spe30,pre,20180718,2,10,1,1,1,0.457441180377558,0.457441180377558,0.423318605197874,0.423318605197874
spe30,pre,20180718,2,11,2,1,1,0.240732478101949,0.240732478101949,0.291964965747492,0.291964965747492
spe30,pre,20180718,2,12,1,1,1,0.247970895188068,0.247970895188068,0.274340669960927,0.274340669960927
spe30,pre,20180718,2,13,2,1,1,0.559141387649633,0.559141387649633,0.368676790114725,0.368676790114725
spe30,pre,20180718,2,14,1,1,1,0.495748306473136,0.495748306473136,0.368022197101508,0.368022197101508
spe30,pre,20180718,2,15,1,1,1,0.532308252717271,0.532308252717271,0.392499829189067,0.392499829189067
spe30,pre,20180718,2,16,2,1,1,0.422704501412037,0.422704501412037,0.480792784524487,0.480792784524487
spe30,pre,20180718,2,17,2,1,1,0.168776850575108,0.168776850575108,0.332891802425389,0.332891802425389
spe30,pre,20180718,2,18,2,1,1,0.581783421041098,0.581783421041098,0.430563363858487,0.430563363858487
spe30,pre,20180718,2,19,1,1,1,0.230259546115941,0.230259546115941,0.346722937040131,0.346722937040131
spe30,pre,20180718,2,20,1,1,1,0.607470948902299,0.607470948902299,0.34167164720893,0.34167164720893
spe30,pre,20180718,2,21,1,1,1,0.254129796463751,0.254129796463751,0.428914388206673,0.428914388206673
spe30,pre,20180718,2,22,2,1,1,0.322752109125154,0.322752109125154,0.382447549955714,0.382447549955714
spe30,pre,20180718,2,23,2,1,1,0.185451301100691,0.219226279725911,0.323376026141595,0.310659268220581
spe30,pre,20180718,2,24,1,1,1,0.205598772500379,0.205598772500379,0.277261873183284,0.277261873183284
spe30,pre,20180718,2,25,1,1,1,0.581235070219892,0.581235070219892,0.465042257624263,0.465042257624263
spe30,pre,20180718,2,26,2,1,1,0.724422540345774,0.724422540345774,0.499408642585487,0.499408642585487
spe30,pre,20180718,2,27,2,1,1,0.341694965015077,0.341694965015077,0.439684450997487,0.439684450997487
spe30,pre,20180718,2,28,2,1,1,0.461912891429443,0.461912891429443,0.321826239798973,0.321826239798973
spe30,pre,20180718,2,29,1,1,1,0.340639555291139,0.340639555291139,0.334828507421066,0.334828507421066
spe30,pre,20180718,2,30,1,1,1,0.394689962831709,0.394689962831709,0.322274191519055,0.322274191519055
spe30,pre,20180718,2,31,2,1,1,0.655238014487109,0.655238014487109,0.594826708362174,0.594826708362174
spe30,pre,20180718,2,32,2,1,1,0.418281083089433,0.418281083089433,0.383747476313726,0.383747476313726
spe30,pre,20180718,2,33,1,1,1,0.729053661646833,0.729053661646833,0.428600934021105,0.428600934021105
spe30,pre,20180718,2,34,1,1,1,0.329370022493127,0.329370022493127,0.386375453208545,0.386375453208545
spe30,pre,20180718,2,35,1,1,1,0.185854424125211,0.185854424125211,0.238741833578664,0.238741833578664
spe30,pre,20180718,2,36,1,1,1,0.221109448475397,0.221109448475397,0.531879172287697,0.531879172287697
spe30,pre,20180718,2,37,1,1,1,0.59379557875948,0.59379557875948,0.526609549122338,0.526609549122338
spe30,pre,20180718,2,38,1,1,1,0.19078440264663,0.19078440264663,0.297627801050485,0.297627801050485
spe30,pre,20180718,2,39,1,1,1,0.70113695954543,0.481992048402265,0.566849059385941,0.380205269977442
spe30,pre,20180718,2,40,1,1,1,0.12628210686267,0.12628210686267,0.261436666732112,0.261436666732112
spe30,pre,20180718,2,41,1,1,1,0.293784991434828,0.293784991434828,0.663150792553311,0.663150792553311
spe30,pre,20180718,2,42,1,1,1,0.304909679050408,0.304909679050408,0.318918690134809,0.318918690134809
spe30,pre,20180718,2,43,1,1,1,0.363136123502358,0.417463920798968,0.347342362873755,0.35683168666927
spe30,pre,20180718,2,44,1,1,1,0.629477980462653,0.629477980462653,0.612049113361998,0.612049113361998
spe30,pre,20180718,2,45,1,1,1,0.34741469807203,0.34741469807203,0.478342882827558,0.478342882827558
spe30,pre,20180718,2,46,2,1,1,0.507563694219406,0.507563694219406,0.293555959726135,0.293555959726135
spe30,pre,20180718,2,47,1,1,1,0.356980253545959,0.356980253545959,0.305769585123307,0.305769585123307
spe30,pre,20180718,2,48,2,1,1,0.687780139468791,0.687780139468791,0.472670399404211,0.472670399404211
spe30,pre,20180718,2,49,2,1,1,0.372440191865937,0.37541395765115,0.354019440023254,0.341813785308191
spe30,pre,20180718,2,50,1,1,1,0.927982433899891,0.927982433899891,0.419514430171144,0.419514430171144
spe30,pre,20180718,2,51,1,1,1,0.318827237144825,0.318827237144825,0.738441003262927,0.738441003262927
spe30,pre,20180718,2,52,2,1,1,0.193557199716445,0.264989830159271,0.561203187351345,0.320196865475996
spe30,pre,20180718,2,53,2,1,1,0.70769681031313,0.70769681031313,0.526531007281017,0.526531007281017
spe30,pre,20180718,2,54,1,1,1,0.189582410675368,0.189582410675368,0.356952499017452,0.356952499017452
spe30,pre,20180718,2,55,2,1,1,0.71913540319909,0.71913540319909,0.508677036077431,0.508677036077431
spe30,pre,20180718,2,56,2,1,1,0.498469840305834,0.498469840305834,0.501084391567334,0.501084391567334
spe30,pre,20180718,2,57,2,1,1,0.397929580841278,0.397929580841278,0.454003168295987,0.454003168295987
spe30,pre,20180718,2,58,2,1,1,0.492813661176046,0.492813661176046,0.404980255358638,0.404980255358638
spe30,pre,20180718,2,59,2,1,1,0.463573532187522,0.463573532187522,0.42430367268442,0.42430367268442
spe30,pre,20180718,2,60,1,1,1,0.130448028723877,0.255284938041635,0.431745553936871,0.343623305952643
spe30,pre,20180718,2,61,2,1,1,0.318305285218733,0.318305285218733,0.407055499101429,0.407055499101429
spe30,pre,20180718,2,62,1,1,1,0.340872148877403,0.340872148877403,0.420070012159644,0.420070012159644
spe30,pre,20180718,2,63,1,1,1,0.271921030326966,0.271921030326966,0.325653790328742,0.325653790328742
spe30,pre,20180718,2,64,1,1,1,0.103686889745126,0.103686889745126,0.225156927381286,0.225156927381286
spe30,pre,20180718,2,65,1,1,1,0.301639857202013,0.301639857202013,0.491928170863354,0.491928170863354
spe30,pre,20180718,2,66,1,1,1,0.485883967292303,0.485883967292303,0.460920758359048,0.460920758359048
spe30,pre,20180718,2,67,1,1,1,0.238599812812932,0.238599812812932,0.450875660529115,0.450875660529115
spe30,pre,20180718,2,68,1,1,1,0.585321291839247,0.585321291839247,0.539260435769767,0.539260435769767
spe30,pre,20180718,2,69,1,1,1,0.241604773879964,0.241604773879964,0.307664743504019,0.307664743504019
spe30,pre,20180718,2,70,1,1,1,0.218147256976672,0.218147256976672,0.514808604398947,0.514808604398947
spe30,pre,20180718,2,71,2,1,1,0.539035613157646,0.539035613157646,0.479564100679603,0.479564100679603
spe30,pre,20180718,2,72,1,1,1,0.165885864864157,0.165885864864157,0.249815813897052,0.249815813897052
spe30,pre,20180718,2,73,1,1,1,0.430884423613309,0.430884423613309,0.432756685577697,0.432756685577697
spe30,pre,20180718,2,74,1,1,1,0.53438309109912,0.53438309109912,0.400358193509522,0.400358193509522
spe30,pre,20180718,2,75,1,1,1,1.02183465204204,1.02183465204204,0.608294720502552,0.608294720502552
spe30,pre,20180718,2,76,2,1,1,0.70783566831876,0.635940835703076,0.675135249368947,0.586364489142112
spe30,pre,20180718,2,77,1,1,1,0.767109515072524,0.767109515072524,0.567881841554805,0.567881841554805
spe30,pre,20180718,2,78,1,1,1,0.706120144273651,0.706120144273651,0.468992126242022,0.468992126242022
spe30,pre,20180718,2,79,1,1,1,0.26116787735306,0.26116787735306,0.276789966722842,0.276789966722842
spe30,pre,20180718,2,80,1,1,1,0.264146260339162,0.264146260339162,0.36764893598601,0.36764893598601
spe30,pre,20180718,2,81,1,1,1,0.373196903408123,0.373196903408123,0.548039657031336,0.548039657031336
spe30,pre,20180718,2,82,1,1,1,0.723289778543168,0.254445186344571,0.700494977187722,0.455371670710769
spe30,pre,20180718,2,83,1,1,1,0.512833884213164,0.571979976284387,0.443720693306422,0.420282721571447
spe30,pre,20180718,2,84,1,1,1,0.340804222912743,0.340804222912743,0.334078440864876,0.334078440864876
spe30,pre,20180718,2,85,1,1,1,0.24268451988592,0.24268451988592,0.305402712030066,0.305402712030066
spe30,pre,20180718,2,86,2,1,1,0.458462883551194,0.458462883551194,0.427849685464574,0.427849685464574
spe30,pre,20180718,2,87,2,1,1,0.353200322415027,0.353200322415027,0.383656182845054,0.383656182845054
spe30,pre,20180718,2,88,1,1,1,0.550130485661032,0.550130485661032,0.451337379133582,0.451337379133582
spe30,pre,20180718,2,89,1,1,1,0.714133819602993,0.714133819602993,0.51887989447603,0.51887989447603
spe30,pre,20180718,2,90,1,1,1,0.393910671036776,0.393910671036776,0.279291998406957,0.279291998406957
spe30,pre,20180718,2,91,1,1,1,0.586186432574186,0.586186432574186,0.546112245261882,0.546112245261882
spe30,pre,20180718,2,92,1,1,1,0.771519607048943,0.352836096549288,0.706073788427716,0.436253270848083
spe30,pre,20180718,2,93,1,1,1,0.487308228951589,0.487308228951589,0.437743354095436,0.437743354095436
spe30,pre,20180718,2,94,1,1,1,0.91779284126661,0.91779284126661,0.699569580934325,0.699569580934325
spe30,pre,20180718,2,95,1,1,1,0.968212314528478,0.968212314528478,0.535904363414244,0.535904363414244
spe30,pre,20180718,2,96,2,1,1,0.545091041509604,0.545091041509604,0.50071521882562,0.50071521882562
spe30,pre,20180718,2,97,1,1,1,0.632350506709969,0.632350506709969,0.453592730560006,0.453592730560006
spe30,pre,20180718,2,98,1,1,1,0.768352111090149,0.807544226601943,0.486038812919297,0.47293042653849
spe30,pre,20180718,2,99,2,1,1,0.48203473221247,0.48203473221247,0.44522730269231,0.44522730269231
spe30,pre,20180718,2,100,1,1,1,0.518081932118822,0.319505957488026,0.626741310974875,0.589083077730997
spe30,pre,20180718,2,101,NaN,0,0,NaN,NaN,NaN,NaN
spe30,pre,20180718,3,1,2,1,1,0.28863512875922,0.28863512875922,0.440271883248654,0.440271883248654
spe30,pre,20180718,3,2,1,1,1,0.192890559941184,0.21888760804961,0.508827924418072,0.313171567334771
spe30,pre,20180718,3,3,2,1,1,0.711935405332314,0.764726732178305,0.610239112281064,0.595702530555223
spe30,pre,20180718,3,4,1,1,1,0.429128146032282,0.429128146032282,0.387713950747918,0.387713950747918
spe30,pre,20180718,3,5,2,1,1,0.099966355405483,0.099966355405483,0.205816958856671,0.205816958856671
spe30,pre,20180718,3,6,1,1,1,0.440165363240294,0.448652659415146,0.418500905939497,0.489720981664547
spe30,pre,20180718,3,7,1,1,1,0.433115278638152,0.433115278638152,0.458477645205563,0.458477645205563
spe30,pre,20180718,3,8,2,1,1,0.394151361862028,0.394151361862028,0.329286296071974,0.329286296071974
spe30,pre,20180718,3,9,1,1,1,0.643529362577784,0.643529362577784,0.700449750282649,0.700449750282649
spe30,pre,20180718,3,10,1,1,1,0.419358095356754,0.419358095356754,0.748899647169541,0.748899647169541
spe30,pre,20180718,3,11,2,1,1,0.157632927107512,0.118716365493182,0.363880891984511,0.467013277230526
spe30,pre,20180718,3,12,1,1,1,0.618899173954737,0.618899173954737,0.458690093255073,0.458690093255073
spe30,pre,20180718,3,13,1,1,1,0.620264044066313,0.620264044066313,0.501858944091075,0.501858944091075
spe30,pre,20180718,3,14,2,1,1,0.10566782331468,0.10566782331468,0.300714097458408,0.300714097458408
spe30,pre,20180718,3,15,1,1,1,0.187544694888923,0.187544694888923,0.348177510422573,0.348177510422573
spe30,pre,20180718,3,16,1,1,1,0.194406398551197,0.194406398551197,0.346035813829584,0.346035813829584
spe30,pre,20180718,3,17,1,1,1,0.175694652705388,0.175694652705388,0.264432480082214,0.264432480082214
spe30,pre,20180718,3,18,1,1,1,0.187060555568951,0.187060555568951,0.363120860314639,0.363120860314639
spe30,pre,20180718,3,19,2,1,1,0.334304970679027,0.334304970679027,0.341938436830919,0.341938436830919
spe30,pre,20180718,3,20,1,1,1,0.411987913134273,0.411987913134273,0.429909074455745,0.429909074455745
spe30,pre,20180718,3,21,1,1,1,0.706296495890135,0.706296495890135,0.416020216549645,0.416020216549645
spe30,pre,20180718,3,22,1,1,1,0.964943630012806,0.964943630012806,0.504109187231652,0.504109187231652
spe30,pre,20180718,3,23,2,1,1,0.82145843987896,0.82145843987896,0.330200681011413,0.330200681011413
spe30,pre,20180718,3,24,1,1,1,0.39705309900762,0.39705309900762,0.242950960920776,0.242950960920776
spe30,pre,20180718,3,25,1,1,1,0.650785141417394,0.650785141417394,0.357238022267032,0.357238022267032
spe30,pre,20180718,3,26,2,1,1,0.151956070321913,0.151956070321913,0.25948639756851,0.25948639756851
spe30,pre,20180718,3,27,2,1,1,0.653323141429103,0.568453598070607,0.590715009643923,0.411157524780332
spe30,pre,20180718,3,28,1,1,1,0.463039012918658,0.463039012918658,0.337230947649508,0.337230947649508
spe30,pre,20180718,3,29,2,1,1,0.121407415666665,0.121407415666665,0.484593689735271,0.484593689735271
spe30,pre,20180718,3,30,1,1,1,0.407500168081611,0.407500168081611,0.379814559370963,0.379814559370963
spe30,pre,20180718,3,31,1,1,1,0.637642179330076,0.637642179330076,0.434062258246411,0.434062258246411
spe30,pre,20180718,3,32,1,1,1,0.133500772086918,0.133500772086918,0.38309152314841,0.38309152314841
spe30,pre,20180718,3,33,1,1,1,0.279442566809947,0.279442566809947,0.505560478344136,0.505560478344136
spe30,pre,20180718,3,34,2,1,1,0.424699545662534,0.684344567265107,0.495493695581409,0.576243952660394
spe30,pre,20180718,3,35,1,1,1,0.56164795191529,0.56164795191529,0.438289680693122,0.438289680693122
spe30,pre,20180718,3,36,1,1,1,0.241976221806212,0.241976221806212,0.290308092345184,0.290308092345184
spe30,pre,20180718,3,37,1,1,1,0.495670027401202,0.495670027401202,0.408632787592764,0.408632787592764
spe30,pre,20180718,3,38,1,1,1,0.645810646199272,0.645810646199272,0.573190468479176,0.573190468479176
spe30,pre,20180718,3,39,1,1,1,0.274244434859864,0.274244434859864,0.547118924582541,0.547118924582541
spe30,pre,20180718,3,40,1,1,1,0.212269586250944,0.212269586250944,0.369176354480503,0.369176354480503
spe30,pre,20180718,3,41,2,1,1,0.554440520043551,0.554440520043551,0.469152057605878,0.469152057605878
spe30,pre,20180718,3,42,1,1,1,0.237938905522062,0.237938905522062,0.301785594361116,0.301785594361116
spe30,pre,20180718,3,43,1,1,1,0.489328169922647,0.489328169922647,0.282492597452978,0.282492597452978
spe30,pre,20180718,3,44,1,1,1,0.353745311085572,0.353745311085572,0.639349072135164,0.639349072135164
spe30,pre,20180718,3,45,1,1,1,0.101769057872865,0.101769057872865,0.226078132621485,0.226078132621485
spe30,pre,20180718,3,46,1,0,0,NaN,NaN,NaN,NaN
spe30,pre,20180718,3,47,1,0,0,NaN,NaN,NaN,NaN
spe30,pre,20180718,3,48,1,1,1,0.18944421031847,0.18944421031847,0.341383799723822,0.341383799723822
spe30,pre,20180718,3,49,1,1,1,0.524150879225245,0.524150879225245,0.352177393583547,0.352177393583547
spe30,pre,20180718,3,50,2,1,1,0.408687158832553,0.408687158832553,0.355380207559091,0.355380207559091
spe30,pre,20180718,3,51,2,1,1,0.303618730397648,0.303618730397648,0.290899038217006,0.290899038217006
spe30,pre,20180718,3,52,1,1,1,0.172244347405439,0.172244347405439,0.361361916287465,0.361361916287465
spe30,pre,20180718,3,53,2,1,1,0.196569441015986,0.196569441015986,0.50922123435533,0.50922123435533
spe30,pre,20180718,3,54,2,1,1,0.413256716806974,0.413256716806974,0.391268597425816,0.391268597425816
spe30,pre,20180718,3,55,2,1,1,0.795325460951595,0.20038818177648,0.726498576370167,0.255322403113531
spe30,pre,20180718,3,56,1,1,1,0.733330730166217,0.733330730166217,0.598669688772952,0.598669688772952
spe30,pre,20180718,3,57,2,1,1,1.01757196436449,1.01757196436449,0.796161790592702,0.796161790592702
spe30,pre,20180718,3,58,1,1,1,0.191383546555221,0.191383546555221,0.264548865305263,0.264548865305263
spe30,pre,20180718,3,59,1,1,1,0.278037207831858,0.278037207831858,0.394977149443827,0.394977149443827
spe30,pre,20180718,3,60,2,1,1,0.519289712362913,0.519289712362913,0.519366011913407,0.519366011913407
spe30,pre,20180718,3,61,2,1,1,0.252086967964031,0.252086967964031,0.331873732061606,0.331873732061606
spe30,pre,20180718,3,62,2,1,1,0.45871676736746,0.45871676736746,0.327611386392082,0.327611386392082
spe30,pre,20180718,3,63,1,1,1,0.184128200958988,0.184128200958988,0.429774809488979,0.429774809488979
spe30,pre,20180718,3,64,1,1,1,0.199439988537409,0.199439988537409,0.202128206444682,0.202128206444682
spe30,pre,20180718,3,65,1,1,1,0.260742442084974,0.260742442084974,0.410719620309006,0.410719620309006
spe30,pre,20180718,3,66,2,1,1,0.169924757351265,0.169924757351265,0.276597409240844,0.276597409240844
spe30,pre,20180718,3,67,1,1,1,0.660196038732858,0.40398108238079,0.464207739725231,0.431675649853623
spe30,pre,20180718,3,68,2,1,1,0.235368629106985,0.235368629106985,0.393561171693272,0.393561171693272
spe30,pre,20180718,3,69,1,1,1,0.232249814110778,0.232249814110778,0.271408978608241,0.271408978608241
spe30,pre,20180718,3,70,1,1,1,0.472765678017105,0.472765678017105,0.460197612130358,0.460197612130358
spe30,pre,20180718,3,71,1,1,1,0.600257884591834,0.600257884591834,0.409453950409115,0.409453950409115
spe30,pre,20180718,3,72,1,1,1,1.05665931299335,1.05665931299335,0.815217559451436,0.815217559451436
spe30,pre,20180718,3,73,1,1,1,0.521935421799407,0.521935421799407,0.525147835172663,0.525147835172663
spe30,pre,20180718,3,74,1,1,1,0.383395220916303,0.383395220916303,0.309270884835693,0.309270884835693
spe30,pre,20180718,3,75,1,1,1,0.198717643954651,0.198717643954651,0.415708111195555,0.415708111195555
spe30,pre,20180718,3,76,2,1,1,0.609919247655166,0.609919247655166,0.511488696172025,0.511488696172025
spe30,pre,20180718,3,77,1,1,1,0.50230793621834,0.50230793621834,0.408868773678354,0.408868773678354
spe30,pre,20180718,3,78,2,1,1,0.364700163568675,0.364700163568675,0.398828770271687,0.398828770271687
spe30,pre,20180718,3,79,1,1,1,0.62669066069959,0.611876290219829,0.410075059014495,0.394530121596118
spe30,pre,20180718,3,80,2,1,1,0.472536374776248,0.472536374776248,0.401946953485867,0.401946953485867
spe30,pre,20180718,3,81,1,1,1,1.43496104341733,1.43496104341733,0.689229912707196,0.689229912707196
spe30,pre,20180718,3,82,1,1,1,0.735562517282738,0.735562517282738,0.443677744859651,0.443677744859651
spe30,pre,20180718,3,83,1,1,1,0.37112922933049,0.37112922933049,0.347732219418698,0.347732219418698
spe30,pre,20180718,3,84,1,1,1,0.806731702360317,0.806731702360317,0.599738577680156,0.599738577680156
spe30,pre,20180718,3,85,1,1,1,0.402355926815423,0.402355926815423,0.326714644017562,0.326714644017562
spe30,pre,20180718,3,86,1,1,1,0.659791028295431,0.699216968097597,0.383884448660619,0.342389592365501
spe30,pre,20180718,3,87,1,1,1,0.536525181982412,0.536525181982412,0.349335696740756,0.349335696740756
spe30,pre,20180718,3,88,2,1,1,0.120856631362907,0.120856631362907,0.322380216433738,0.322380216433738
spe30,pre,20180718,3,89,1,1,1,0.533587597680557,0.533587597680557,0.352426681457049,0.352426681457049
spe30,pre,20180718,3,90,2,1,1,0.146245706100474,0.146245706100474,0.305926172013562,0.305926172013562
spe30,pre,20180718,3,91,1,1,1,0.306873162522616,0.306873162522616,0.261893467639506,0.261893467639506
spe30,pre,20180718,3,92,1,1,1,0.52170166773308,0.52170166773308,0.398872837086858,0.398872837086858
spe30,pre,20180718,3,93,2,1,1,0.414808232408125,0.414808232408125,0.477703562700734,0.477703562700734
spe30,pre,20180718,3,94,2,1,1,0.547135363005737,0.126165446751465,0.515945041022856,0.322736386199093
spe30,pre,20180718,3,95,1,1,1,0.812346469902506,0.812346469902506,0.437626710121207,0.437626710121207
spe30,pre,20180718,3,96,1,1,1,0.464738476009595,0.464738476009595,0.265228953762167,0.265228953762167
spe30,pre,20180718,3,97,2,1,1,0.482225331676112,0.482225331676112,0.26619014058002,0.26619014058002
spe30,pre,20180718,3,98,2,1,1,0.284418698166174,0.284418698166174,0.278151181237907,0.278151181237907
spe30,pre,20180718,3,99,1,1,1,0.600044141519532,0.600044141519532,0.369574812354373,0.369574812354373
spe30,pre,20180718,3,100,2,1,1,0.258721002539632,0.258721002539632,0.321402248491776,0.321402248491776
spe30,pre,20180718,3,101,NaN,0,0,NaN,NaN,NaN,NaN
spe30,pre,20180718,4,1,1,1,1,0.37267224061833,0.37267224061833,0.304754897470621,0.304754897470621
spe30,pre,20180718,4,2,2,1,1,0.205883921935444,0.205883921935444,0.272234972013717,0.272234972013717
spe30,pre,20180718,4,3,2,1,1,0.283015941471914,0.283015941471914,0.267369717498538,0.267369717498538
spe30,pre,20180718,4,4,1,1,1,0.387221872923339,0.387221872923339,0.597087374455792,0.597087374455792
spe30,pre,20180718,4,5,1,1,1,0.525893938249204,0.525893938249204,0.24292335920614,0.24292335920614
spe30,pre,20180718,4,6,1,1,1,1.171039719281,1.171039719281,0.609190658098818,0.609190658098818
spe30,pre,20180718,4,7,1,1,1,0.181451378424147,0.181451378424147,0.218591526006032,0.218591526006032
spe30,pre,20180718,4,8,2,1,1,0.254619432806115,0.254619432806115,0.402943759895705,0.402943759895705
spe30,pre,20180718,4,9,2,1,1,0.443562192923247,0.443562192923247,0.352335450126532,0.352335450126532
spe30,pre,20180718,4,10,2,1,1,0.376324666595246,0.376324666595246,0.32968687163707,0.32968687163707
spe30,pre,20180718,4,11,1,1,1,0.174161000211544,0.174161000211544,0.27694949651529,0.27694949651529
spe30,pre,20180718,4,12,2,1,1,0.263023841748707,0.263023841748707,0.554739758225109,0.554739758225109
spe30,pre,20180718,4,13,2,1,1,0.534059814460777,0.534059814460777,0.452867541178988,0.452867541178988
spe30,pre,20180718,4,14,1,1,1,0.317839625420022,0.317839625420022,0.495155887734941,0.495155887734941
spe30,pre,20180718,4,15,2,1,1,0.553645102664047,0.553645102664047,0.449827850544313,0.449827850544313
spe30,pre,20180718,4,16,2,1,1,0.854803914157268,0.854803914157268,0.444321179551923,0.444321179551923
spe30,pre,20180718,4,17,1,1,1,0.479192801228188,0.479192801228188,0.422530445652014,0.422530445652014
spe30,pre,20180718,4,18,2,1,1,0.372432476434625,0.372432476434625,0.389796906873523,0.389796906873523
spe30,pre,20180718,4,19,1,1,1,0.247971759677919,0.247971759677919,0.261045472967059,0.261045472967059
spe30,pre,20180718,4,20,1,1,1,0.55353076162646,0.55353076162646,0.427429545067109,0.427429545067109
spe30,pre,20180718,4,21,1,1,1,0.221195440961196,0.295243834657686,0.3307967792644,0.267907161905794
spe30,pre,20180718,4,22,1,1,1,0.31846707586947,0.31846707586947,0.360659351862223,0.360659351862223
spe30,pre,20180718,4,23,1,1,1,0.270206676375626,0.270206676375626,0.281395999837222,0.281395999837222
spe30,pre,20180718,4,24,1,1,1,0.721647456944776,0.721647456944776,0.438968308583676,0.438968308583676
spe30,pre,20180718,4,25,2,1,1,0.197171527460578,0.197171527460578,0.408946694858185,0.408946694858185
spe30,pre,20180718,4,26,1,1,1,0.466610709043528,0.466610709043528,0.702848224704934,0.702848224704934
spe30,pre,20180718,4,27,1,1,1,0.144610842260241,0.144610842260241,0.218199181269178,0.218199181269178
spe30,pre,20180718,4,28,1,1,1,0.351629218474823,0.351629218474823,0.360054588507659,0.360054588507659
spe30,pre,20180718,4,29,1,1,1,0.306455846287387,0.306455846287387,0.3413466227872,0.3413466227872
spe30,pre,20180718,4,30,1,1,1,0.535587695459182,0.535587695459182,0.447147509637916,0.447147509637916
spe30,pre,20180718,4,31,2,1,1,0.668720362043012,0.741183522791463,0.422268006629176,0.4448777245608
spe30,pre,20180718,4,32,1,1,1,0.264724737240319,0.264724737240319,0.298469513053355,0.298469513053355
spe30,pre,20180718,4,33,1,1,1,0.28427044907367,0.28427044907367,0.479725948968327,0.479725948968327
spe30,pre,20180718,4,34,2,1,1,0.339781034152706,0.339781034152706,0.308760849069078,0.308760849069078
spe30,pre,20180718,4,35,1,1,1,0.357013519798415,0.357013519798415,0.358302581576229,0.358302581576229
spe30,pre,20180718,4,36,2,1,1,0.219747193917012,0.219747193917012,0.472676554738457,0.472676554738457
spe30,pre,20180718,4,37,1,1,1,0.545445570421304,0.545445570421304,0.412899609711914,0.412899609711914
spe30,pre,20180718,4,38,1,1,1,0.15625907861983,0.15625907861983,0.386975259776976,0.386975259776976
spe30,pre,20180718,4,39,1,1,1,0.257124819389007,0.257124819389007,0.373876998845486,0.373876998845486
spe30,pre,20180718,4,40,2,1,1,0.302874728515858,0.302874728515858,0.381884855914504,0.381884855914504
spe30,pre,20180718,4,41,1,1,1,0.298568508919685,0.298568508919685,0.457296273895245,0.457296273895245
spe30,pre,20180718,4,42,2,1,1,1.02147533591103,1.02147533591103,0.775972846512228,0.775972846512228
spe30,pre,20180718,4,43,2,1,1,0.209802766827414,0.209802766827414,0.404318042052659,0.404318042052659
spe30,pre,20180718,4,44,2,1,1,0.238407000022856,0.238407000022856,0.652206779072043,0.652206779072043
spe30,pre,20180718,4,45,2,1,1,0.449697103732652,0.449697103732652,0.374420021176993,0.374420021176993
spe30,pre,20180718,4,46,1,1,1,0.245679887436437,0.245679887436437,0.333402331001657,0.333402331001657
spe30,pre,20180718,4,47,1,1,1,0.589514837675704,0.589514837675704,0.444450849650105,0.444450849650105
spe30,pre,20180718,4,48,2,1,1,0.454792551574521,0.454792551574521,0.356227527233524,0.356227527233524
spe30,pre,20180718,4,49,1,1,1,0.246770296354394,0.246770296354394,0.422107315438538,0.422107315438538
spe30,pre,20180718,4,50,2,1,1,0.53878383230314,0.53878383230314,0.317628094407131,0.317628094407131
spe30,pre,20180718,4,51,1,1,1,0.283989944913803,0.283989944913803,0.282741425302404,0.282741425302404
spe30,pre,20180718,4,52,1,1,1,0.223993530821096,0.223993530821096,0.4826573149324,0.4826573149324
spe30,pre,20180718,4,53,1,1,1,0.265060372726193,0.265060372726193,0.435832943734624,0.435832943734624
spe30,pre,20180718,4,54,1,1,1,0.931661104664478,0.931661104664478,0.685578377541801,0.685578377541801
spe30,pre,20180718,4,55,1,1,1,0.32493131920589,0.32493131920589,0.310622289979929,0.310622289979929
spe30,pre,20180718,4,56,1,1,1,0.188427840257478,0.188427840257478,0.242042530382551,0.242042530382551
spe30,pre,20180718,4,57,1,1,1,1.63012184584046,1.63012184584046,0.531922773460123,0.531922773460123
spe30,pre,20180718,4,58,1,1,1,0.381582596288908,0.381582596288908,0.303604856337505,0.303604856337505
spe30,pre,20180718,4,59,1,1,1,0.550484810137622,0.550484810137622,0.504783193587563,0.504783193587563
spe30,pre,20180718,4,60,1,1,1,0.168046843911542,0.168046843911542,0.354230943285525,0.354230943285525
spe30,pre,20180718,4,61,2,1,1,0.2567009946263,0.2567009946263,0.229129822005599,0.229129822005599
spe30,pre,20180718,4,62,2,1,1,0.708091108130557,0.708091108130557,0.581926254076086,0.581926254076086
spe30,pre,20180718,4,63,1,1,1,0.204892542410525,0.204892542410525,0.397121815322731,0.397121815322731
spe30,pre,20180718,4,64,1,1,1,0.174116701149095,0.174116701149095,0.397009556915973,0.397009556915973
spe30,pre,20180718,4,65,2,1,1,0.990052702613484,0.990052702613484,0.497572093990531,0.497572093990531
spe30,pre,20180718,4,66,2,1,1,0.930975901367154,0.930975901367154,0.451599975054398,0.451599975054398
spe30,pre,20180718,4,67,2,1,1,0.463576520032704,0.448765787999773,0.420949583633235,0.377424930005138
spe30,pre,20180718,4,68,1,1,1,0.293526056411941,0.68094957580478,0.501293326539606,0.387950365315578
spe30,pre,20180718,4,69,1,1,1,0.464802284973906,0.464802284973906,0.466569008387063,0.466569008387063
spe30,pre,20180718,4,70,2,1,1,1.08932066790037,1.08932066790037,0.648390496105319,0.648390496105319
spe30,pre,20180718,4,71,2,1,1,0.231045127139605,0.231045127139605,0.388815436088716,0.388815436088716
spe30,pre,20180718,4,72,1,1,1,0.444160110149455,0.444160110149455,0.375536428761854,0.375536428761854
spe30,pre,20180718,4,73,1,1,1,0.75102230741215,0.75102230741215,0.385779489755862,0.385779489755862
spe30,pre,20180718,4,74,1,1,1,0.330584509019806,0.330584509019806,0.335173642823465,0.335173642823465
spe30,pre,20180718,4,75,1,1,1,0.269294783375578,0.269294783375578,0.295569255902063,0.295569255902063
spe30,pre,20180718,4,76,2,1,1,0.345867838797481,0.345867838797481,0.416156138205368,0.416156138205368
spe30,pre,20180718,4,77,2,1,1,0.29660073192527,0.29660073192527,0.495107258607181,0.495107258607181
spe30,pre,20180718,4,78,1,1,1,0.462199429583922,0.430041120924632,0.556741196290914,0.396407337427046
spe30,pre,20180718,4,79,1,1,1,0.405424325094823,0.405424325094823,0.27768856859019,0.27768856859019
spe30,pre,20180718,4,80,2,1,1,0.402585423981198,0.402585423981198,0.308676720893949,0.308676720893949
spe30,pre,20180718,4,81,1,1,1,0.784386595128911,0.784386595128911,0.547142267769128,0.547142267769128
spe30,pre,20180718,4,82,1,1,1,0.384320292132075,0.384320292132075,0.47044995463789,0.47044995463789
spe30,pre,20180718,4,83,1,1,1,0.896287378596038,0.896287378596038,0.394040467958665,0.394040467958665
spe30,pre,20180718,4,84,1,1,1,0.128477906345743,0.128477906345743,0.149066503643528,0.149066503643528
spe30,pre,20180718,4,85,1,1,1,1.17541110779163,1.17541110779163,0.713667668454493,0.713667668454493
spe30,pre,20180718,4,86,1,1,1,0.555052474230664,0.555052474230664,0.512796544519568,0.512796544519568
spe30,pre,20180718,4,87,2,1,1,0.158400397077233,0.158400397077233,0.551370206544106,0.551370206544106
spe30,pre,20180718,4,88,1,1,1,0.258623140375347,0.258623140375347,0.549036621258129,0.549036621258129
spe30,pre,20180718,4,89,1,1,1,0.400920638246836,0.400920638246836,0.499115281054765,0.499115281054765
spe30,pre,20180718,4,90,1,1,1,0.476710719646637,0.476710719646637,0.341109824395548,0.341109824395548
spe30,pre,20180718,4,91,1,1,1,0.342190705766641,0.342190705766641,0.321973102511992,0.321973102511992
spe30,pre,20180718,4,92,2,1,1,0.810598558195029,0.810598558195029,0.717705735004888,0.717705735004888
spe30,pre,20180718,4,93,1,1,1,0.170507349014326,0.170507349014326,0.42902539205878,0.42902539205878
spe30,pre,20180718,4,94,1,1,1,0.146136706986131,0.146136706986131,0.28499602309613,0.28499602309613
spe30,pre,20180718,4,95,1,1,1,0.454006301335967,0.454006301335967,0.403568940573228,0.403568940573228
spe30,pre,20180718,4,96,1,1,1,0.172067307431587,0.170707123165369,0.275833307269008,0.271578094399255
spe30,pre,20180718,4,97,1,1,1,0.496856212997777,0.232065253388225,0.492268345833371,0.36196190481453
spe30,pre,20180718,4,98,1,1,1,0.226239262742396,0.226239262742396,0.316757508947622,0.316757508947622
spe30,pre,20180718,4,99,1,1,1,0.421739223886334,0.421739223886334,0.415897369513968,0.415897369513968
spe30,pre,20180718,4,100,2,1,1,0.504657244079385,0.504657244079385,0.471969370320467,0.471969370320467
spe30,pre,20180718,4,101,NaN,0,0,NaN,NaN,NaN,NaN
spe30,pre,20180718,5,1,1,1,1,0.191634291418966,0.191634291418966,0.419686254559939,0.419686254559939
spe30,pre,20180718,5,2,1,1,1,0.153647139735158,0.153647139735158,0.197533265734219,0.197533265734219
spe30,pre,20180718,5,3,1,1,1,0.64377749740294,0.64377749740294,0.431384929816382,0.431384929816382
spe30,pre,20180718,5,4,1,1,1,0.402847397097464,0.402847397097464,0.338579062731639,0.338579062731639
spe30,pre,20180718,5,5,1,1,1,0.524582427983352,0.524582427983352,0.35226048631748,0.35226048631748
spe30,pre,20180718,5,6,1,1,1,0.250324255844722,0.250324255844722,0.376610864123255,0.376610864123255
spe30,pre,20180718,5,7,2,1,1,0.617010012621776,0.617010012621776,0.654513376379509,0.654513376379509
spe30,pre,20180718,5,8,2,1,1,0.322630400958483,0.322630400958483,0.441526011719855,0.441526011719855
spe30,pre,20180718,5,9,1,1,1,0.211571470745871,0.211571470745871,0.476288117951621,0.476288117951621
spe30,pre,20180718,5,10,1,1,1,0.481782202000667,0.481782202000667,0.367994596902181,0.367994596902181
spe30,pre,20180718,5,11,1,1,1,0.38229010747068,0.38229010747068,0.416258533565335,0.416258533565335
spe30,pre,20180718,5,12,1,1,1,0.13718203382467,0.182910857339096,0.441806683132448,0.304693030344838
spe30,pre,20180718,5,13,1,1,1,0.519558164307704,0.519558164307704,0.448411539141891,0.448411539141891
spe30,pre,20180718,5,14,1,1,1,0.126811847466688,0.138344742807468,0.384996135503252,0.450418454639194
spe30,pre,20180718,5,15,1,1,1,0.532389666780202,0.532389666780202,0.559597792054529,0.559597792054529
spe30,pre,20180718,5,16,1,1,1,0.33610201438664,0.33610201438664,0.314882110317596,0.314882110317596
spe30,pre,20180718,5,17,2,1,1,0.921543517900131,0.921543517900131,0.6201390842054,0.6201390842054
spe30,pre,20180718,5,18,2,1,1,0.405443041989596,0.405443041989596,0.246102981278475,0.246102981278475
spe30,pre,20180718,5,19,1,1,1,0.247471836064969,0.247471836064969,0.734731064009547,0.734731064009547
spe30,pre,20180718,5,20,1,1,1,0.408481179952087,0.408481179952087,0.517772635647792,0.517772635647792
spe30,pre,20180718,5,21,1,1,1,0.931840306066841,0.931840306066841,0.588135601091396,0.588135601091396
spe30,pre,20180718,5,22,1,1,1,0.331406779483947,0.331406779483947,0.320196652118158,0.320196652118158
spe30,pre,20180718,5,23,1,1,1,0.667360233916717,0.623196313702188,0.455113297504131,0.44764702729898
spe30,pre,20180718,5,24,2,1,1,1.08074549289644,1.08074549289644,0.558705878896116,0.558705878896116
spe30,pre,20180718,5,25,2,1,1,0.490201562705681,0.490201562705681,0.470881422045171,0.470881422045171
spe30,pre,20180718,5,26,1,1,1,0.395549932095401,0.395549932095401,0.483582432084981,0.483582432084981
spe30,pre,20180718,5,27,1,1,1,0.932557004191594,0.932557004191594,0.605003651244121,0.605003651244121
spe30,pre,20180718,5,28,2,1,1,1.16820358542643,1.16820358542643,0.782484462903638,0.782484462903638
spe30,pre,20180718,5,29,1,1,1,0.172332096073169,0.172332096073169,0.526708259543089,0.526708259543089
spe30,pre,20180718,5,30,1,1,1,0.249918589412243,0.249918589412243,0.366972229975638,0.366972229975638
spe30,pre,20180718,5,31,1,1,1,0.40270860593755,0.40270860593755,0.357683736486013,0.357683736486013
spe30,pre,20180718,5,32,1,1,1,0.349146885935061,0.349146885935061,0.379628751050577,0.379628751050577
spe30,pre,20180718,5,33,1,1,1,1.098807608993,1.098807608993,0.822879948145449,0.822879948145449
spe30,pre,20180718,5,34,2,1,1,0.542328040113278,0.542328040113278,0.474244180405785,0.474244180405785
spe30,pre,20180718,5,35,1,1,1,0.508014981814988,0.508014981814988,0.325715640649272,0.325715640649272
spe30,pre,20180718,5,36,1,1,1,0.661644569100275,0.661644569100275,0.430149729621671,0.430149729621671
spe30,pre,20180718,5,37,2,1,1,0.472898299014048,0.472898299014048,0.367763934243808,0.367763934243808
spe30,pre,20180718,5,38,2,1,1,0.700277408233547,0.700277408233547,0.504912968751018,0.504912968751018
spe30,pre,20180718,5,39,1,1,1,0.163295933691815,0.163295933691815,0.331800778250667,0.331800778250667
spe30,pre,20180718,5,40,1,1,1,0.153533210079705,0.153533210079705,0.265238302665725,0.265238302665725
spe30,pre,20180718,5,41,2,1,1,0.412611524415314,0.412611524415314,0.389129123623249,0.389129123623249
spe30,pre,20180718,5,42,1,1,1,0.138362923258849,0.138362923258849,0.329176553023996,0.329176553023996
spe30,pre,20180718,5,43,1,1,1,0.66628730987571,0.66628730987571,0.432205818512078,0.432205818512078
spe30,pre,20180718,5,44,1,1,1,0.278013298633254,0.284690796601911,0.396237571142223,0.387834387352016
spe30,pre,20180718,5,45,2,1,1,0.304506414464882,0.304506414464882,0.416387548506789,0.416387548506789
spe30,pre,20180718,5,46,1,1,1,0.774002054899972,0.774002054899972,0.544134689365449,0.544134689365449
spe30,pre,20180718,5,47,1,1,1,0.276516172245075,0.276516172245075,0.48072324196117,0.48072324196117
spe30,pre,20180718,5,48,1,1,1,0.204205525375345,0.204205525375345,0.258939027506863,0.258939027506863
spe30,pre,20180718,5,49,2,1,1,0.942681347531711,0.942681347531711,0.654857832964897,0.654857832964897
spe30,pre,20180718,5,50,1,1,1,0.868720469421829,0.868720469421829,0.53752993518979,0.53752993518979
spe30,pre,20180718,5,51,2,1,1,0.0991605297039166,0.0991605297039166,0.366554608289409,0.366554608289409
spe30,pre,20180718,5,52,2,1,1,0.323797284391018,0.323797284391018,0.302274999975878,0.302274999975878
spe30,pre,20180718,5,53,1,1,1,0.471480355839317,0.440554896139114,0.583926205152346,0.476330286838685
spe30,pre,20180718,5,54,1,1,1,0.224701008245945,0.224701008245945,0.301079589362117,0.301079589362117
spe30,pre,20180718,5,55,1,1,1,0.408429512637734,0.408429512637734,0.28946703990297,0.28946703990297
spe30,pre,20180718,5,56,1,1,1,0.314681744108158,0.314681744108158,0.365871831873166,0.365871831873166
spe30,pre,20180718,5,57,2,1,1,0.14392491411763,0.14392491411763,0.376136677013479,0.376136677013479
spe30,pre,20180718,5,58,1,1,1,0.505285541843157,0.505285541843157,0.374320683095719,0.374320683095719
spe30,pre,20180718,5,59,2,1,1,0.698607444843504,0.698607444843504,0.677011783008408,0.677011783008408
spe30,pre,20180718,5,60,2,1,1,0.213024813160304,0.241439645795479,0.34275359615632,0.3258983069502
spe30,pre,20180718,5,61,2,1,1,0.894854387953368,0.894854387953368,0.647398343265763,0.647398343265763
spe30,pre,20180718,5,62,1,1,1,0.266572862100131,0.266572862100131,0.312807454203336,0.312807454203336
spe30,pre,20180718,5,63,1,1,1,0.767835435391522,0.767835435391522,0.622524333614424,0.622524333614424
spe30,pre,20180718,5,64,2,1,1,0.688345016064959,0.571456331079587,0.423561860673649,0.566039978512678
spe30,pre,20180718,5,65,2,1,1,0.354891829070902,0.354891829070902,0.479180864648722,0.479180864648722
spe30,pre,20180718,5,66,2,1,1,0.477245968475756,0.682476825340249,0.603991546216552,0.685321985519094
spe30,pre,20180718,5,67,1,1,1,0.275010927804517,0.275010927804517,0.493617525953592,0.493617525953592
spe30,pre,20180718,5,68,1,1,1,0.225220041651596,0.225220041651596,0.260873306991133,0.260873306991133
spe30,pre,20180718,5,69,1,1,1,0.611489066680241,0.611489066680241,0.458527209509932,0.458527209509932
spe30,pre,20180718,5,70,2,1,1,0.529398019650904,0.529398019650904,0.511264417022251,0.511264417022251
spe30,pre,20180718,5,71,1,1,1,0.462277112294896,0.499293231579122,0.385568703635175,0.470323913657385
spe30,pre,20180718,5,72,1,1,1,0.153121158353521,0.153121158353521,0.390882358711727,0.390882358711727
spe30,pre,20180718,5,73,1,1,1,0.267813443540275,0.267813443540275,0.38939865898026,0.38939865898026
spe30,pre,20180718,5,74,2,1,1,0.179249671121825,0.179249671121825,0.302357846380559,0.302357846380559
spe30,pre,20180718,5,75,1,1,1,0.192308021657585,0.192308021657585,0.30434359175848,0.30434359175848
spe30,pre,20180718,5,76,2,1,1,0.130826080588869,0.130826080588869,0.308572115485371,0.308572115485371
spe30,pre,20180718,5,77,2,1,1,0.402734450283933,0.402734450283933,0.348769818939333,0.348769818939333
spe30,pre,20180718,5,78,2,1,1,0.35172957907426,0.35172957907426,0.332681532282185,0.332681532282185
spe30,pre,20180718,5,79,2,1,1,0.671744404987138,0.671744404987138,0.49623656365811,0.49623656365811
spe30,pre,20180718,5,80,1,1,1,0.34219937642824,0.34219937642824,0.409318458860565,0.409318458860565
spe30,pre,20180718,5,81,1,1,1,0.698499990785828,0.698499990785828,0.431788361181578,0.431788361181578
spe30,pre,20180718,5,82,1,1,1,0.39066976471053,0.296085978510338,0.598848527092271,0.523277201601361
spe30,pre,20180718,5,83,1,1,1,0.29076947117314,0.29076947117314,0.261848585175546,0.261848585175546
spe30,pre,20180718,5,84,2,1,1,0.506005132810116,0.506005132810116,0.4391046480381,0.4391046480381
spe30,pre,20180718,5,85,2,1,1,0.736359590640945,0.542996856775651,0.423633060077025,0.419236093202431
spe30,pre,20180718,5,86,2,1,1,0.217718670043645,0.217718670043645,0.223260873402218,0.223260873402218
spe30,pre,20180718,5,87,1,1,1,0.376815915684365,0.376815915684365,0.408045071749063,0.408045071749063
spe30,pre,20180718,5,88,1,1,1,0.307909931521591,0.266351057265568,0.341810201632288,0.302048206939421
spe30,pre,20180718,5,89,1,1,1,0.120069488026999,0.120069488026999,0.376093840415122,0.376093840415122
spe30,pre,20180718,5,90,2,1,1,0.174583528546595,0.174583528546595,0.405140551912014,0.405140551912014
spe30,pre,20180718,5,91,1,1,1,0.618780360877433,0.329955577248272,0.555055031512905,0.352603587528063
spe30,pre,20180718,5,92,1,1,1,0.342757104267403,0.342757104267403,0.259209788327971,0.259209788327971
spe30,pre,20180718,5,93,1,1,1,0.523918910385328,0.523918910385328,0.518735568356952,0.518735568356952
spe30,pre,20180718,5,94,1,1,1,0.478297948072798,0.478297948072798,0.364243784154285,0.364243784154285
spe30,pre,20180718,5,95,1,1,1,0.415229662941539,0.415229662941539,0.416764933455984,0.416764933455984
spe30,pre,20180718,5,96,2,1,1,0.436604773783731,0.436604773783731,0.54549227020971,0.54549227020971
spe30,pre,20180718,5,97,1,1,1,0.295678245039303,0.295678245039303,0.264482443596597,0.264482443596597
spe30,pre,20180718,5,98,1,1,1,0.363558652530607,0.363558652530607,0.528113094022018,0.528113094022018
spe30,pre,20180718,5,99,2,1,1,0.27965099509977,0.27965099509977,0.447803301833268,0.447803301833268
spe30,pre,20180718,5,100,1,1,1,0.534417444722394,0.534417444722394,0.431308117884378,0.431308117884378
spe30,pre,20180718,5,101,NaN,0,0,NaN,NaN,NaN,NaN
spe30,post,20180718,1,1,1,1,1,0.109114519320796,0.109114519320796,0.534130511959869,0.534130511959869
spe30,post,20180718,1,2,1,1,1,0.185674056338914,0.185674056338914,0.226392490954828,0.226392490954828
spe30,post,20180718,1,3,1,1,1,0.756370880737205,0.756370880737205,0.756567456142185,0.756567456142185
spe30,post,20180718,1,4,1,1,1,0.211586924379682,0.211586924379682,0.403543655523412,0.403543655523412
spe30,post,20180718,1,5,1,1,1,0.756987052527711,0.756987052527711,0.795336963014542,0.795336963014542
spe30,post,20180718,1,6,1,1,1,0.265128357528083,0.265128357528083,0.31446534477605,0.31446534477605
spe30,post,20180718,1,7,1,1,1,0.231007946753193,0.231007946753193,0.709048285549511,0.709048285549511
spe30,post,20180718,1,8,2,1,1,0.287853744703334,0.287853744703334,0.402535993142944,0.402535993142944
spe30,post,20180718,1,9,2,1,1,0.329475295493415,0.329475295493415,0.469837401350196,0.469837401350196
spe30,post,20180718,1,10,1,1,1,0.965938149986954,0.965938149986954,0.709321389280185,0.709321389280185
spe30,post,20180718,1,11,2,1,1,0.679226458813755,0.679226458813755,0.505868425804427,0.505868425804427
spe30,post,20180718,1,12,2,1,1,0.535738353282937,0.535738353282937,0.670008977131451,0.670008977131451
spe30,post,20180718,1,13,1,1,1,0.654964546820999,0.830171678926794,0.6799234096242,0.78649155047162
spe30,post,20180718,1,14,2,1,1,0.581110232966374,0.581110232966374,0.402772115995628,0.402772115995628
spe30,post,20180718,1,15,1,1,1,0.22032256130485,0.22032256130485,0.225083076227111,0.225083076227111
spe30,post,20180718,1,16,2,1,1,0.815329112558997,0.815329112558997,0.467691236118004,0.467691236118004
spe30,post,20180718,1,17,1,1,1,0.266291007724491,0.266291007724491,0.391649442386594,0.391649442386594
spe30,post,20180718,1,18,1,1,1,0.385439107635527,0.382790038471271,0.560676425697427,0.539037448452152
spe30,post,20180718,1,19,2,1,1,0.358292518531567,0.358292518531567,0.41023956429262,0.41023956429262
spe30,post,20180718,1,20,1,1,1,0.358879053067781,0.304243659835945,0.383450138690091,0.375322708075856
spe30,post,20180718,1,21,1,1,1,0.291479346527051,0.291479346527051,0.503698711281584,0.503698711281584
spe30,post,20180718,1,22,1,1,1,0.764147149355299,0.764147149355299,0.63993525032591,0.63993525032591
spe30,post,20180718,1,23,2,1,1,0.353519391182866,0.353519391182866,0.54883680390093,0.54883680390093
spe30,post,20180718,1,24,2,1,1,0.465576246424924,0.465576246424924,0.259458282545146,0.259458282545146
spe30,post,20180718,1,25,1,1,1,0.449429444510759,0.449429444510759,0.255642369674357,0.255642369674357
spe30,post,20180718,1,26,1,1,1,0.422030564535462,0.422030564535462,0.474270646459911,0.474270646459911
spe30,post,20180718,1,27,2,1,1,0.102070669916019,0.102070669916019,0.428431817053988,0.428431817053988
spe30,post,20180718,1,28,2,1,1,0.350560499964252,0.350560499964252,0.286535231281573,0.286535231281573
spe30,post,20180718,1,29,2,1,1,0.348387051413376,0.348387051413376,0.40413859862961,0.40413859862961
spe30,post,20180718,1,30,1,1,1,0.748432351597976,0.748432351597976,0.576008258613175,0.576008258613175
spe30,post,20180718,1,31,1,1,1,0.677993407431416,0.677993407431416,0.60583812400194,0.60583812400194
spe30,post,20180718,1,32,1,1,1,0.703168730048976,0.703168730048976,0.485187769690826,0.485187769690826
spe30,post,20180718,1,33,1,1,1,0.273276001754144,0.273276001754144,0.553155689312086,0.553155689312086
spe30,post,20180718,1,34,2,1,1,0.970677863264299,0.970677863264299,0.51297723414768,0.51297723414768
spe30,post,20180718,1,35,2,1,1,0.540513147154948,0.540513147154948,0.522946743594725,0.522946743594725
spe30,post,20180718,1,36,1,1,1,0.12733749303489,0.12733749303489,0.232288297241571,0.232288297241571
spe30,post,20180718,1,37,1,1,1,0.511918728137974,0.511918728137974,0.425592614895355,0.425592614895355
spe30,post,20180718,1,38,1,1,1,0.410390166792792,0.410390166792792,0.377728536399724,0.377728536399724
spe30,post,20180718,1,39,1,1,1,0.541146231407888,0.541146231407888,0.352826825137906,0.352826825137906
spe30,post,20180718,1,40,1,1,1,0.254262101541493,0.254262101541493,0.405434946952529,0.405434946952529
spe30,post,20180718,1,41,2,1,1,1.29158858357467,1.29158858357467,0.751617847260162,0.751617847260162
spe30,post,20180718,1,42,2,1,1,0.398541010056566,0.398541010056566,0.35934927038607,0.35934927038607
spe30,post,20180718,1,43,1,1,1,0.57773523459019,0.57773523459019,0.41652796186832,0.41652796186832
spe30,post,20180718,1,44,2,1,1,0.308853130319824,0.308853130319824,0.311716048008734,0.311716048008734
spe30,post,20180718,1,45,2,1,1,0.619607717724578,0.619607717724578,0.319913690309455,0.319913690309455
spe30,post,20180718,1,46,1,1,1,0.681011667814396,0.681011667814396,0.692095858990927,0.692095858990927
spe30,post,20180718,1,47,2,1,1,0.38086880209573,0.38086880209573,0.401760610184147,0.401760610184147
spe30,post,20180718,1,48,2,1,1,0.435053559946031,0.435053559946031,0.352735266518528,0.352735266518528
spe30,post,20180718,1,49,2,1,1,0.388791761695563,0.388791761695563,0.337567009884887,0.337567009884887
spe30,post,20180718,1,50,1,1,1,0.190732268170792,0.190732268170792,0.288951837981806,0.288951837981806
spe30,post,20180718,1,51,1,1,1,0.920618032147296,0.920618032147296,0.644819073942415,0.644819073942415
spe30,post,20180718,1,52,1,1,1,0.113608225258386,0.113608225258386,0.41592855006802,0.41592855006802
spe30,post,20180718,1,53,1,1,1,0.394793152805921,0.394793152805921,0.386772483981317,0.386772483981317
spe30,post,20180718,1,54,1,1,1,0.690507977679793,0.690507977679793,0.474332776213964,0.474332776213964
spe30,post,20180718,1,55,2,1,1,0.346540731177765,0.346540731177765,0.453996117753155,0.453996117753155
spe30,post,20180718,1,56,2,1,1,0.515968806950562,0.613129952699607,0.292623783543258,0.288747750415842
spe30,post,20180718,1,57,2,1,1,0.191567452439771,0.191567452439771,0.642979964491011,0.642979964491011
spe30,post,20180718,1,58,2,1,1,0.805248517546731,0.805248517546731,0.536538633161907,0.536538633161907
spe30,post,20180718,1,59,1,1,1,0.754628215522972,0.540087928941339,0.530097815466865,0.453465582536703
spe30,post,20180718,1,60,2,1,1,0.49320596546121,0.49320596546121,0.356535832185339,0.356535832185339
spe30,post,20180718,1,61,1,1,1,0.505491805071857,0.505491805071857,0.3877972783018,0.3877972783018
spe30,post,20180718,1,62,1,1,1,0.354099394927148,0.309550468993986,0.418294982185185,0.369615848165722
spe30,post,20180718,1,63,1,1,1,1.15325979303235,1.15325979303235,0.812937092969115,0.812937092969115
spe30,post,20180718,1,64,1,1,1,0.418896472266315,0.418896472266315,0.601350825946525,0.601350825946525
spe30,post,20180718,1,65,1,1,1,0.368339551453033,0.368339551453033,0.489969595105823,0.489969595105823
spe30,post,20180718,1,66,2,1,1,0.534919325731726,0.534919325731726,0.377440465407339,0.377440465407339
spe30,post,20180718,1,67,1,0,0,NaN,NaN,NaN,NaN
spe30,post,20180718,1,68,2,0,0,NaN,NaN,NaN,NaN
spe30,post,20180718,1,69,1,1,1,0.359361503883697,0.359361503883697,0.443335962047801,0.443335962047801
spe30,post,20180718,1,70,1,1,1,0.984516504894967,0.984516504894967,0.538642235640958,0.538642235640958
spe30,post,20180718,1,71,1,1,1,0.890496472391773,0.890496472391773,0.547731294744918,0.547731294744918
spe30,post,20180718,1,72,1,1,1,0.159504166594059,0.159504166594059,0.387729972506235,0.387729972506235
spe30,post,20180718,1,73,1,1,1,0.576224221553351,0.576224221553351,0.378106193787665,0.378106193787665
spe30,post,20180718,1,74,1,1,1,0.430045382301762,0.430045382301762,0.259815978961779,0.259815978961779
spe30,post,20180718,1,75,1,1,1,0.178258821648241,0.178258821648241,0.377589499338645,0.377589499338645
spe30,post,20180718,1,76,1,1,1,0.367335864046214,0.367335864046214,0.355429267371982,0.355429267371982
spe30,post,20180718,1,77,2,1,1,0.485715406636487,0.485715406636487,0.693866482263483,0.693866482263483
spe30,post,20180718,1,78,1,1,1,0.395390819622694,0.395390819622694,0.35725067640509,0.35725067640509
spe30,post,20180718,1,79,1,1,1,1.21485695389179,1.21485695389179,0.637324909730214,0.637324909730214
spe30,post,20180718,1,80,1,1,1,0.382979540555358,0.360216291637925,0.410828787707806,0.364222469376685
spe30,post,20180718,1,81,1,1,1,0.711991186087768,0.711991186087768,0.502794431800578,0.502794431800578
spe30,post,20180718,1,82,1,1,1,0.28659429296607,0.28659429296607,0.203067594250773,0.203067594250773
spe30,post,20180718,1,83,1,1,1,0.506288426297568,0.506288426297568,0.396590116436784,0.396590116436784
spe30,post,20180718,1,84,2,1,1,0.577247294055994,0.577247294055994,0.645022719528606,0.645022719528606
spe30,post,20180718,1,85,1,1,1,0.645098796083813,0.645098796083813,0.50901252410065,0.50901252410065
spe30,post,20180718,1,86,1,1,1,0.280841882824336,0.280841882824336,0.435482616705535,0.435482616705535
spe30,post,20180718,1,87,1,1,1,0.704010253492357,0.704010253492357,0.59631938871673,0.59631938871673
spe30,post,20180718,1,88,1,1,1,0.219751410194853,0.360491460049143,0.501379909428396,0.450645845550539
spe30,post,20180718,1,89,2,1,1,0.520654789473515,0.520654789473515,0.328496802928604,0.328496802928604
spe30,post,20180718,1,90,1,1,1,0.696942890328066,0.696942890328066,0.485127131885919,0.485127131885919
spe30,post,20180718,1,91,2,1,1,0.674293262607847,0.619981613260562,0.928263609429397,0.690417343202168
spe30,post,20180718,1,92,1,1,1,0.321749522705665,0.321749522705665,0.409989756608614,0.409989756608614
spe30,post,20180718,1,93,1,1,1,0.438820462547185,0.657391645466543,0.713953267192901,0.710833317532845
spe30,post,20180718,1,94,1,1,1,0.237928823540777,0.237928823540777,0.209581257019982,0.209581257019982
spe30,post,20180718,1,95,2,1,1,0.406294260869816,0.406294260869816,0.361854850519764,0.361854850519764
spe30,post,20180718,1,96,1,1,1,0.504530145655112,0.504530145655112,0.354156217151541,0.354156217151541
spe30,post,20180718,1,97,1,1,1,0.554023052737891,0.554023052737891,0.42284580790036,0.42284580790036
spe30,post,20180718,1,98,2,1,1,0.667849641121999,0.667849641121999,0.561988202621038,0.561988202621038
spe30,post,20180718,1,99,1,1,1,0.436654665032721,0.436654665032721,0.385123854374133,0.385123854374133
spe30,post,20180718,1,100,1,1,1,0.985330147158921,0.985330147158921,0.560118824339788,0.560118824339788
spe30,post,20180718,1,101,NaN,0,0,NaN,NaN,NaN,NaN
spe30,post,20180718,2,1,1,1,1,0.460564344469274,0.485642173296203,0.653233541267991,0.527714659536032
spe30,post,20180718,2,2,2,1,1,0.320688729680689,0.320688729680689,0.560452833714227,0.560452833714227
spe30,post,20180718,2,3,1,1,1,0.363140097861705,0.363140097861705,0.328333392426969,0.328333392426969
spe30,post,20180718,2,4,1,1,1,0.220922507531331,0.220922507531331,0.344333354701124,0.344333354701124
spe30,post,20180718,2,5,2,1,1,0.42861699067532,0.42861699067532,0.533444823264391,0.533444823264391
spe30,post,20180718,2,6,1,1,1,0.46552362079406,0.570631978990157,0.550547838703739,0.552446863636157
spe30,post,20180718,2,7,2,1,1,0.269262232465879,0.269048103982887,0.335886324068898,0.404739524592337
spe30,post,20180718,2,8,1,1,1,0.323292678293885,0.323292678293885,0.306140594297707,0.306140594297707
spe30,post,20180718,2,9,2,1,1,0.532594259319211,0.532594259319211,0.443783447071294,0.443783447071294
spe30,post,20180718,2,10,2,1,1,0.308267295579244,0.308267295579244,0.385506808906546,0.385506808906546
spe30,post,20180718,2,11,2,1,1,0.152482859290947,0.152482859290947,0.905485024039227,0.905485024039227
spe30,post,20180718,2,12,1,1,1,0.157648837913245,0.157648837913245,0.743974781549277,0.743974781549277
spe30,post,20180718,2,13,2,1,1,0.124089652443479,0.124089652443479,0.294888477302949,0.294888477302949
spe30,post,20180718,2,14,2,1,1,0.272155903028958,0.272155903028958,0.298521077938831,0.298521077938831
spe30,post,20180718,2,15,1,1,1,0.572222084935581,0.572222084935581,0.618712089751387,0.618712089751387
spe30,post,20180718,2,16,1,1,1,0.578365713491157,0.578365713491157,0.405003292198912,0.405003292198912
spe30,post,20180718,2,17,2,1,1,0.319680572947514,0.319680572947514,0.241866309459071,0.241866309459071
spe30,post,20180718,2,18,2,1,1,0.614345404992565,0.614345404992565,0.360227829553729,0.360227829553729
spe30,post,20180718,2,19,1,1,1,0.0711455155882943,0.0711455155882943,0.242341652567905,0.242341652567905
spe30,post,20180718,2,20,1,1,1,0.954263386858651,0.954263386858651,0.797401812530317,0.797401812530317
spe30,post,20180718,2,21,1,1,1,0.581320521298972,0.581320521298972,0.508323836285927,0.508323836285927
spe30,post,20180718,2,22,1,1,1,0.146154503681363,0.146154503681363,0.541117684367318,0.541117684367318
spe30,post,20180718,2,23,1,1,1,0.563882681613088,0.691269329053613,0.604058820883771,0.546142489761973
spe30,post,20180718,2,24,1,1,1,0.674637816118036,0.674637816118036,0.54661975323373,0.54661975323373
spe30,post,20180718,2,25,2,1,1,0.826452388528325,0.826452388528325,0.63976894562114,0.63976894562114
spe30,post,20180718,2,26,1,1,1,0.489847090096593,0.489847090096593,0.48403184390425,0.48403184390425
spe30,post,20180718,2,27,2,1,1,0.449531623795181,0.449531623795181,0.386062514462044,0.386062514462044
spe30,post,20180718,2,28,1,1,1,0.24353474412272,0.24353474412272,0.32227994978805,0.32227994978805
spe30,post,20180718,2,29,1,1,1,0.239264940309319,0.239264940309319,0.300222973394873,0.300222973394873
spe30,post,20180718,2,30,1,1,1,0.353468978100329,0.353468978100329,0.565503357028145,0.565503357028145
spe30,post,20180718,2,31,1,1,1,0.748143528503702,0.793809530178845,0.395737943853927,0.402085181847456
spe30,post,20180718,2,32,2,1,1,0.150726085422409,0.150726085422409,0.222716113668133,0.222716113668133
spe30,post,20180718,2,33,1,1,1,0.502048978039529,0.502048978039529,0.391319415102741,0.391319415102741
spe30,post,20180718,2,34,2,1,1,0.20454139603356,0.20454139603356,0.32734863281821,0.32734863281821
spe30,post,20180718,2,35,1,1,1,0.295907639458857,0.295907639458857,0.335587398397004,0.335587398397004
spe30,post,20180718,2,36,1,1,1,0.270148238254751,0.270148238254751,0.395560940795693,0.395560940795693
spe30,post,20180718,2,37,1,1,1,0.149034267293227,0.149034267293227,0.33476050400641,0.33476050400641
spe30,post,20180718,2,38,2,1,1,0.71742653789437,0.71742653789437,0.524864812511246,0.524864812511246
spe30,post,20180718,2,39,2,1,1,0.404639643135136,0.170923258626852,0.424202089636418,0.347290742313803
spe30,post,20180718,2,40,1,1,1,0.977064179231283,0.977064179231283,0.490265209352989,0.490265209352989
spe30,post,20180718,2,41,1,1,1,0.51330562715061,0.51330562715061,0.36401081391497,0.36401081391497
spe30,post,20180718,2,42,1,1,1,0.409027153523162,0.409027153523162,0.361390129368159,0.361390129368159
spe30,post,20180718,2,43,1,1,1,0.540046142912721,0.540046142912721,0.382359934823396,0.382359934823396
spe30,post,20180718,2,44,1,1,1,0.235458282452599,0.351193454660366,0.500703497959924,0.438124388312159
spe30,post,20180718,2,45,2,1,1,0.72072934116216,0.72072934116216,0.72139832571595,0.72139832571595
spe30,post,20180718,2,46,1,1,1,0.222691097274238,0.222691097274238,0.570890948711543,0.570890948711543
spe30,post,20180718,2,47,1,1,1,0.149367107812132,0.149367107812132,0.580050563970992,0.580050563970992
spe30,post,20180718,2,48,1,1,1,0.404630620525843,0.404630620525843,0.473763654496859,0.473763654496859
spe30,post,20180718,2,49,2,1,1,1.28213683049043,1.28213683049043,0.624928603528637,0.624928603528637
spe30,post,20180718,2,50,1,1,1,0.13612074229487,0.13612074229487,0.194642011294307,0.194642011294307
spe30,post,20180718,2,51,1,1,1,0.126978402426691,0.126978402426691,0.125435402560611,0.125435402560611
spe30,post,20180718,2,52,1,1,1,0.263686009913889,0.228308503529603,0.346251113556118,0.315862817413988
spe30,post,20180718,2,53,1,1,1,0.289221820659273,0.289221820659273,0.291256958412526,0.291256958412526
spe30,post,20180718,2,54,1,1,1,0.469903589900118,0.455663859898228,0.581295821535079,0.524433262673114
spe30,post,20180718,2,55,1,1,1,0.325566471944497,0.325566471944497,0.428097590656122,0.428097590656122
spe30,post,20180718,2,56,2,1,1,0.267608593572738,0.267608593572738,0.457553318871236,0.457553318871236
spe30,post,20180718,2,57,1,1,1,0.261147994351997,0.261147994351997,0.351081747548278,0.351081747548278
spe30,post,20180718,2,58,1,1,1,0.181064663280429,0.181064663280429,0.343561996284079,0.343561996284079
spe30,post,20180718,2,59,1,1,1,0.432293446982059,0.432293446982059,0.341922981804996,0.341922981804996
spe30,post,20180718,2,60,1,1,1,0.296136478394186,0.213464888003494,0.38212307684914,0.466219122011184
spe30,post,20180718,2,61,1,1,1,1.03075391823077,1.03075391823077,0.706926149089699,0.706926149089699
spe30,post,20180718,2,62,2,1,1,0.325919430315179,0.325919430315179,0.505734320087507,0.505734320087507
spe30,post,20180718,2,63,2,1,1,0.156282812400643,0.156282812400643,0.282604611661419,0.282604611661419
spe30,post,20180718,2,64,1,1,1,0.494408459405796,0.494408459405796,0.355001083391431,0.355001083391431
spe30,post,20180718,2,65,1,1,1,0.604821210702643,0.604821210702643,0.519385064711869,0.519385064711869
spe30,post,20180718,2,66,1,1,1,0.643355798293177,0.643355798293177,0.493645652979217,0.493645652979217
spe30,post,20180718,2,67,2,1,1,0.521078592911264,0.521078592911264,0.317382687313475,0.317382687313475
spe30,post,20180718,2,68,1,1,1,0.240903331284751,0.240903331284751,0.385716300932251,0.385716300932251
spe30,post,20180718,2,69,2,1,1,0.370340173950605,0.370340173950605,0.393866480102806,0.393866480102806
spe30,post,20180718,2,70,1,1,1,0.229568879276336,0.229568879276336,0.341638196143229,0.341638196143229
spe30,post,20180718,2,71,2,1,1,0.258112143496688,0.258112143496688,0.496948910286132,0.496948910286132
spe30,post,20180718,2,72,1,1,1,0.510939069514535,0.510939069514535,0.535275677705588,0.535275677705588
spe30,post,20180718,2,73,2,1,1,0.310905068932497,0.310905068932497,0.368310200421509,0.368310200421509
spe30,post,20180718,2,74,1,1,1,0.912308443654569,0.912308443654569,0.98849680313455,0.98849680313455
spe30,post,20180718,2,75,1,1,1,0.232570584309425,0.232570584309425,0.25087202205478,0.25087202205478
spe30,post,20180718,2,76,1,1,1,0.740256231076397,0.740256231076397,0.489220929944629,0.489220929944629
spe30,post,20180718,2,77,2,1,1,0.197697931102372,0.197697931102372,0.26147185614832,0.26147185614832
spe30,post,20180718,2,78,1,1,1,0.239038453374347,0.239038453374347,0.404480637026738,0.404480637026738
spe30,post,20180718,2,79,1,1,1,1.02929192235691,1.02929192235691,0.487641783017655,0.487641783017655
spe30,post,20180718,2,80,2,1,1,0.448694790091319,0.202429731470439,0.365604340348519,0.337424860627884
spe30,post,20180718,2,81,1,1,1,0.602090155225146,0.602090155225146,0.435016022928598,0.435016022928598
spe30,post,20180718,2,82,1,1,1,0.530239304639281,0.530239304639281,0.68962397784992,0.68962397784992
spe30,post,20180718,2,83,1,1,1,0.928854498485209,0.853498387148079,0.762671539505738,0.756779547645708
spe30,post,20180718,2,84,2,1,1,0.933877358661285,0.933877358661285,0.414128107246461,0.414128107246461
spe30,post,20180718,2,85,1,1,1,0.269477758015825,0.269477758015825,0.402430548274853,0.402430548274853
spe30,post,20180718,2,86,1,1,1,0.323996927959187,0.323996927959187,0.351069917253984,0.351069917253984
spe30,post,20180718,2,87,1,1,1,0.527784596286346,0.527784596286346,0.373161409175748,0.373161409175748
spe30,post,20180718,2,88,1,1,1,0.169358655686692,0.169358655686692,0.171312293128414,0.171312293128414
spe30,post,20180718,2,89,1,1,1,0.231279413610233,0.231279413610233,0.413209274048129,0.413209274048129
spe30,post,20180718,2,90,1,1,1,0.268521284571101,0.268521284571101,0.36675705394748,0.36675705394748
spe30,post,20180718,2,91,2,1,1,0.623564664944336,0.334799162051414,0.812310798111008,0.503934239701208
spe30,post,20180718,2,92,2,1,1,0.741770532233335,0.741770532233335,0.540301736495944,0.540301736495944
spe30,post,20180718,2,93,1,1,1,0.314833498502122,0.314833498502122,0.330197925371547,0.330197925371547
spe30,post,20180718,2,94,1,1,1,0.787424486675661,0.787424486675661,0.554547188665127,0.554547188665127
spe30,post,20180718,2,95,2,1,1,0.505463317473767,0.505463317473767,0.523531825409778,0.523531825409778
spe30,post,20180718,2,96,1,1,1,0.0971127474981897,0.0971127474981897,0.217518174653766,0.217518174653766
spe30,post,20180718,2,97,2,1,1,0.52178689757923,0.52178689757923,0.430509922823462,0.430509922823462
spe30,post,20180718,2,98,2,1,1,0.469085754989538,0.469085754989538,0.318184787880933,0.318184787880933
spe30,post,20180718,2,99,1,1,1,0.299141138699255,0.299141138699255,0.460970816328474,0.460970816328474
spe30,post,20180718,2,100,2,1,1,0.530679741524027,0.530679741524027,0.422688144780892,0.422688144780892
spe30,post,20180718,2,101,NaN,0,0,NaN,NaN,NaN,NaN
spe30,post,20180718,3,1,2,1,1,0.531528125287603,0.531528125287603,0.386260996565921,0.386260996565921
spe30,post,20180718,3,2,1,1,1,0.531027750157446,0.531027750157446,0.470999313405535,0.470999313405535
spe30,post,20180718,3,3,2,1,1,0.701373773780309,0.701373773780309,0.738766867617412,0.738766867617412
spe30,post,20180718,3,4,1,1,1,0.763716570041957,0.763716570041957,0.466216896478317,0.466216896478317
spe30,post,20180718,3,5,1,1,1,0.344554637223796,0.344554637223796,0.412270755715269,0.412270755715269
spe30,post,20180718,3,6,1,1,1,0.159980089221504,0.159980089221504,0.247874424877774,0.247874424877774
spe30,post,20180718,3,7,1,1,1,0.348750827774694,0.354266170834241,0.369796998883254,0.374285825918783
spe30,post,20180718,3,8,2,1,1,0.46983400104213,0.46983400104213,0.324556989079423,0.324556989079423
spe30,post,20180718,3,9,1,1,1,0.28722821023907,0.28722821023907,0.270706416494009,0.270706416494009
spe30,post,20180718,3,10,1,1,1,0.366248448776911,0.366248448776911,0.422604603928927,0.422604603928927
spe30,post,20180718,3,11,2,1,1,0.374020616767216,0.374020616767216,0.215381047781686,0.215381047781686
spe30,post,20180718,3,12,1,1,1,0.341730823902136,0.341730823902136,0.198134095013738,0.198134095013738
spe30,post,20180718,3,13,2,1,1,0.430970292940516,0.430970292940516,0.261761396641086,0.261761396641086
spe30,post,20180718,3,14,1,1,1,0.147331424010212,0.147331424010212,0.355496068907281,0.355496068907281
spe30,post,20180718,3,15,2,1,1,0.17744791566778,0.17744791566778,0.336661249797878,0.336661249797878
spe30,post,20180718,3,16,1,1,1,0.473436986800797,0.473436986800797,0.391935546382875,0.391935546382875
spe30,post,20180718,3,17,2,1,1,0.759120805612582,0.759120805612582,0.527867959607751,0.527867959607751
spe30,post,20180718,3,18,1,1,1,0.115597369840448,0.115597369840448,0.282033484499648,0.282033484499648
spe30,post,20180718,3,19,1,1,1,0.596171926121089,0.596171926121089,0.503085311644406,0.503085311644406
spe30,post,20180718,3,20,1,1,1,0.400043103617615,0.400043103617615,0.479599713556271,0.479599713556271
spe30,post,20180718,3,21,2,1,1,0.485678888017159,0.485678888017159,0.348172505197887,0.348172505197887
spe30,post,20180718,3,22,1,1,1,0.273705700805477,0.273705700805477,0.265179833949614,0.265179833949614
spe30,post,20180718,3,23,2,1,1,0.208488850239757,0.208488850239757,0.365062862626106,0.365062862626106
spe30,post,20180718,3,24,2,1,1,0.680548940221249,0.680548940221249,0.555338789765395,0.555338789765395
spe30,post,20180718,3,25,2,1,1,0.200787226459887,0.211472102174523,0.304294700423294,0.2639999105322
spe30,post,20180718,3,26,1,1,1,0.74981914929194,0.74981914929194,0.58542104828325,0.58542104828325
spe30,post,20180718,3,27,1,1,1,0.783030431357813,0.783030431357813,0.75664539072124,0.75664539072124
spe30,post,20180718,3,28,1,1,1,0.259798251389766,0.245468760646093,0.459022720328441,0.336121656894254
spe30,post,20180718,3,29,1,1,1,0.882420219661923,0.882420219661923,0.726486104446103,0.726486104446103
spe30,post,20180718,3,30,2,1,1,0.809079551430587,0.809079551430587,0.685812642110495,0.685812642110495
spe30,post,20180718,3,31,1,1,1,0.142865062859505,0.64780963357083,0.269496406309376,0.407481985700369
spe30,post,20180718,3,32,2,1,1,0.375495786499693,0.375495786499693,0.401636386740627,0.401636386740627
spe30,post,20180718,3,33,1,1,1,0.140357837104694,0.140357837104694,0.280844034490375,0.280844034490375
spe30,post,20180718,3,34,1,1,1,0.465897219752796,0.465897219752796,0.368359394102936,0.368359394102936
spe30,post,20180718,3,35,1,1,1,0.437417345827388,0.437417345827388,0.450720826003908,0.450720826003908
spe30,post,20180718,3,36,1,1,1,0.466985175672682,0.466985175672682,0.46803269168222,0.46803269168222
spe30,post,20180718,3,37,2,1,1,0.0531269346142667,0.0531269346142667,0.390324007168986,0.390324007168986
spe30,post,20180718,3,38,1,1,1,0.301694325952555,0.301694325952555,0.505758950968287,0.505758950968287
spe30,post,20180718,3,39,1,1,1,0.279014466045806,0.279014466045806,0.448944470775844,0.448944470775844
spe30,post,20180718,3,40,1,1,1,0.245724739309862,0.245724739309862,0.215633328065183,0.215633328065183
spe30,post,20180718,3,41,1,1,1,0.254155482209219,0.254155482209219,0.486697662353664,0.486697662353664
spe30,post,20180718,3,42,2,1,1,0.676896762629927,0.676896762629927,0.476661515097568,0.476661515097568
spe30,post,20180718,3,43,1,1,1,0.402706464647839,0.402706464647839,0.405614801568138,0.405614801568138
spe30,post,20180718,3,44,1,1,1,0.362398736406135,0.362398736406135,0.36061879695502,0.36061879695502
spe30,post,20180718,3,45,2,1,1,0.478264928281289,0.478264928281289,0.306892545604874,0.306892545604874
spe30,post,20180718,3,46,1,1,1,0.493262340084542,0.493262340084542,0.533488559478212,0.533488559478212
spe30,post,20180718,3,47,1,1,1,0.787395872756909,0.787395872756909,0.592366253368911,0.592366253368911
spe30,post,20180718,3,48,2,1,1,0.318659341774731,0.318659341774731,0.316374846803143,0.316374846803143
spe30,post,20180718,3,49,2,1,1,0.572647211985365,0.572647211985365,0.42747321310954,0.42747321310954
spe30,post,20180718,3,50,1,1,1,0.333281689485709,0.333281689485709,0.27277127124831,0.27277127124831
spe30,post,20180718,3,51,2,1,1,0.484770481287435,0.484770481287435,0.446470996844703,0.446470996844703
spe30,post,20180718,3,52,1,1,1,0.260805479429211,0.260805479429211,0.339092232730986,0.339092232730986
spe30,post,20180718,3,53,1,1,1,0.458161726216677,0.458161726216677,0.489784447482642,0.489784447482642
spe30,post,20180718,3,54,1,1,1,0.503426218829821,0.503426218829821,0.622152851887443,0.622152851887443
spe30,post,20180718,3,55,1,1,1,0.41225323284463,0.41225323284463,0.38358987249407,0.38358987249407
spe30,post,20180718,3,56,1,1,1,0.33831981279081,0.33831981279081,0.324656747260245,0.324656747260245
spe30,post,20180718,3,57,2,1,1,0.550099005771069,0.550099005771069,0.638781912032888,0.638781912032888
spe30,post,20180718,3,58,2,1,1,0.697648231118362,0.366732111405565,0.449698769745206,0.331671411633068
spe30,post,20180718,3,59,1,1,1,0.395363544231835,0.395363544231835,0.382451012100428,0.382451012100428
spe30,post,20180718,3,60,2,1,1,0.42576197425746,0.42576197425746,0.561754086928777,0.561754086928777
spe30,post,20180718,3,61,1,1,1,0.658427410802882,0.658427410802882,0.562274075668081,0.562274075668081
spe30,post,20180718,3,62,1,1,1,0.523031209204056,0.523031209204056,0.581336110727716,0.581336110727716
spe30,post,20180718,3,63,1,1,1,0.243961619441423,0.243961619441423,0.405974867918334,0.405974867918334
spe30,post,20180718,3,64,1,1,1,0.366851210028531,0.366851210028531,0.475421620285874,0.475421620285874
spe30,post,20180718,3,65,2,1,1,0.150284501151794,0.150284501151794,0.205443087881949,0.205443087881949
spe30,post,20180718,3,66,1,1,1,0.418741232664244,0.421784096342672,0.392465175103396,0.370928225427944
spe30,post,20180718,3,67,1,1,1,0.532079296787692,0.532079296787692,0.367893922743143,0.367893922743143
spe30,post,20180718,3,68,1,1,1,0.719788183788503,0.719788183788503,0.541948210247642,0.541948210247642
spe30,post,20180718,3,69,1,1,1,0.202283553045383,0.202283553045383,0.228854759792845,0.228854759792845
spe30,post,20180718,3,70,2,1,1,0.690231927665439,0.690231927665439,0.686331714421495,0.686331714421495
spe30,post,20180718,3,71,1,1,1,0.573786160405682,0.42064672107675,0.480371642023525,0.471011472699794
spe30,post,20180718,3,72,1,1,1,0.524139095576305,0.524139095576305,0.485617431145586,0.485617431145586
spe30,post,20180718,3,73,1,1,1,0.436920436888466,0.436920436888466,0.400106807730035,0.400106807730035
spe30,post,20180718,3,74,2,1,1,0.293361856718174,0.293361856718174,0.276467707396373,0.276467707396373
spe30,post,20180718,3,75,2,1,1,0.465251357896189,0.465251357896189,0.61379333445164,0.61379333445164
spe30,post,20180718,3,76,1,1,1,0.226158719201999,0.318714812039508,0.7450176536341,0.634589746425153
spe30,post,20180718,3,77,2,1,1,0.289061380194168,0.289061380194168,0.314375629019969,0.314375629019969
spe30,post,20180718,3,78,1,1,1,0.505029100245538,0.505029100245538,0.450420139466016,0.450420139466016
spe30,post,20180718,3,79,1,1,1,0.650341534085015,0.650341534085015,0.368367779653489,0.368367779653489
spe30,post,20180718,3,80,1,1,1,0.424451296568102,0.424233298484417,0.509451217723598,0.568675246565482
spe30,post,20180718,3,81,1,1,1,0.483832809512826,0.483832809512826,0.549625659415087,0.549625659415087
spe30,post,20180718,3,82,1,1,1,0.458289864726775,0.458289864726775,0.515825693701114,0.515825693701114
spe30,post,20180718,3,83,2,1,1,0.824856345810664,0.824856345810664,0.460885466514359,0.460885466514359
spe30,post,20180718,3,84,1,1,1,0.569833508588877,0.569833508588877,0.498602438564728,0.498602438564728
spe30,post,20180718,3,85,1,1,1,0.215697642430553,0.215697642430553,0.397241910481073,0.397241910481073
spe30,post,20180718,3,86,1,1,1,0.509040797862438,0.509040797862438,0.345962544064082,0.345962544064082
spe30,post,20180718,3,87,1,1,1,0.541515738933131,0.541515738933131,0.388401711325399,0.388401711325399
spe30,post,20180718,3,88,2,1,1,0.189726722928739,0.189726722928739,0.229198123571646,0.229198123571646
spe30,post,20180718,3,89,1,1,1,0.277360235123707,0.277360235123707,0.353497128081715,0.353497128081715
spe30,post,20180718,3,90,2,1,1,0.458288523147319,0.458288523147319,0.420814329465876,0.420814329465876
spe30,post,20180718,3,91,1,1,1,0.489611714150353,0.489611714150353,0.329655760571693,0.329655760571693
spe30,post,20180718,3,92,1,1,1,0.54378340109157,0.422467785247294,0.444410775729432,0.330863680041252
spe30,post,20180718,3,93,1,1,1,0.385640475949495,0.385640475949495,0.401495174235648,0.401495174235648
spe30,post,20180718,3,94,2,1,1,0.211959757681871,0.211959757681871,0.287033888714194,0.287033888714194
spe30,post,20180718,3,95,1,1,1,0.229964726920202,0.229964726920202,0.516686902310536,0.516686902310536
spe30,post,20180718,3,96,1,1,1,0.448055853211584,0.448055853211584,0.388075843642526,0.388075843642526
spe30,post,20180718,3,97,2,1,1,0.328436253065427,0.41726868158485,0.425973138651246,0.287048070612547
spe30,post,20180718,3,98,1,1,1,0.254577731388129,0.254577731388129,0.348304772613839,0.348304772613839
spe30,post,20180718,3,99,2,1,1,0.415563744106079,0.415563744106079,0.471594738639344,0.471594738639344
spe30,post,20180718,3,100,2,1,1,0.577333190105194,0.577333190105194,0.515631440428174,0.515631440428174
spe30,post,20180718,3,101,NaN,0,0,NaN,NaN,NaN,NaN
spe30,post,20180718,4,1,2,1,1,0.511368207724034,0.511368207724034,0.758920345035372,0.758920345035372
spe30,post,20180718,4,2,1,1,1,0.471243983854032,0.471243983854032,0.438199069597296,0.438199069597296
spe30,post,20180718,4,3,2,1,1,0.596527501347105,0.596527501347105,0.400323692698671,0.400323692698671
spe30,post,20180718,4,4,2,1,1,0.250668790409862,0.250668790409862,0.363119530050913,0.363119530050913
spe30,post,20180718,4,5,1,1,1,0.278197776649739,0.278197776649739,0.359617168592131,0.359617168592131
spe30,post,20180718,4,6,2,1,1,0.213853936807475,0.213853936807475,0.36770961417647,0.36770961417647
spe30,post,20180718,4,7,1,1,1,0.224265050719762,0.224265050719762,0.41876272043289,0.41876272043289
spe30,post,20180718,4,8,2,1,1,0.323907623580846,0.323907623580846,0.307764484804369,0.307764484804369
spe30,post,20180718,4,9,1,1,1,0.172050906590439,0.172050906590439,0.209369929192243,0.209369929192243
spe30,post,20180718,4,10,1,1,1,0.219625847849285,0.219625847849285,0.351257329107575,0.351257329107575
spe30,post,20180718,4,11,1,1,1,0.0637303609790675,0.0637303609790675,0.21129868237778,0.21129868237778
spe30,post,20180718,4,12,1,1,1,0.831018509937813,0.831018509937813,0.512699045768866,0.512699045768866
spe30,post,20180718,4,13,1,1,1,0.352601419269059,0.352601419269059,0.255024122117769,0.255024122117769
spe30,post,20180718,4,14,2,1,1,0.403816451788263,0.403816451788263,0.321908705911423,0.321908705911423
spe30,post,20180718,4,15,2,1,1,0.647950526716071,0.647950526716071,0.369659681776406,0.369659681776406
spe30,post,20180718,4,16,1,1,1,0.64920187639591,0.64920187639591,0.330482895696243,0.330482895696243
spe30,post,20180718,4,17,1,1,1,0.339801298124257,0.339801298124257,0.380416350563459,0.380416350563459
spe30,post,20180718,4,18,1,1,1,0.86310136488772,0.86310136488772,0.609777329855011,0.609777329855011
spe30,post,20180718,4,19,1,1,1,0.534720485597301,0.534720485597301,0.426275408021503,0.426275408021503
spe30,post,20180718,4,20,2,1,1,0.528659198021944,0.528659198021944,0.424734240857752,0.424734240857752
spe30,post,20180718,4,21,2,1,1,0.463551637660365,0.463551637660365,0.275657656375836,0.275657656375836
spe30,post,20180718,4,22,1,1,1,0.211090830171606,0.211090830171606,0.396197042116124,0.396197042116124
spe30,post,20180718,4,23,1,1,1,0.37766124767674,0.37766124767674,0.392102421945017,0.392102421945017
spe30,post,20180718,4,24,1,1,1,0.497416228668665,0.497416228668665,0.359497959482216,0.359497959482216
spe30,post,20180718,4,25,2,1,1,0.413516362896959,0.413516362896959,0.685696748315297,0.685696748315297
spe30,post,20180718,4,26,2,1,1,0.141714240535627,0.141714240535627,0.336146257307514,0.336146257307514
spe30,post,20180718,4,27,1,1,1,0.177873983475485,0.177873983475485,0.212388119673526,0.212388119673526
spe30,post,20180718,4,28,1,1,1,0.335889064900966,0.335889064900966,0.446448229118391,0.446448229118391
spe30,post,20180718,4,29,1,1,1,0.545070511688164,0.37767038391238,0.384181474615616,0.289141259402327
spe30,post,20180718,4,30,1,1,1,0.514871931892995,0.514871931892995,0.554679424846078,0.554679424846078
spe30,post,20180718,4,31,1,1,1,0.753947166102696,0.753947166102696,0.467744420675401,0.467744420675401
spe30,post,20180718,4,32,1,1,1,0.16228919647888,0.16228919647888,0.586930397389651,0.586930397389651
spe30,post,20180718,4,33,1,1,1,0.62154567047219,0.62154567047219,0.527776664252947,0.527776664252947
spe30,post,20180718,4,34,2,1,1,0.508212571407414,0.508212571407414,0.546849374907291,0.546849374907291
spe30,post,20180718,4,35,1,1,1,0.31976423733834,0.31976423733834,0.343547307282503,0.343547307282503
spe30,post,20180718,4,36,1,1,1,0.549124774938667,0.541528122194229,0.48941125511528,0.461491489632278
spe30,post,20180718,4,37,2,1,1,0.160302920081404,0.160302920081404,0.189752917205207,0.189752917205207
spe30,post,20180718,4,38,1,1,1,0.205357319043406,0.205357319043406,0.34366385275395,0.34366385275395
spe30,post,20180718,4,39,1,1,1,0.487831424517933,0.487831424517933,0.461664138534514,0.461664138534514
spe30,post,20180718,4,40,1,1,1,0.491476630650875,0.491476630650875,0.425209949174822,0.425209949174822
spe30,post,20180718,4,41,1,1,1,0.39875097579789,0.39875097579789,0.383498643390787,0.383498643390787
spe30,post,20180718,4,42,1,1,1,0.478703427009666,0.478703427009666,0.406398028526406,0.406398028526406
spe30,post,20180718,4,43,1,1,1,0.394955869081802,0.737301316052664,0.469942129901883,0.585935924673365
spe30,post,20180718,4,44,1,1,1,0.537906735756741,0.537906735756741,0.659795753381375,0.659795753381375
spe30,post,20180718,4,45,1,1,1,0.51828142029207,0.51828142029207,0.423156480221571,0.423156480221571
spe30,post,20180718,4,46,1,1,1,0.302358048373597,0.278418114964626,0.390425956009462,0.317206425395012
spe30,post,20180718,4,47,1,1,1,0.336053981405135,0.336053981405135,0.681312748958977,0.681312748958977
spe30,post,20180718,4,48,2,1,1,0.204390248971208,0.204390248971208,0.371838316954572,0.371838316954572
spe30,post,20180718,4,49,1,1,1,0.309521875792243,0.309521875792243,0.433165126006178,0.433165126006178
spe30,post,20180718,4,50,1,1,1,0.654475917269236,0.654475917269236,0.484782393267667,0.484782393267667
spe30,post,20180718,4,51,2,1,1,0.281003691923207,0.281003691923207,0.266020281364981,0.266020281364981
spe30,post,20180718,4,52,1,1,1,0.439501946415034,0.439501946415034,0.349250587470779,0.349250587470779
spe30,post,20180718,4,53,1,1,1,1.10054396370028,1.10054396370028,0.715291905657104,0.715291905657104
spe30,post,20180718,4,54,1,1,1,0.201975114898081,0.335940893569313,0.352033021308666,0.37196880872414
spe30,post,20180718,4,55,1,1,1,0.318812164740064,0.318812164740064,0.303400780467371,0.303400780467371
spe30,post,20180718,4,56,1,1,1,0.659116767724752,0.659116767724752,0.314887221932816,0.314887221932816
spe30,post,20180718,4,57,1,1,1,0.673969612989232,0.673969612989232,0.332614101651499,0.332614101651499
spe30,post,20180718,4,58,1,1,1,0.537432447325395,0.537432447325395,0.485931559053285,0.485931559053285
spe30,post,20180718,4,59,1,1,1,0.0658584936733009,0.0658584936733009,0.24181207767333,0.24181207767333
spe30,post,20180718,4,60,1,1,1,0.404216610589478,0.404216610589478,0.439298363618487,0.439298363618487
spe30,post,20180718,4,61,1,1,1,0.86325901915302,0.86325901915302,0.493929838236142,0.493929838236142
spe30,post,20180718,4,62,1,1,1,0.360008894700869,0.360008894700869,0.400813590285498,0.400813590285498
spe30,post,20180718,4,63,2,1,1,1.10618432439772,1.10618432439772,1.04925909060099,1.04925909060099
spe30,post,20180718,4,64,1,1,1,0.444688766865276,0.444688766865276,0.555033261218699,0.555033261218699
spe30,post,20180718,4,65,2,1,1,0.184895102001921,0.132997819837484,0.513796843001115,0.448675439269089
spe30,post,20180718,4,66,2,1,1,0.0975515469568967,0.0975515469568967,0.162528164948511,0.162528164948511
spe30,post,20180718,4,67,1,1,1,0.644149907286939,0.644149907286939,0.533544614326004,0.533544614326004
spe30,post,20180718,4,68,2,1,1,0.383365687142888,0.383365687142888,0.597131140080937,0.597131140080937
spe30,post,20180718,4,69,1,1,1,1.32213804643562,1.32213804643562,1.01226429681624,1.01226429681624
spe30,post,20180718,4,70,1,1,1,0.194595342529748,0.194595342529748,0.308932262883014,0.308932262883014
spe30,post,20180718,4,71,1,1,1,0.21032614433526,0.21032614433526,0.285461000435678,0.285461000435678
spe30,post,20180718,4,72,2,1,1,0.90290206646162,0.876718257680269,0.675633758349889,0.651152216112987
spe30,post,20180718,4,73,2,1,1,0.261756880986811,0.261756880986811,0.275942257691839,0.275942257691839
spe30,post,20180718,4,74,1,1,1,0.729793075460738,0.729793075460738,0.539102670678859,0.539102670678859
spe30,post,20180718,4,75,2,1,1,0.138769090962545,0.138769090962545,0.317679441953969,0.317679441953969
spe30,post,20180718,4,76,1,1,1,0.215567724844989,0.215567724844989,0.389611807943517,0.389611807943517
spe30,post,20180718,4,77,1,1,1,0.3707929209643,0.3707929209643,0.458603405156564,0.458603405156564
spe30,post,20180718,4,78,1,1,1,0.559921654139581,0.559921654139581,0.387931202337535,0.387931202337535
spe30,post,20180718,4,79,1,1,1,0.529172080537082,0.529172080537082,0.435400397243223,0.435400397243223
spe30,post,20180718,4,80,2,1,1,0.112815020961486,0.112815020961486,0.336625548712496,0.336625548712496
spe30,post,20180718,4,81,2,1,1,1.03434816352286,1.03434816352286,0.498090533544086,0.498090533544086
spe30,post,20180718,4,82,2,1,1,0.314459681182882,0.314459681182882,0.768868611068614,0.768868611068614
spe30,post,20180718,4,83,2,1,1,0.284687773725797,0.284687773725797,0.332184116417864,0.332184116417864
spe30,post,20180718,4,84,2,1,1,0.389094374285063,0.389094374285063,0.380585981879881,0.380585981879881
spe30,post,20180718,4,85,2,1,1,0.182553753780339,0.180066563707533,0.332480783932257,0.330319673909706
spe30,post,20180718,4,86,1,1,1,0.391967042825562,0.391967042825562,0.391960979107298,0.391960979107298
spe30,post,20180718,4,87,2,1,1,0.496410637620996,0.496410637620996,0.391539819042873,0.391539819042873
spe30,post,20180718,4,88,2,1,1,0.948023742569562,0.948023742569562,0.404548820793961,0.404548820793961
spe30,post,20180718,4,89,2,1,1,0.145875560909733,0.145875560909733,0.285168683950241,0.285168683950241
spe30,post,20180718,4,90,2,1,1,0.0512880281356036,0.0512880281356036,0.181898153663431,0.181898153663431
spe30,post,20180718,4,91,1,1,1,1.03165746637667,0.35222479261112,0.655327713674468,0.305623085192073
spe30,post,20180718,4,92,1,1,1,0.552715781807085,0.552715781807085,0.380758854383513,0.380758854383513
spe30,post,20180718,4,93,2,1,1,0.721256450846682,0.545079146644154,0.622558422211896,0.515065112525903
spe30,post,20180718,4,94,2,1,1,0.346043548777851,0.346043548777851,0.409755334362756,0.409755334362756
spe30,post,20180718,4,95,1,1,1,0.702982045373261,0.518779368781235,0.630276601104576,0.370615546459089
spe30,post,20180718,4,96,1,1,1,0.458111968878116,0.458111968878116,0.524370076969406,0.524370076969406
spe30,post,20180718,4,97,1,1,1,0.287121186055611,0.287121186055611,0.287805088013042,0.287805088013042
spe30,post,20180718,4,98,1,1,1,0.882484840099842,0.882484840099842,0.546268237463316,0.546268237463316
spe30,post,20180718,4,99,1,1,1,0.460013281573243,0.460013281573243,0.324821185460437,0.324821185460437
spe30,post,20180718,4,100,1,1,1,0.19745792797151,0.19745792797151,0.291255953701913,0.291255953701913
spe30,post,20180718,4,101,NaN,0,0,NaN,NaN,NaN,NaN
spe30,post,20180718,5,1,2,1,1,0.377926647519752,0.377926647519752,0.379915595376062,0.379915595376062
spe30,post,20180718,5,2,1,1,1,0.273196512806718,0.273196512806718,0.339980326782748,0.339980326782748
spe30,post,20180718,5,3,2,1,1,0.198315595973085,0.234975097558932,0.32054926138618,0.33537673829867
spe30,post,20180718,5,4,1,1,1,0.140836405683507,0.140836405683507,0.290292342371769,0.290292342371769
spe30,post,20180718,5,5,1,1,1,0.873898077314148,0.810298735458458,0.507396108577743,0.57162384374622
spe30,post,20180718,5,6,2,1,1,0.771610844516385,0.771610844516385,0.39449258371027,0.39449258371027
spe30,post,20180718,5,7,1,1,1,0.6282634729655,0.6282634729655,0.543084908372079,0.543084908372079
spe30,post,20180718,5,8,2,1,1,0.215379315694145,0.215379315694145,0.305624442576777,0.305624442576777
spe30,post,20180718,5,9,2,1,1,0.890534190768311,0.890534190768311,0.485731885065513,0.485731885065513
spe30,post,20180718,5,10,1,1,1,0.748060727923611,0.748060727923611,0.49566870203998,0.49566870203998
spe30,post,20180718,5,11,2,1,1,0.24170451125916,0.24170451125916,0.228177647623912,0.228177647623912
spe30,post,20180718,5,12,1,1,1,0.219214659323365,0.219214659323365,0.396735577767935,0.396735577767935
spe30,post,20180718,5,13,2,1,1,0.6103495877332,0.374394166971131,0.553273497284004,0.266491088829201
spe30,post,20180718,5,14,1,1,1,0.577206806461949,0.467237292568871,0.485528183495384,0.413455169852522
spe30,post,20180718,5,15,2,1,1,0.348509831421009,0.348509831421009,0.322664169649202,0.322664169649202
spe30,post,20180718,5,16,1,1,1,0.347229664619113,0.347229664619113,0.621453311647514,0.621453311647514
spe30,post,20180718,5,17,1,1,1,0.862032905529096,0.862032905529096,0.57031641163764,0.57031641163764
spe30,post,20180718,5,18,1,1,1,0.671783236684034,0.671783236684034,0.437352157973037,0.437352157973037
spe30,post,20180718,5,19,1,1,1,0.194838017057569,0.194838017057569,0.609376509126473,0.609376509126473
spe30,post,20180718,5,20,2,1,1,0.383801708682793,0.383801708682793,0.466927815547466,0.466927815547466
spe30,post,20180718,5,21,1,1,1,0.17068846888203,0.17068846888203,0.280841934140331,0.280841934140331
spe30,post,20180718,5,22,2,1,1,0.253222380105735,0.253222380105735,0.275432711449114,0.275432711449114
spe30,post,20180718,5,23,2,1,1,0.568542822597946,0.568542822597946,0.407689865763508,0.407689865763508
spe30,post,20180718,5,24,1,1,1,0.390166135984877,0.390166135984877,0.545154181545005,0.545154181545005
spe30,post,20180718,5,25,1,1,1,0.279884716198626,0.279884716198626,0.225154367295449,0.225154367295449
spe30,post,20180718,5,26,1,1,1,0.286885381411223,0.286885381411223,0.419525696131643,0.419525696131643
spe30,post,20180718,5,27,1,1,1,0.220814455163851,0.220814455163851,0.428743408851354,0.428743408851354
spe30,post,20180718,5,28,2,1,1,0.518177652169515,0.518177652169515,0.529950067488001,0.529950067488001
spe30,post,20180718,5,29,1,1,1,0.469362444658154,0.469362444658154,0.392349850968087,0.392349850968087
spe30,post,20180718,5,30,1,1,1,0.11695710352301,0.11695710352301,0.341782880502544,0.341782880502544
spe30,post,20180718,5,31,1,1,1,0.717818056632285,0.717818056632285,0.557461953454537,0.557461953454537
spe30,post,20180718,5,32,1,1,1,0.473249983020148,0.473249983020148,0.337788615685463,0.337788615685463
spe30,post,20180718,5,33,1,1,1,0.601748060835641,0.601748060835641,0.38024593383795,0.38024593383795
spe30,post,20180718,5,34,1,1,1,0.234039947660159,0.234039947660159,0.429495937119028,0.429495937119028
spe30,post,20180718,5,35,1,1,1,0.308409649499561,0.308409649499561,0.236287603759911,0.236287603759911
spe30,post,20180718,5,36,2,1,1,0.255455414684215,0.255455414684215,0.178720152282544,0.178720152282544
spe30,post,20180718,5,37,2,1,1,0.456567639590495,0.456567639590495,0.421211686043983,0.421211686043983
spe30,post,20180718,5,38,2,1,1,0.339724629328058,0.339724629328058,0.301250109161336,0.301250109161336
spe30,post,20180718,5,39,1,1,1,1.0659857658863,1.0659857658863,0.46058805881098,0.46058805881098
spe30,post,20180718,5,40,2,1,1,0.387868457359767,0.330555469250655,0.335436871341966,0.305588099837655
spe30,post,20180718,5,41,2,1,1,0.648756909854291,0.700439663433293,0.496010804056487,0.355571700570217
spe30,post,20180718,5,42,2,1,1,0.208010105707954,0.470773762973938,0.444073819575579,0.502788069065867
spe30,post,20180718,5,43,1,1,1,0.263971126106316,0.263971126106316,0.531857678431114,0.531857678431114
spe30,post,20180718,5,44,2,1,1,0.318871269867945,0.318871269867945,0.34110514382061,0.34110514382061
spe30,post,20180718,5,45,1,1,1,0.618335833479814,0.618335833479814,0.466694491544072,0.466694491544072
spe30,post,20180718,5,46,1,1,1,0.507833691170747,0.507833691170747,0.428787802614375,0.428787802614375
spe30,post,20180718,5,47,1,1,1,0.377841020534175,0.344305660905381,0.5480106526787,0.294953037922471
spe30,post,20180718,5,48,1,1,1,0.373015119484999,0.373015119484999,0.282496829850652,0.282496829850652
spe30,post,20180718,5,49,2,1,1,0.383797121731817,0.383797121731817,0.45733417686322,0.45733417686322
spe30,post,20180718,5,50,1,1,1,0.362498589856838,0.362498589856838,0.37138984663244,0.37138984663244
spe30,post,20180718,5,51,2,1,1,0.446471779057116,0.446471779057116,0.511622708885356,0.511622708885356
spe30,post,20180718,5,52,1,1,1,0.45022260289261,0.45022260289261,0.563819336507139,0.563819336507139
spe30,post,20180718,5,53,1,1,1,0.344649771538036,0.344649771538036,0.550582951831643,0.550582951831643
spe30,post,20180718,5,54,1,1,1,0.561531129571409,0.561531129571409,0.457943830857302,0.457943830857302
spe30,post,20180718,5,55,1,1,1,0.464694500809269,0.464694500809269,0.409710627598242,0.409710627598242
spe30,post,20180718,5,56,1,1,1,0.301797218953837,0.298407809997072,0.412316909035996,0.185843270130865
spe30,post,20180718,5,57,2,1,1,0.280599579067164,0.280599579067164,0.535880902600705,0.535880902600705
spe30,post,20180718,5,58,1,1,1,1.19231973654655,1.19231973654655,1.06983539159657,1.06983539159657
spe30,post,20180718,5,59,1,1,1,0.309437954117364,0.309437954117364,0.282246225562702,0.282246225562702
spe30,post,20180718,5,60,1,1,1,1.09113589883691,1.09113589883691,0.569108979890105,0.569108979890105
spe30,post,20180718,5,61,1,1,1,0.629519335525865,0.629519335525865,0.493264865553924,0.493264865553924
spe30,post,20180718,5,62,2,1,1,0.117180263251173,0.117180263251173,0.769581412083951,0.769581412083951
spe30,post,20180718,5,63,1,1,1,1.19872764717593,1.19872764717593,0.486815207046346,0.486815207046346
spe30,post,20180718,5,64,2,1,1,0.236856013151031,0.236856013151031,0.374784048634916,0.374784048634916
spe30,post,20180718,5,65,2,1,1,0.235452756388448,0.235452756388448,0.257404261068828,0.257404261068828
spe30,post,20180718,5,66,1,1,1,0.103096730749846,0.103096730749846,0.257952007061015,0.257952007061015
spe30,post,20180718,5,67,1,1,1,0.435834582234814,0.483934900625574,0.390811062281879,0.345087798100633
spe30,post,20180718,5,68,1,1,1,0.672307722864455,0.672307722864455,0.584412418909806,0.584412418909806
spe30,post,20180718,5,69,2,1,1,0.877467225030179,0.877467225030179,0.646534230585959,0.646534230585959
spe30,post,20180718,5,70,1,1,1,0.725344716355432,0.725344716355432,0.676938698741886,0.676938698741886
spe30,post,20180718,5,71,1,1,1,0.310367296087583,0.310367296087583,0.306899174014914,0.306899174014914
spe30,post,20180718,5,72,1,1,1,0.295378471507663,0.295378471507663,0.393711223606056,0.393711223606056
spe30,post,20180718,5,73,2,1,1,0.30771217979413,0.30771217979413,0.383848205758953,0.383848205758953
spe30,post,20180718,5,74,1,1,1,0.768663128178832,0.768663128178832,0.534190312044443,0.534190312044443
spe30,post,20180718,5,75,1,1,1,0.0387702025400074,0.0387702025400074,0.271724978713874,0.271724978713874
spe30,post,20180718,5,76,1,1,1,0.274014631421499,0.274014631421499,0.345521471872485,0.345521471872485
spe30,post,20180718,5,77,1,1,1,0.312957160803238,0.312957160803238,0.393077731462001,0.393077731462001
spe30,post,20180718,5,78,1,1,1,0.284896746318321,0.284896746318321,0.457061146781919,0.457061146781919
spe30,post,20180718,5,79,1,1,1,0.430124781056055,0.430124781056055,0.269117469211226,0.269117469211226
spe30,post,20180718,5,80,1,1,1,0.324874508479532,0.324874508479532,0.469348167243734,0.469348167243734
spe30,post,20180718,5,81,1,1,1,0.218031234318067,0.218031234318067,0.236663843161148,0.236663843161148
spe30,post,20180718,5,82,1,1,1,0.352448673072088,0.352448673072088,0.327858311221843,0.327858311221843
spe30,post,20180718,5,83,2,1,1,0.837927763458362,0.837927763458362,0.415437776245188,0.415437776245188
spe30,post,20180718,5,84,1,1,1,0.728571436635614,0.261703857427396,0.392390673250527,0.262646303905642
spe30,post,20180718,5,85,2,1,1,0.221108917328941,0.221108917328941,0.201057098957922,0.201057098957922
spe30,post,20180718,5,86,1,1,1,0.810927487878496,0.810927487878496,0.453830182653108,0.453830182653108
spe30,post,20180718,5,87,1,1,1,0.5324315316939,0.365483142399255,0.555642423707804,0.332044153967774
spe30,post,20180718,5,88,1,1,1,0.276847841673781,0.276847841673781,0.515845682715848,0.515845682715848
spe30,post,20180718,5,89,1,1,1,0.548155545625902,0.548155545625902,0.346119810430263,0.346119810430263
spe30,post,20180718,5,90,1,1,1,0.445305104506243,0.139862007565211,0.288541546264796,0.259586910706119
spe30,post,20180718,5,91,2,1,1,0.553730877139821,0.553730877139821,0.429999372297088,0.429999372297088
spe30,post,20180718,5,92,2,1,1,0.296078805163414,0.296078805163414,0.351774420818844,0.351774420818844
spe30,post,20180718,5,93,1,1,1,0.361516893367072,0.361516893367072,0.344456893845027,0.344456893845027
spe30,post,20180718,5,94,1,1,1,0.21850906836606,0.21850906836606,0.271927192564243,0.271927192564243
spe30,post,20180718,5,95,2,1,1,0.367568075674965,0.367568075674965,0.317146362275655,0.317146362275655
spe30,post,20180718,5,96,1,1,1,0.478640294626235,0.478640294626235,0.464905917318885,0.464905917318885
spe30,post,20180718,5,97,1,1,1,0.488188742670761,0.279826645546335,0.583454062873454,0.361805973742702
spe30,post,20180718,5,98,2,1,1,0.453143773612635,0.453143773612635,0.408543173273198,0.408543173273198
spe30,post,20180718,5,99,2,1,1,1.53756798617981,0.351515654213338,1.29576245589349,0.323185838803325
spe30,post,20180718,5,100,1,1,1,0.613616762201612,0.613616762201612,0.297606272287301,0.297606272287301
spe30,post,20180718,5,101,NaN,0,0,NaN,NaN,NaN,NaN
spe30,retest,20180719,1,1,1,1,1,0.576655065668684,0.576655065668684,0.538182196309643,0.538182196309643
spe30,retest,20180719,1,2,2,1,1,0.675556875890687,0.675556875890687,0.38391082449604,0.38391082449604
spe30,retest,20180719,1,3,2,1,1,0.460113384293096,0.460113384293096,0.48651499402414,0.48651499402414
spe30,retest,20180719,1,4,1,1,1,0.455997519208343,0.455997519208343,0.458047557613273,0.458047557613273
spe30,retest,20180719,1,5,1,1,1,0.393398193290811,0.440006716078225,0.607984109975887,0.492363763189076
spe30,retest,20180719,1,6,1,1,1,0.647195519400232,0.647195519400232,0.695625095932673,0.695625095932673
spe30,retest,20180719,1,7,1,1,1,0.768635327652551,0.768635327652551,0.625703687210225,0.625703687210225
spe30,retest,20180719,1,8,2,1,1,0.318849995839887,0.318849995839887,0.302532537723841,0.302532537723841
spe30,retest,20180719,1,9,1,1,1,0.978714991976952,0.978714991976952,0.789404014483147,0.789404014483147
spe30,retest,20180719,1,10,2,1,1,1.01427605599513,1.01427605599513,0.863537253412199,0.863537253412199
spe30,retest,20180719,1,11,2,1,1,0.539934486199733,0.539934486199733,0.472087624269536,0.472087624269536
spe30,retest,20180719,1,12,1,1,1,0.455973942251146,0.455973942251146,0.533507743910823,0.533507743910823
spe30,retest,20180719,1,13,2,1,1,0.499388142614112,0.427172304089399,0.757956421630862,0.480740229434804
spe30,retest,20180719,1,14,2,1,1,0.455403138374052,0.455403138374052,0.462577378874065,0.462577378874065
spe30,retest,20180719,1,15,2,1,1,0.508008261657009,0.508008261657009,0.84098934426552,0.84098934426552
spe30,retest,20180719,1,16,1,1,1,0.532653284373247,0.532653284373247,0.479727045943439,0.479727045943439
spe30,retest,20180719,1,17,2,1,1,0.355186939441313,0.355186939441313,0.417561564577783,0.417561564577783
spe30,retest,20180719,1,18,1,1,1,0.492962804240195,0.492962804240195,0.672655996718228,0.672655996718228
spe30,retest,20180719,1,19,1,1,1,0.894263540184138,0.576231301427768,1.20240425808145,0.657970328160387
spe30,retest,20180719,1,20,2,1,1,0.822272864428364,0.822272864428364,0.897424250437561,0.897424250437561
spe30,retest,20180719,1,21,1,1,1,0.203687649198579,0.203687649198579,0.428572468114144,0.428572468114144
spe30,retest,20180719,1,22,2,1,1,0.183787025360369,0.183787025360369,0.474790034787625,0.474790034787625
spe30,retest,20180719,1,23,1,1,1,0.703661445829855,0.703661445829855,0.576750619529509,0.576750619529509
spe30,retest,20180719,1,24,1,1,1,0.794191354644839,0.818529309318597,0.87663151469993,0.900552532261952
spe30,retest,20180719,1,25,1,1,1,0.358987698510653,0.358987698510653,0.446008133060527,0.446008133060527
spe30,retest,20180719,1,26,1,1,1,1.27308413634297,0.455226138617385,0.71101714737352,0.370037787709409
spe30,retest,20180719,1,27,1,1,1,0.445034496180319,0.445034496180319,0.354757993665786,0.354757993665786
spe30,retest,20180719,1,28,1,1,1,0.131325287237626,0.104127786548361,0.351669224637353,0.317080487200943
spe30,retest,20180719,1,29,1,1,1,0.296321675394569,0.296321675394569,0.42346801582374,0.42346801582374
spe30,retest,20180719,1,30,1,1,1,0.322933769688905,0.176521199120449,0.394745928043307,0.416090461788816
spe30,retest,20180719,1,31,1,1,1,0.411318037177791,0.411318037177791,0.404363470934226,0.404363470934226
spe30,retest,20180719,1,32,1,1,1,0.805538872945184,0.805538872945184,0.530254860564795,0.530254860564795
spe30,retest,20180719,1,33,1,1,1,0.508525703268307,0.508525703268307,0.530319709209625,0.530319709209625
spe30,retest,20180719,1,34,1,1,1,0.501053559821781,0.436543809400406,0.514254570598461,0.461804707591634
spe30,retest,20180719,1,35,1,1,1,0.389268436666121,0.389268436666121,0.410720291273524,0.410720291273524
spe30,retest,20180719,1,36,1,1,1,1.06518295900998,1.27218029311217,0.887174801828476,0.91277054104145
spe30,retest,20180719,1,37,2,1,1,1.06117563167658,1.06117563167658,0.648439776529138,0.648439776529138
spe30,retest,20180719,1,38,1,1,1,0.415857803097033,0.415857803097033,0.358250984603311,0.358250984603311
spe30,retest,20180719,1,39,2,1,1,0.273457689471224,0.273457689471224,0.539489980492322,0.539489980492322
spe30,retest,20180719,1,40,2,1,1,0.575844718973063,0.575844718973063,0.43749375696835,0.43749375696835
spe30,retest,20180719,1,41,1,1,1,0.925915758690564,0.925915758690564,0.563630037102481,0.563630037102481
spe30,retest,20180719,1,42,1,1,1,0.570403454403392,0.570403454403392,0.421526136988271,0.421526136988271
spe30,retest,20180719,1,43,1,1,1,0.56757347159702,0.56757347159702,0.499426077354838,0.499426077354838
spe30,retest,20180719,1,44,1,1,1,0.884292553995431,0.884292553995431,0.981895815907553,0.981895815907553
spe30,retest,20180719,1,45,1,1,1,0.530289378588003,0.530289378588003,0.415023268342159,0.415023268342159
spe30,retest,20180719,1,46,2,1,1,1.02063030214751,1.02063030214751,0.736191118820124,0.736191118820124
spe30,retest,20180719,1,47,1,1,1,0.146680277111443,0.146680277111443,0.313389883983469,0.313389883983469
spe30,retest,20180719,1,48,1,1,1,0.55460854540511,0.55460854540511,0.538370653268072,0.538370653268072
spe30,retest,20180719,1,49,2,1,1,0.307908854121675,0.307908854121675,0.527312135384367,0.527312135384367
spe30,retest,20180719,1,50,2,1,1,0.360972805647372,0.537062419071585,0.591797831215888,0.589135854202492
spe30,retest,20180719,1,51,1,1,1,0.51506459288605,0.53510755612737,0.579342655286692,0.541422723649638
spe30,retest,20180719,1,52,1,1,1,0.449093237778957,0.409524666474243,0.653541904087579,0.646639489164321
spe30,retest,20180719,1,53,1,1,1,0.561119703525602,0.561119703525602,0.838331359895012,0.838331359895012
spe30,retest,20180719,1,54,1,1,1,0.507914174514587,0.444707639774746,0.4451060450699,0.439428700851561
spe30,retest,20180719,1,55,2,1,1,0.651213543061913,0.651213543061913,0.65886337342689,0.65886337342689
spe30,retest,20180719,1,56,2,1,1,0.730792541600252,0.730792541600252,0.66161243183554,0.66161243183554
spe30,retest,20180719,1,57,2,1,1,0.280333286103037,0.280333286103037,0.445149951880007,0.445149951880007
spe30,retest,20180719,1,58,1,1,1,0.290375243580211,0.290375243580211,0.63229634596932,0.63229634596932
spe30,retest,20180719,1,59,2,1,1,0.952495453866099,0.952495453866099,0.451607451374602,0.451607451374602
spe30,retest,20180719,1,60,1,1,1,0.375795948019719,0.239639804121113,0.418849767297869,0.344317868076502
spe30,retest,20180719,1,61,1,1,1,0.368823231902791,0.368823231902791,0.407129579081751,0.407129579081751
spe30,retest,20180719,1,62,1,1,1,0.578347710709496,0.578347710709496,0.249807375531144,0.249807375531144
spe30,retest,20180719,1,63,1,1,1,0.17917752496929,0.17917752496929,0.432623701524418,0.432623701524418
spe30,retest,20180719,1,64,1,1,1,1.33285789995445,1.33285789995445,0.818473033882393,0.818473033882393
spe30,retest,20180719,1,65,1,1,1,1.04198473632661,1.04198473632661,0.681399879458586,0.681399879458586
spe30,retest,20180719,1,66,1,1,1,0.476038064756561,0.476038064756561,0.33485830914685,0.33485830914685
spe30,retest,20180719,1,67,1,1,1,0.190894098593423,0.190894098593423,0.26183380386198,0.26183380386198
spe30,retest,20180719,1,68,2,1,1,0.370555103659052,0.370555103659052,0.474933975910143,0.474933975910143
spe30,retest,20180719,1,69,2,1,1,0.411657870441629,0.411657870441629,0.262219688532172,0.262219688532172
spe30,retest,20180719,1,70,1,1,1,0.367847667430274,0.367847667430274,0.458594131545177,0.458594131545177
spe30,retest,20180719,1,71,1,1,1,0.268979789927887,0.268979789927887,0.416818248126011,0.416818248126011
spe30,retest,20180719,1,72,1,1,1,0.470058505580285,0.470058505580285,0.386193517206685,0.386193517206685
spe30,retest,20180719,1,73,1,1,1,1.03837501927582,1.19675356788541,0.678462208490953,0.69700117315485
spe30,retest,20180719,1,74,1,1,1,0.682452897385195,0.682452897385195,0.400931200295681,0.400931200295681
spe30,retest,20180719,1,75,1,1,1,0.294696191750463,0.294696191750463,0.266298978425176,0.266298978425176
spe30,retest,20180719,1,76,2,1,1,0.316518801425567,0.316518801425567,0.386398575674742,0.386398575674742
spe30,retest,20180719,1,77,1,1,1,0.905647891112181,0.905647891112181,0.650439590205674,0.650439590205674
spe30,retest,20180719,1,78,1,1,1,0.823114157211605,0.823114157211605,0.8202910395787,0.8202910395787
spe30,retest,20180719,1,79,2,1,1,0.0996945366388386,0.0996945366388386,0.31446666963776,0.31446666963776
spe30,retest,20180719,1,80,1,1,1,0.439405053006402,0.439405053006402,0.441013456109467,0.441013456109467
spe30,retest,20180719,1,81,2,1,1,0.345784081197954,0.345784081197954,0.411857203103,0.411857203103
spe30,retest,20180719,1,82,2,1,1,0.651783194445758,0.651783194445758,0.545266454392502,0.545266454392502
spe30,retest,20180719,1,83,1,1,1,0.474021923181681,0.295211214510349,0.552880274716284,0.349303991932569
spe30,retest,20180719,1,84,1,1,1,0.523673267356837,0.523673267356837,0.403628129106632,0.403628129106632
spe30,retest,20180719,1,85,2,1,1,0.6744684585274,0.6744684585274,0.435728678716656,0.435728678716656
spe30,retest,20180719,1,86,1,1,1,0.568167253228875,0.568167253228875,0.732189672272816,0.732189672272816
spe30,retest,20180719,1,87,2,1,1,1.73341449986414,1.73341449986414,1.11734590730892,1.11734590730892
spe30,retest,20180719,1,88,2,1,1,0.697099790285364,0.697099790285364,0.817544517876384,0.817544517876384
spe30,retest,20180719,1,89,1,1,1,0.684795838850676,0.684795838850676,0.63761714001199,0.63761714001199
spe30,retest,20180719,1,90,2,1,1,0.135720738312694,0.135720738312694,0.508314236994404,0.508314236994404
spe30,retest,20180719,1,91,1,1,1,0.503014634739356,0.503014634739356,0.556672173894096,0.556672173894096
spe30,retest,20180719,1,92,2,1,1,0.221946459878884,0.221946459878884,0.329403257088698,0.329403257088698
spe30,retest,20180719,1,93,1,1,1,0.359718712570345,0.359718712570345,0.516315165561683,0.516315165561683
spe30,retest,20180719,1,94,1,1,1,0.193576106077657,0.193576106077657,0.330708517388596,0.330708517388596
spe30,retest,20180719,1,95,2,1,1,0.537558450513613,0.537558450513613,0.34758244839419,0.34758244839419
spe30,retest,20180719,1,96,2,0,0,NaN,NaN,NaN,NaN
spe30,retest,20180719,1,97,1,1,1,1.7954592467731,0.545778629845874,1.03705091633109,0.433429366756039
spe30,retest,20180719,1,98,1,1,1,0.198180900925067,0.190491562865839,0.336654730322099,0.37499335186919
spe30,retest,20180719,1,99,1,1,1,0.290371200483917,0.290371200483917,0.514129572866033,0.514129572866033
spe30,retest,20180719,1,100,1,1,1,0.336313174710684,0.336313174710684,0.395453409046971,0.395453409046971
spe30,retest,20180719,1,101,NaN,0,0,NaN,NaN,NaN,NaN
spe30,retest,20180719,3,1,1,1,1,2.04275797689274,1.61338281410188,1.10646316708601,0.839786836237772
spe30,retest,20180719,3,2,1,1,1,0.2636546767331,0.2636546767331,0.313232963489529,0.313232963489529
spe30,retest,20180719,3,3,1,1,1,0.401476583933643,0.401476583933643,0.300937336899351,0.300937336899351
spe30,retest,20180719,3,4,1,1,1,0.128849932409993,0.128849932409993,0.226600191898796,0.226600191898796
spe30,retest,20180719,3,5,2,1,1,0.416764281403285,0.416764281403285,0.449148289479355,0.449148289479355
spe30,retest,20180719,3,6,2,1,1,0.411156325592533,0.411156325592533,0.723822159245534,0.723822159245534
spe30,retest,20180719,3,7,2,1,1,0.64779506716553,0.64779506716553,0.563063162563515,0.563063162563515
spe30,retest,20180719,3,8,1,1,1,0.308385303936534,0.308385303936534,0.206196784207051,0.206196784207051
spe30,retest,20180719,3,9,1,1,1,0.181110696057729,0.181110696057729,0.438809416066296,0.438809416066296
spe30,retest,20180719,3,10,1,1,1,0.163497630110862,0.163497630110862,0.164109118320416,0.164109118320416
spe30,retest,20180719,3,11,2,1,1,0.414169205558608,0.414169205558608,0.40777354051194,0.40777354051194
spe30,retest,20180719,3,12,2,1,1,0.700078558616711,0.700078558616711,1.03126344269844,1.03126344269844
spe30,retest,20180719,3,13,1,1,1,0.234404745903497,0.234404745903497,0.251807115610215,0.251807115610215
spe30,retest,20180719,3,14,1,1,1,0.543837323658289,0.543837323658289,0.364794143222833,0.364794143222833
spe30,retest,20180719,3,15,1,1,1,0.660766660470081,0.660766660470081,0.706255903725244,0.706255903725244
spe30,retest,20180719,3,16,1,1,1,0.427340992697655,0.427340992697655,0.570208057454041,0.570208057454041
spe30,retest,20180719,3,17,1,1,1,0.693333967486776,0.693333967486776,0.520088122237112,0.520088122237112
spe30,retest,20180719,3,18,1,1,1,0.357955277442873,0.357955277442873,0.327914431211044,0.327914431211044
spe30,retest,20180719,3,19,1,1,1,0.15106316466876,0.15106316466876,0.303403484697828,0.303403484697828
spe30,retest,20180719,3,20,1,1,1,0.128505162229846,0.128505162229846,0.165407724892563,0.165407724892563
spe30,retest,20180719,3,21,1,1,1,0.443617897380233,0.443617897380233,0.598118880299282,0.598118880299282
spe30,retest,20180719,3,22,2,1,1,0.542967870107037,0.542967870107037,0.299437076757872,0.299437076757872
spe30,retest,20180719,3,23,2,1,1,0.518294965322459,0.518294965322459,0.257149122000988,0.257149122000988
spe30,retest,20180719,3,24,1,1,1,0.269712804150247,0.269712804150247,0.280475353475592,0.280475353475592
spe30,retest,20180719,3,25,2,1,1,0.428381927171656,0.428381927171656,0.629643386700281,0.629643386700281
spe30,retest,20180719,3,26,1,1,1,0.175378555406633,0.175378555406633,0.430907034282047,0.430907034282047
spe30,retest,20180719,3,27,1,1,1,0.283287719622191,0.283287719622191,0.364938516015378,0.364938516015378
spe30,retest,20180719,3,28,1,1,1,0.297124843273578,0.297124843273578,0.286679957345182,0.286679957345182
spe30,retest,20180719,3,29,2,1,1,0.93208247371064,0.573845907428991,0.864105172500138,0.577782359021167
spe30,retest,20180719,3,30,2,1,1,1.49639958450949,1.49639958450949,1.57254467363588,1.57254467363588
spe30,retest,20180719,3,31,2,1,1,0.459105203829589,0.275591306107044,0.618158129006645,0.455015425607298
spe30,retest,20180719,3,32,1,1,1,1.06207812195936,1.06207812195936,0.762142524401913,0.762142524401913
spe30,retest,20180719,3,33,1,0,0,NaN,NaN,NaN,NaN
spe30,retest,20180719,3,34,1,0,0,NaN,NaN,NaN,NaN
spe30,retest,20180719,3,35,1,1,1,0.336163589973774,0.336163589973774,0.307916732866481,0.307916732866481
spe30,retest,20180719,3,36,1,1,1,1.63840223526489,0.428465710907451,1.02656669574375,0.598751160621193
spe30,retest,20180719,3,37,1,1,1,0.38038793320205,0.38038793320205,0.226628750996259,0.226628750996259
spe30,retest,20180719,3,38,1,1,1,1.82675080254764,0.292696471073219,1.20728082220697,0.426884267911147
spe30,retest,20180719,3,39,1,1,1,0.305106024785857,0.305106024785857,0.468362411023966,0.468362411023966
spe30,retest,20180719,3,40,2,1,1,0.116894094544273,0.116894094544273,0.296903006691804,0.296903006691804
spe30,retest,20180719,3,41,2,1,1,0.714683320664292,0.714683320664292,0.765325990565545,0.765325990565545
spe30,retest,20180719,3,42,1,1,1,0.661697640081446,0.661697640081446,0.652542806608784,0.652542806608784
spe30,retest,20180719,3,43,1,1,1,0.646180852572009,0.646180852572009,0.581879391842338,0.581879391842338
spe30,retest,20180719,3,44,2,1,1,0.203908093377667,0.203908093377667,0.658964628776644,0.658964628776644
spe30,retest,20180719,3,45,2,1,1,0.390004162411214,0.390004162411214,0.315040672849848,0.315040672849848
spe30,retest,20180719,3,46,1,1,1,1.10265193968724,0.68057932018444,1.00433175559442,0.48157371939809
spe30,retest,20180719,3,47,1,1,1,0.462699058576764,0.462699058576764,0.415374296021516,0.415374296021516
spe30,retest,20180719,3,48,1,1,1,0.370589426003505,0.370589426003505,0.714812513874343,0.714812513874343
spe30,retest,20180719,3,49,1,1,1,1.86121657126022,1.86121657126022,0.979858567036032,0.979858567036032
spe30,retest,20180719,3,50,2,1,1,0.277540162537619,0.277540162537619,0.524433356624415,0.524433356624415
spe30,retest,20180719,3,51,1,1,1,0.482742859892674,0.482742859892674,0.528122485621455,0.528122485621455
spe30,retest,20180719,3,52,1,1,1,1.70389019422642,0.212039982946518,1.12181678571769,0.309040106224924
spe30,retest,20180719,3,53,1,1,1,0.334726792847557,0.334726792847557,0.220939316755137,0.220939316755137
spe30,retest,20180719,3,54,1,1,1,0.547385651538313,0.547385651538313,0.495440661257832,0.495440661257832
spe30,retest,20180719,3,55,2,1,1,0.415881470416279,0.415881470416279,0.473584072888546,0.473584072888546
spe30,retest,20180719,3,56,2,1,1,0.45847351255561,0.45847351255561,0.449168954713666,0.449168954713666
spe30,retest,20180719,3,57,2,1,1,1.04696180072879,0.293959438760349,1.04959638515204,0.591780728035385
spe30,retest,20180719,3,58,1,1,1,0.448741308104443,0.448741308104443,0.420289657207704,0.420289657207704
spe30,retest,20180719,3,59,1,1,1,0.410253483523546,0.410253483523546,0.573120443129773,0.573120443129773
spe30,retest,20180719,3,60,1,1,1,0.322934208131898,0.322934208131898,0.320299234582893,0.320299234582893
spe30,retest,20180719,3,61,1,1,1,0.456260547068425,0.456260547068425,0.766513162056023,0.766513162056023
spe30,retest,20180719,3,62,2,1,1,1.06702104472992,1.06702104472992,0.726056482517121,0.726056482517121
spe30,retest,20180719,3,63,1,1,1,0.176209065541375,0.176209065541375,0.143844375408059,0.143844375408059
spe30,retest,20180719,3,64,2,1,1,0.581576728785846,0.581576728785846,0.47766346937899,0.47766346937899
spe30,retest,20180719,3,65,1,1,1,0.200886653689325,0.200886653689325,0.487072921097903,0.487072921097903
spe30,retest,20180719,3,66,2,1,1,0.831520642419203,0.831520642419203,0.575411502666293,0.575411502666293
spe30,retest,20180719,3,67,1,1,1,0.429727468193257,0.390140265439967,0.376017404827117,0.254400886690624
spe30,retest,20180719,3,68,1,1,1,0.385672234110814,0.302363332253499,0.93167894491639,0.878009658894773
spe30,retest,20180719,3,69,1,1,1,0.530196610208909,0.530196610208909,0.43627490569909,0.43627490569909
spe30,retest,20180719,3,70,2,1,1,0.410410793386856,0.410410793386856,0.649087681588411,0.649087681588411
spe30,retest,20180719,3,71,1,1,1,0.492290302024212,0.492290302024212,0.575080508482818,0.575080508482818
spe30,retest,20180719,3,72,1,1,1,0.337259566673156,0.337259566673156,0.327729826939113,0.327729826939113
spe30,retest,20180719,3,73,1,1,1,0.396506493618066,0.208564761828613,0.89731404538993,0.254291290698827
spe30,retest,20180719,3,74,2,1,1,0.407980682469162,0.407980682469162,0.807050218301914,0.807050218301914
spe30,retest,20180719,3,75,1,1,1,1.02427164240599,0.203028726002687,1.31645746604264,0.477044172650245
spe30,retest,20180719,3,76,1,1,1,0.231423283193501,0.231423283193501,0.211289482627761,0.211289482627761
spe30,retest,20180719,3,77,1,1,1,0.515828784252492,0.515828784252492,0.378184815437735,0.378184815437735
spe30,retest,20180719,3,78,1,1,1,0.28734590233076,0.28734590233076,0.474355180958485,0.474355180958485
spe30,retest,20180719,3,79,1,1,1,0.32241535656147,0.32241535656147,0.391158762591713,0.391158762591713
spe30,retest,20180719,3,80,2,1,1,0.437276606981795,0.437276606981795,0.495419020608812,0.495419020608812
spe30,retest,20180719,3,81,1,1,1,1.8271189147015,1.8271189147015,1.05389356663441,1.05389356663441
spe30,retest,20180719,3,82,1,1,1,0.40357796848232,0.40357796848232,0.429363544687197,0.429363544687197
spe30,retest,20180719,3,83,1,1,1,0.286638975752413,0.286638975752413,0.297393977689505,0.297393977689505
spe30,retest,20180719,3,84,2,1,1,0.836451582232812,0.836451582232812,0.737127577126985,0.737127577126985
spe30,retest,20180719,3,85,2,1,1,0.265251928208436,0.27388814451837,1.14474972930663,1.21908700125625
spe30,retest,20180719,3,86,2,1,1,0.904097464384847,0.63468885118707,1.16299381714395,0.697056193918414
spe30,retest,20180719,3,87,1,1,1,0.243198461575849,0.243198461575849,0.401896875596414,0.401896875596414
spe30,retest,20180719,3,88,2,1,1,0.295301099602408,0.295301099602408,0.24550888550782,0.24550888550782
spe30,retest,20180719,3,89,1,1,1,1.11873012880168,1.34891337690843,0.741825065714328,0.743089469681016
spe30,retest,20180719,3,90,1,1,1,0.3179195852752,0.3179195852752,0.291143971839751,0.291143971839751
spe30,retest,20180719,3,91,1,1,1,0.461361106063583,0.461361106063583,0.737779678536402,0.737779678536402
spe30,retest,20180719,3,92,2,1,1,0.712066293656367,0.59564411585894,0.633858282745898,0.45460550731978
spe30,retest,20180719,3,93,2,1,1,0.359627548166322,0.359627548166322,0.370780000571269,0.370780000571269
spe30,retest,20180719,3,94,1,1,1,0.859051518053278,0.83480748748644,0.896171718428302,0.861662546597976
spe30,retest,20180719,3,95,1,1,1,0.625478092717796,0.625478092717796,0.438503977150054,0.438503977150054
spe30,retest,20180719,3,96,1,1,1,0.416330013780129,0.416330013780129,0.86225819250769,0.86225819250769
spe30,retest,20180719,3,97,2,1,1,0.634734862964489,0.634734862964489,0.693937085926708,0.693937085926708
spe30,retest,20180719,3,98,1,1,1,0.310874187842195,0.310874187842195,0.340734512454287,0.340734512454287
spe30,retest,20180719,3,99,2,1,1,0.656917353375913,0.656917353375913,0.393033623264838,0.393033623264838
spe30,retest,20180719,3,100,2,1,1,0.855225936082837,0.855225936082837,0.596545144940518,0.596545144940518
spe30,retest,20180719,3,101,NaN,0,0,NaN,NaN,NaN,NaN
spe30,retest,20180719,4,1,1,1,1,0.457728919883284,0.457728919883284,0.813564180020007,0.813564180020007
spe30,retest,20180719,4,2,1,1,1,0.13761282651791,0.13761282651791,0.151110130690756,0.151110130690756
spe30,retest,20180719,4,3,2,1,1,0.842927790992545,0.842927790992545,0.766369829457806,0.766369829457806
spe30,retest,20180719,4,4,2,1,1,0.434651166530414,0.434651166530414,0.382827534034466,0.382827534034466
spe30,retest,20180719,4,5,1,1,1,0.603408332238371,0.603408332238371,0.689921629222857,0.689921629222857
spe30,retest,20180719,4,6,2,1,1,0.363455795364214,0.363455795364214,0.307521054358698,0.307521054358698
spe30,retest,20180719,4,7,1,1,1,0.419043531871801,0.419043531871801,0.653623775807782,0.653623775807782
spe30,retest,20180719,4,8,1,1,1,0.330385952899926,0.330385952899926,0.331334102504854,0.331334102504854
spe30,retest,20180719,4,9,1,1,1,0.15609531261937,0.15609531261937,0.26103736296683,0.26103736296683
spe30,retest,20180719,4,10,2,1,1,0.591850936745741,0.591850936745741,0.577948547677259,0.577948547677259
spe30,retest,20180719,4,11,1,1,1,0.600465984906545,0.600465984906545,0.677945437583665,0.677945437583665
spe30,retest,20180719,4,12,1,1,1,0.8262692612374,0.397771345665202,0.89073540467368,0.336288831862671
spe30,retest,20180719,4,13,1,1,1,0.550949769229918,0.550949769229918,0.476578398380447,0.476578398380447
spe30,retest,20180719,4,14,1,1,1,1.09361318505801,0.49196207376231,0.661823057497577,0.475676144579975
spe30,retest,20180719,4,15,1,1,1,0.554532469381186,0.409986803286341,0.698380869117288,0.268631241551951
spe30,retest,20180719,4,16,2,1,1,0.209293470764981,0.209293470764981,0.540466880664267,0.540466880664267
spe30,retest,20180719,4,17,1,1,1,0.664194231578456,0.664194231578456,0.443374873332416,0.443374873332416
spe30,retest,20180719,4,18,1,1,1,0.953193400080316,0.935721254332622,0.77176326432116,0.774669269734643
spe30,retest,20180719,4,19,2,1,1,0.314010341361334,0.314010341361334,0.281245306419753,0.281245306419753
spe30,retest,20180719,4,20,2,1,1,0.826534695713121,0.826534695713121,0.493549051533534,0.493549051533534
spe30,retest,20180719,4,21,1,1,1,0.676356336582561,0.676356336582561,0.47644329139349,0.47644329139349
spe30,retest,20180719,4,22,1,1,1,0.697420832527199,0.697420832527199,0.302277768369315,0.302277768369315
spe30,retest,20180719,4,23,1,1,1,0.22895615713816,0.22895615713816,0.305111331039482,0.305111331039482
spe30,retest,20180719,4,24,2,1,1,0.935000718646169,0.935000718646169,0.978460769183936,0.978460769183936
spe30,retest,20180719,4,25,1,1,1,0.407776161296405,0.407776161296405,0.415692769400505,0.415692769400505
spe30,retest,20180719,4,26,1,1,1,0.706928731337053,0.706928731337053,0.633136447060801,0.633136447060801
spe30,retest,20180719,4,27,1,1,1,0.399577216791382,0.399577216791382,0.464646781074981,0.464646781074981
spe30,retest,20180719,4,28,1,1,1,1.35010540429431,1.35010540429431,0.556644916693442,0.556644916693442
spe30,retest,20180719,4,29,1,1,1,0.581409401725452,0.581409401725452,0.38908197729358,0.38908197729358
spe30,retest,20180719,4,30,2,1,1,0.370671574350286,0.370671574350286,0.56260682405606,0.56260682405606
spe30,retest,20180719,4,31,2,1,1,1.04906277106133,1.01471881809025,0.825208272607751,0.998783363704037
spe30,retest,20180719,4,32,2,1,1,0.481188147735228,0.481188147735228,0.304011637296058,0.304011637296058
spe30,retest,20180719,4,33,2,1,1,0.504595378697468,0.504595378697468,0.367357731603768,0.367357731603768
spe30,retest,20180719,4,34,2,1,1,0.593653916931933,0.593653916931933,0.548376771159933,0.548376771159933
spe30,retest,20180719,4,35,1,1,1,0.405815146215049,0.405815146215049,0.439428749593622,0.439428749593622
spe30,retest,20180719,4,36,1,1,1,0.736020542069487,0.736020542069487,0.3958169461566,0.3958169461566
spe30,retest,20180719,4,37,1,1,1,0.300239600414827,0.300239600414827,0.381686879100201,0.381686879100201
spe30,retest,20180719,4,38,1,1,1,0.118883297960522,0.118883297960522,0.377680431214504,0.377680431214504
spe30,retest,20180719,4,39,1,1,1,0.146980849633942,0.146980849633942,0.316322533031452,0.316322533031452
spe30,retest,20180719,4,40,1,1,1,0.374194107840106,0.374194107840106,0.597090532954921,0.597090532954921
spe30,retest,20180719,4,41,1,1,1,0.630198448187622,0.630198448187622,0.371830873657621,0.371830873657621
spe30,retest,20180719,4,42,2,1,1,0.636536506032535,0.636536506032535,0.307044563629796,0.307044563629796
spe30,retest,20180719,4,43,1,1,1,0.48380837052676,0.48380837052676,0.542879469577111,0.542879469577111
spe30,retest,20180719,4,44,2,1,1,0.49614374596932,0.49614374596932,0.363493825014644,0.363493825014644
spe30,retest,20180719,4,45,1,1,1,0.298366437100584,0.298366437100584,0.486879528854461,0.486879528854461
spe30,retest,20180719,4,46,1,1,1,0.387393114793175,0.387393114793175,0.427967453822036,0.427967453822036
spe30,retest,20180719,4,47,1,1,1,0.962563538319811,0.962563538319811,0.839374634185857,0.839374634185857
spe30,retest,20180719,4,48,1,1,1,0.487118950507592,0.487118950507592,0.682980402943318,0.682980402943318
spe30,retest,20180719,4,49,1,1,1,0.496011797695404,0.496011797695404,0.598415841551198,0.598415841551198
spe30,retest,20180719,4,50,2,1,1,0.180786688395131,0.180786688395131,0.272818288135729,0.272818288135729
spe30,retest,20180719,4,51,1,1,1,0.632446846148073,0.632446846148073,0.315478197775902,0.315478197775902
spe30,retest,20180719,4,52,1,1,1,0.34651882911494,0.34651882911494,0.282508698254968,0.282508698254968
spe30,retest,20180719,4,53,2,1,1,0.335201161920797,0.335201161920797,0.395021975316006,0.395021975316006
spe30,retest,20180719,4,54,1,1,1,0.586351152887286,0.586351152887286,0.615188448527197,0.615188448527197
spe30,retest,20180719,4,55,2,1,1,0.164726081793806,0.164726081793806,0.290508373172135,0.290508373172135
spe30,retest,20180719,4,56,2,1,1,0.384879789664119,0.384879789664119,0.360095087178005,0.360095087178005
spe30,retest,20180719,4,57,1,1,1,0.415252473428257,0.113667407012775,0.426557069001605,0.330843124422622
spe30,retest,20180719,4,58,1,1,1,0.44748312208134,0.44748312208134,0.433570680628809,0.433570680628809
spe30,retest,20180719,4,59,1,1,1,0.794476480972321,0.794476480972321,0.631230653390258,0.631230653390258
spe30,retest,20180719,4,60,2,1,1,1.01725784361745,0.756152553471221,0.905448724318127,0.651965780359267
spe30,retest,20180719,4,61,2,1,1,0.270112119286726,0.270112119286726,0.337754810389398,0.337754810389398
spe30,retest,20180719,4,62,1,1,1,0.491796252451862,0.491796252451862,0.349378276186759,0.349378276186759
spe30,retest,20180719,4,63,1,1,1,0.0828792028314538,0.0828792028314538,0.182102253894059,0.182102253894059
spe30,retest,20180719,4,64,1,1,1,0.28421887590712,0.28421887590712,0.28604786747244,0.28604786747244
spe30,retest,20180719,4,65,2,1,1,0.615841942344993,0.615841942344993,0.903027185044169,0.903027185044169
spe30,retest,20180719,4,66,1,1,1,0.336377148360698,0.336377148360698,0.333541605072801,0.333541605072801
spe30,retest,20180719,4,67,1,1,1,1.22163818287695,1.22163818287695,1.16665021982296,1.16665021982296
spe30,retest,20180719,4,68,1,1,1,0.440515018076342,0.440515018076342,0.683303224471411,0.683303224471411
spe30,retest,20180719,4,69,1,1,1,1.57838612669089,0.927963640095684,0.678879246350344,0.514785613401883
spe30,retest,20180719,4,70,2,1,1,1.36960358944198,1.36960358944198,0.78133684510185,0.78133684510185
spe30,retest,20180719,4,71,2,1,1,0.697365811197452,0.428975839602014,0.959806783386874,0.625571547301178
spe30,retest,20180719,4,72,1,1,1,0.34331108061763,0.34331108061763,0.399140393000458,0.399140393000458
spe30,retest,20180719,4,73,1,1,1,0.772239896532147,0.772239896532147,0.461925520990833,0.461925520990833
spe30,retest,20180719,4,74,1,1,1,1.03657242907886,1.03657242907886,0.835355077330232,0.835355077330232
spe30,retest,20180719,4,75,2,1,1,0.670436045191807,0.670436045191807,0.45107627800522,0.45107627800522
spe30,retest,20180719,4,76,2,1,1,0.311080321847681,0.311080321847681,0.732914540218076,0.732914540218076
spe30,retest,20180719,4,77,1,1,1,0.43138458149718,0.43138458149718,0.48318025739382,0.48318025739382
spe30,retest,20180719,4,78,2,1,1,0.295874871190505,0.295874871190505,0.382845077512545,0.382845077512545
spe30,retest,20180719,4,79,1,1,1,1.02940204458942,0.539252523302632,0.632609977987553,0.436865981859418
spe30,retest,20180719,4,80,1,1,1,0.492433866425685,0.492433866425685,0.358416208325577,0.358416208325577
spe30,retest,20180719,4,81,1,1,1,0.311243638440856,0.311243638440856,0.324490050632873,0.324490050632873
spe30,retest,20180719,4,82,1,1,1,0.314172104437627,0.314172104437627,0.456105563821866,0.456105563821866
spe30,retest,20180719,4,83,1,1,1,0.293359653973749,0.293359653973749,0.244993694306134,0.244993694306134
spe30,retest,20180719,4,84,2,1,1,0.575990425946524,0.575990425946524,0.824728515500819,0.824728515500819
spe30,retest,20180719,4,85,2,1,1,0.776179034878346,0.776179034878346,0.596701660456853,0.596701660456853
spe30,retest,20180719,4,86,1,1,1,0.265338380356136,0.175295440792819,0.439865610138093,0.440598846744955
spe30,retest,20180719,4,87,2,1,1,0.33286880842212,0.33286880842212,0.349149796244432,0.349149796244432
spe30,retest,20180719,4,88,1,1,1,1.37548723038059,1.37548723038059,0.78914890524209,0.78914890524209
spe30,retest,20180719,4,89,1,1,1,0.552795084176022,0.552795084176022,0.808719426969142,0.808719426969142
spe30,retest,20180719,4,90,1,1,1,0.326994156290457,0.326994156290457,0.390039377506428,0.390039377506428
spe30,retest,20180719,4,91,1,1,1,1.57347241826247,1.41053964194683,0.901009007422972,0.588733148789701
spe30,retest,20180719,4,92,2,1,1,0.715073979213671,0.715073979213671,0.787390671003891,0.787390671003891
spe30,retest,20180719,4,93,1,1,1,0.850432698580757,0.744570663430851,0.786475071018653,0.427930715962137
spe30,retest,20180719,4,94,1,1,1,0.341523472009052,0.341523472009052,0.295095536566605,0.295095536566605
spe30,retest,20180719,4,95,1,1,1,0.347118175685314,0.435163539217386,0.518789241936246,0.503879517134782
spe30,retest,20180719,4,96,1,1,1,0.31234212389596,0.31234212389596,0.224548496145896,0.224548496145896
spe30,retest,20180719,4,97,1,1,1,0.134700780090173,0.134700780090173,0.209126899501983,0.209126899501983
spe30,retest,20180719,4,98,2,1,1,0.233924067976681,0.233924067976681,0.551805165887572,0.551805165887572
spe30,retest,20180719,4,99,2,1,1,0.737886081659619,0.224181672167789,0.698447534613004,0.446811233975421
spe30,retest,20180719,4,100,2,1,1,0.56559121502874,0.56559121502874,0.499066492213605,0.499066492213605
spe30,retest,20180719,4,101,NaN,0,0,NaN,NaN,NaN,NaN
spe30,retest,20180719,5,1,1,1,1,0.234451788197621,0.234451788197621,0.342086290569112,0.342086290569112
spe30,retest,20180719,5,2,1,1,1,1.36885849330422,1.36885849330422,0.481285627750609,0.481285627750609
spe30,retest,20180719,5,3,2,1,1,1.03691068261694,1.03691068261694,0.810256794605777,0.810256794605777
spe30,retest,20180719,5,4,2,1,1,0.521647037038798,0.521647037038798,0.591739668099917,0.591739668099917
spe30,retest,20180719,5,5,2,1,1,0.865503145671192,0.865503145671192,0.569136340645769,0.569136340645769
spe30,retest,20180719,5,6,1,1,1,0.488817925730102,0.488817925730102,0.406987374225164,0.406987374225164
spe30,retest,20180719,5,7,1,1,1,0.553080360833873,0.553080360833873,0.496606523128388,0.496606523128388
spe30,retest,20180719,5,8,2,1,1,1.45265253040165,1.21437628786163,0.841322854845744,0.675067197785729
spe30,retest,20180719,5,9,2,1,1,0.172581935272907,0.172581935272907,0.415953881185909,0.415953881185909
spe30,retest,20180719,5,10,1,1,1,0.670993923477441,0.670993923477441,0.709883621299729,0.709883621299729
spe30,retest,20180719,5,11,1,1,1,0.280212570024288,0.280212570024288,0.210165657037421,0.210165657037421
spe30,retest,20180719,5,12,1,1,1,1.03277670431642,1.03277670431642,0.617552566927033,0.617552566927033
spe30,retest,20180719,5,13,1,1,1,1.03973632584002,1.03973632584002,0.625319399641564,0.625319399641564
spe30,retest,20180719,5,14,1,1,1,0.270174845848625,0.270174845848625,0.561956411686117,0.561956411686117
spe30,retest,20180719,5,15,1,1,1,0.23876467994803,0.23876467994803,0.55335256925432,0.55335256925432
spe30,retest,20180719,5,16,1,1,1,0.375673882565918,0.375673882565918,0.586407341678943,0.586407341678943
spe30,retest,20180719,5,17,1,1,1,0.275627988105285,0.275627988105285,0.362946189808942,0.362946189808942
spe30,retest,20180719,5,18,2,1,1,0.489203696737943,0.489203696737943,0.435663598618314,0.435663598618314
spe30,retest,20180719,5,19,1,1,1,0.255132564034557,0.255132564034557,0.253697209226265,0.253697209226265
spe30,retest,20180719,5,20,1,1,1,0.1763706235407,0.1763706235407,0.281369655245223,0.281369655245223
spe30,retest,20180719,5,21,1,1,1,0.68464695042424,0.68464695042424,0.463550354454751,0.463550354454751
spe30,retest,20180719,5,22,1,1,1,0.77502806429755,0.77502806429755,0.434244472895265,0.434244472895265
spe30,retest,20180719,5,23,1,1,1,0.588144473134783,0.588144473134783,0.471394904955307,0.471394904955307
spe30,retest,20180719,5,24,1,1,1,0.33737630528436,0.33737630528436,0.297766654800378,0.297766654800378
spe30,retest,20180719,5,25,2,1,1,0.804880889589231,0.804880889589231,0.622778046860914,0.622778046860914
spe30,retest,20180719,5,26,2,1,1,0.644207168467247,0.644207168467247,0.566122718123738,0.566122718123738
spe30,retest,20180719,5,27,1,1,1,0.410671743397403,0.410671743397403,0.370914387973119,0.370914387973119
spe30,retest,20180719,5,28,1,1,1,0.698299822925925,0.698299822925925,0.821501844715705,0.821501844715705
spe30,retest,20180719,5,29,1,1,1,0.235589433582964,0.235589433582964,0.411605154004955,0.411605154004955
spe30,retest,20180719,5,30,2,1,1,0.984477774155337,0.605564987941779,0.786774731691963,0.629547747517351
spe30,retest,20180719,5,31,1,1,1,0.339943388242505,0.339943388242505,0.208760197106003,0.208760197106003
spe30,retest,20180719,5,32,2,1,1,0.58732410645584,0.548813819846325,0.721091757622481,0.697309925587886
spe30,retest,20180719,5,33,1,1,1,0.606423095906363,0.606423095906363,0.637128385672693,0.637128385672693
spe30,retest,20180719,5,34,1,1,1,0.165434789743972,0.165434789743972,0.367979098185957,0.367979098185957
spe30,retest,20180719,5,35,2,1,1,0.340029687362118,0.340029687362118,0.610962189183401,0.610962189183401
spe30,retest,20180719,5,36,1,1,1,0.431806975043504,0.431806975043504,0.226406494433459,0.226406494433459
spe30,retest,20180719,5,37,1,1,1,0.938463898789764,0.938463898789764,0.637174728635878,0.637174728635878
spe30,retest,20180719,5,38,2,1,1,0.511059639894388,0.511059639894388,0.332032644057551,0.332032644057551
spe30,retest,20180719,5,39,1,1,1,0.775270294064773,0.775270294064773,0.488526963124401,0.488526963124401
spe30,retest,20180719,5,40,1,1,1,0.563046800470965,0.563046800470965,0.43149828280214,0.43149828280214
spe30,retest,20180719,5,41,2,1,1,0.351422613081082,0.351422613081082,0.366470422179317,0.366470422179317
spe30,retest,20180719,5,42,2,1,1,0.423633488582775,0.423633488582775,0.448236660430886,0.448236660430886
spe30,retest,20180719,5,43,1,1,1,0.586464328941341,0.175130808202321,0.338524826393867,0.189944081835249
spe30,retest,20180719,5,44,1,1,1,0.806439265116821,0.806439265116821,0.743724550186694,0.743724550186694
spe30,retest,20180719,5,45,2,1,1,0.493141873157454,0.493141873157454,0.482708823380494,0.482708823380494
spe30,retest,20180719,5,46,1,1,1,0.648903619517765,0.648903619517765,0.395282257544531,0.395282257544531
spe30,retest,20180719,5,47,2,1,1,0.567898172720701,0.567898172720701,0.596915063305669,0.596915063305669
spe30,retest,20180719,5,48,2,1,1,0.676196705321468,0.676196705321468,0.599936269903169,0.599936269903169
spe30,retest,20180719,5,49,1,1,1,0.507992289358979,0.507992289358979,0.505347523331168,0.505347523331168
spe30,retest,20180719,5,50,1,1,1,0.220837110077568,0.220837110077568,0.289049165940431,0.289049165940431
spe30,retest,20180719,5,51,2,1,1,0.202530114174555,0.202530114174555,0.396680836475609,0.396680836475609
spe30,retest,20180719,5,52,1,1,1,0.390435269063173,0.390435269063173,0.426172742315865,0.426172742315865
spe30,retest,20180719,5,53,1,1,1,1.11983792928996,1.11983792928996,0.792374180607947,0.792374180607947
spe30,retest,20180719,5,54,1,1,1,0.166178354469459,0.166178354469459,0.468032693439043,0.468032693439043
spe30,retest,20180719,5,55,1,1,1,0.226917082943455,0.226917082943455,0.382870118163434,0.382870118163434
spe30,retest,20180719,5,56,1,1,1,0.492893890116568,0.492893890116568,0.447540439152043,0.447540439152043
spe30,retest,20180719,5,57,1,1,1,0.558760280655683,0.558760280655683,0.592376291103012,0.592376291103012
spe30,retest,20180719,5,58,2,1,1,0.734409939984696,0.734409939984696,0.858582846259174,0.858582846259174
spe30,retest,20180719,5,59,2,1,1,0.146755384805221,0.146755384805221,0.318663679492786,0.318663679492786
spe30,retest,20180719,5,60,2,1,1,0.881599317634699,0.881599317634699,0.842167446377654,0.842167446377654
spe30,retest,20180719,5,61,1,1,1,0.567369321758775,0.567369321758775,0.652395569006778,0.652395569006778
spe30,retest,20180719,5,62,1,1,1,0.191911339756114,0.191911339756114,0.200385592441055,0.200385592441055
spe30,retest,20180719,5,63,1,1,1,0.48788238611132,0.48788238611132,0.841564267810265,0.841564267810265
spe30,retest,20180719,5,64,1,1,1,1.22758451084062,1.22758451084062,0.702360380876121,0.702360380876121
spe30,retest,20180719,5,65,1,1,1,0.468409197726031,0.468409197726031,0.58743495209256,0.58743495209256
spe30,retest,20180719,5,66,1,1,1,0.724483410408099,0.879712195990992,0.661996939218137,0.437333364901388
spe30,retest,20180719,5,67,1,1,1,0.167051145099834,0.167051145099834,0.312671004204674,0.312671004204674
spe30,retest,20180719,5,68,1,1,1,0.621385770924102,0.621385770924102,0.364260975157233,0.364260975157233
spe30,retest,20180719,5,69,2,1,1,0.898577089944525,0.898577089944525,0.566451405809683,0.566451405809683
spe30,retest,20180719,5,70,1,1,1,0.375611863229473,0.375611863229473,0.379206399890947,0.379206399890947
spe30,retest,20180719,5,71,1,1,1,0.64743407064154,0.64743407064154,0.288246674317199,0.288246674317199
spe30,retest,20180719,5,72,1,1,1,0.0640578462534181,0.0640578462534181,0.260339323601772,0.260339323601772
spe30,retest,20180719,5,73,1,1,1,0.431387992408878,0.431387992408878,0.525749375636481,0.525749375636481
spe30,retest,20180719,5,74,1,1,1,0.291749355886561,0.291749355886561,0.221766713658988,0.221766713658988
spe30,retest,20180719,5,75,1,1,1,0.177234850835136,0.177234850835136,0.296103681965796,0.296103681965796
spe30,retest,20180719,5,76,2,1,1,0.718789924920767,0.387813340305908,0.717614659702478,0.463705313656162
spe30,retest,20180719,5,77,2,1,1,0.64721804357689,0.64721804357689,0.336271512785288,0.336271512785288
spe30,retest,20180719,5,78,1,1,1,0.164166740038295,0.164166740038295,0.148284839888569,0.148284839888569
spe30,retest,20180719,5,79,2,1,1,1.08676018584494,1.08676018584494,0.620380135956187,0.620380135956187
spe30,retest,20180719,5,80,2,1,1,1.09741509116806,1.09741509116806,0.552982356244522,0.552982356244522
spe30,retest,20180719,5,81,2,1,1,1.70831141919032,1.70831141919032,0.928404066701844,0.928404066701844
spe30,retest,20180719,5,82,1,1,1,0.357386292262232,0.357386292262232,0.459647586538296,0.459647586538296
spe30,retest,20180719,5,83,1,1,1,0.638997918028263,0.638997918028263,0.689223303414498,0.689223303414498
spe30,retest,20180719,5,84,1,1,1,0.562084606898288,0.562084606898288,0.418394778714791,0.418394778714791
spe30,retest,20180719,5,85,1,1,1,0.217629586553121,0.217629586553121,0.173690736961999,0.173690736961999
spe30,retest,20180719,5,86,1,1,1,0.597578672858492,0.597578672858492,0.522696462880369,0.522696462880369
spe30,retest,20180719,5,87,2,1,1,0.389630727422423,0.389630727422423,0.321906605938444,0.321906605938444
spe30,retest,20180719,5,88,1,1,1,0.377991710914845,0.377991710914845,0.347523309199663,0.347523309199663
spe30,retest,20180719,5,89,2,1,1,0.842934232048307,0.842934232048307,0.730010487828637,0.730010487828637
spe30,retest,20180719,5,90,1,1,1,0.125659453912236,0.125659453912236,0.294887850914044,0.294887850914044
spe30,retest,20180719,5,91,1,1,1,0.179931664228482,0.179931664228482,0.570142754988538,0.570142754988538
spe30,retest,20180719,5,92,2,1,1,0.378890798783121,0.378890798783121,0.27602320073087,0.27602320073087
spe30,retest,20180719,5,93,2,1,1,0.708938966564896,0.708938966564896,0.525394238457849,0.525394238457849
spe30,retest,20180719,5,94,1,1,1,0.297212415333614,0.297212415333614,0.443883842905149,0.443883842905149
spe30,retest,20180719,5,95,1,1,1,0.631872879414663,0.631872879414663,0.338772708009246,0.338772708009246
spe30,retest,20180719,5,96,2,1,1,1.0987319735377,1.0987319735377,0.540156342254972,0.540156342254972
spe30,retest,20180719,5,97,2,0,0,NaN,NaN,NaN,NaN
spe30,retest,20180719,5,98,1,0,0,NaN,NaN,NaN,NaN
spe30,retest,20180719,5,99,2,0,0,NaN,NaN,NaN,NaN
spe30,retest,20180719,5,100,1,1,1,0.396702948038533,0.396702948038533,0.348684277194232,0.348684277194232
spe30,retest,20180719,5,101,NaN,0,0,NaN,NaN,NaN,NaN
mle01,pre,20181112,1,1,1,1,1,0.124548337081366,0.310371444996019,0.507073674343915,0.23610628079083
mle01,pre,20181112,1,2,2,1,1,0.510016526472151,0.510016526472151,0.33953188114691,0.33953188114691
mle01,pre,20181112,1,3,1,1,1,0.908327977372265,0.908327977372265,0.574004790794506,0.574004790794506
mle01,pre,20181112,1,4,1,1,1,0.437330471186642,0.437330471186642,0.379910114990691,0.379910114990691
mle01,pre,20181112,1,5,2,1,1,0.557620500189808,0.557620500189808,0.27362197479141,0.27362197479141
mle01,pre,20181112,1,6,1,1,1,0.463403031743187,0.405737651029031,0.380060363212387,0.405089522238861
mle01,pre,20181112,1,7,1,1,1,0.734049270679286,0.734049270679286,0.596987329578911,0.596987329578911
mle01,pre,20181112,1,8,2,1,1,0.219895225366493,0.219895225366493,0.481052714740599,0.481052714740599
mle01,pre,20181112,1,9,1,1,1,0.111215760543246,0.111215760543246,0.258202847378664,0.258202847378664
mle01,pre,20181112,1,10,1,1,1,0.263632460898813,0.263632460898813,0.252952126259804,0.252952126259804
mle01,pre,20181112,1,11,1,0,0,NaN,NaN,NaN,NaN
mle01,pre,20181112,1,12,2,1,1,0.127458809932301,0.127458809932301,0.290986621090579,0.290986621090579
mle01,pre,20181112,1,13,2,1,1,0.240353314314587,0.240353314314587,0.368560759150498,0.368560759150498
mle01,pre,20181112,1,14,1,1,1,0.41684795296641,0.313362759451529,0.622781898922934,0.802613174322173
mle01,pre,20181112,1,15,1,1,1,0.377063973904617,0.377063973904617,0.475994214173361,0.475994214173361
mle01,pre,20181112,1,16,1,1,1,0.210374098455873,0.210374098455873,0.349560940369999,0.349560940369999
mle01,pre,20181112,1,17,2,1,1,0.384413979298309,0.384413979298309,0.377547444293858,0.377547444293858
mle01,pre,20181112,1,18,2,1,1,0.309846262703156,0.309846262703156,0.23623606638817,0.23623606638817
mle01,pre,20181112,1,19,1,1,1,0.333589903409328,0.333589903409328,0.662507369618646,0.662507369618646
mle01,pre,20181112,1,20,1,1,1,0.745260722230756,0.367590113018629,0.639327280335555,0.323768311385028
mle01,pre,20181112,1,21,1,1,1,0.19961808120098,0.19961808120098,0.439874180690967,0.439874180690967
mle01,pre,20181112,1,22,2,1,1,0.399184020364643,0.399184020364643,0.351742327098425,0.351742327098425
mle01,pre,20181112,1,23,1,1,1,1.14780282098698,1.14780282098698,1.58623452548853,1.58623452548853
mle01,pre,20181112,1,24,2,1,1,0.229876158356261,0.229876158356261,0.460250653231984,0.460250653231984
mle01,pre,20181112,1,25,2,1,1,0.0719071879318178,0.0719071879318178,0.706567782930137,0.706567782930137
mle01,pre,20181112,1,26,2,1,1,0.820969188754518,0.467562249950255,1.37376592480092,0.684795280470922
mle01,pre,20181112,1,27,1,1,1,0.122290592996205,0.122290592996205,0.272959066768254,0.272959066768254
mle01,pre,20181112,1,28,2,1,1,0.323625979923042,0.323625979923042,0.596839308981705,0.596839308981705
mle01,pre,20181112,1,29,1,1,1,0.893676668602376,0.893676668602376,0.423232747079055,0.423232747079055
mle01,pre,20181112,1,30,2,1,1,0.440624332506917,0.440624332506917,0.41391392954013,0.41391392954013
mle01,pre,20181112,1,31,2,1,1,0.440368424288266,0.440368424288266,0.441507104805264,0.441507104805264
mle01,pre,20181112,1,32,1,1,1,0.197572038794641,0.197572038794641,0.638489765945764,0.638489765945764
mle01,pre,20181112,1,33,1,1,1,0.169144775847772,0.169144775847772,0.324455908374677,0.324455908374677
mle01,pre,20181112,1,34,2,1,1,0.536732236397844,0.536732236397844,0.424936227615718,0.424936227615718
mle01,pre,20181112,1,35,2,1,1,0.186807117559818,0.186807117559818,0.161926718969556,0.161926718969556
mle01,pre,20181112,1,36,1,1,1,0.219620148213745,0.219620148213745,0.306476927389436,0.306476927389436
mle01,pre,20181112,1,37,2,1,1,0.189610568577418,0.189610568577418,0.622460227537783,0.622460227537783
mle01,pre,20181112,1,38,2,1,1,0.273030169419687,0.0983299728040343,1.0498464579707,0.502660068101499
mle01,pre,20181112,1,39,1,1,1,0.559243307956236,0.559243307956236,0.439395216395779,0.439395216395779
mle01,pre,20181112,1,40,1,1,1,1.96231284174082,1.60244865753,1.01980665692968,1.09402552993633
mle01,pre,20181112,1,41,1,1,1,0.594457600251839,0.939289056702632,0.767035787628191,0.768154073478645
mle01,pre,20181112,1,42,2,1,1,0.205218858809463,0.205218858809463,0.34860005991341,0.34860005991341
mle01,pre,20181112,1,43,2,1,1,0.486170425274585,0.236830561736111,0.33601214565735,0.42030329482508
mle01,pre,20181112,1,44,1,1,1,1.25383804599524,1.25383804599524,0.612530731477673,0.612530731477673
mle01,pre,20181112,1,45,1,1,1,0.245935708265534,0.245935708265534,0.380294785026515,0.380294785026515
mle01,pre,20181112,1,46,1,1,1,0.321933290576925,0.321933290576925,0.435662687251507,0.435662687251507
mle01,pre,20181112,1,47,2,1,1,0.0323082976549056,0.0323082976549056,0.111201512785671,0.111201512785671
mle01,pre,20181112,1,48,1,1,1,0.226230798085977,0.160873329148626,0.272750361432688,0.320010835132525
mle01,pre,20181112,1,49,1,1,1,0.161425360107037,0.161425360107037,0.147951047697921,0.147951047697921
mle01,pre,20181112,1,50,2,1,1,0.0356358580066469,0.0356358580066469,0.135780402855061,0.135780402855061
mle01,pre,20181112,1,51,1,1,1,0.542521370264293,0.542521370264293,0.457472966351735,0.457472966351735
mle01,pre,20181112,1,52,1,1,1,0.0994900169255126,0.0994900169255126,0.0943536206663913,0.0943536206663913
mle01,pre,20181112,1,53,1,1,1,0.0764083974642813,0.0764083974642813,0.240505365948572,0.240505365948572
mle01,pre,20181112,1,54,1,1,1,0.337565597191482,0.337565597191482,0.285878284095207,0.285878284095207
mle01,pre,20181112,1,55,1,1,1,0.517795918659928,0.517795918659928,0.51473239212053,0.51473239212053
mle01,pre,20181112,1,56,1,1,1,0.147553656085311,0.179454876003155,0.166280629524282,0.219558806523859
mle01,pre,20181112,1,57,1,1,1,0.237311284500384,0.237311284500384,0.0998396966238118,0.0998396966238118
mle01,pre,20181112,1,58,2,1,1,0.507332174208656,0.507332174208656,1.41392391072809,1.41392391072809
mle01,pre,20181112,1,59,2,1,1,0.183130005732547,0.183130005732547,0.213621950866957,0.213621950866957
mle01,pre,20181112,1,60,2,1,1,0.358189999607147,0.358189999607147,0.351935614496807,0.351935614496807
mle01,pre,20181112,1,61,2,1,1,0.1885104162587,0.1885104162587,0.228067568644601,0.228067568644601
mle01,pre,20181112,1,62,1,1,1,0.0657047000770454,0.0657047000770454,0.29503341395851,0.29503341395851
mle01,pre,20181112,1,63,1,1,1,0.329308301958874,0.329308301958874,0.606118540308844,0.606118540308844
mle01,pre,20181112,1,64,2,1,1,0.114381541838272,0.114381541838272,0.493223292856235,0.493223292856235
mle01,pre,20181112,1,65,1,1,1,1.03888567338463,1.03888567338463,0.759946240147963,0.759946240147963
mle01,pre,20181112,1,66,2,1,1,0.266821681632841,0.266821681632841,0.281991637979816,0.281991637979816
mle01,pre,20181112,1,67,1,1,1,0.304802003272498,0.304802003272498,0.154615272442732,0.154615272442732
mle01,pre,20181112,1,68,1,1,1,0.146498041259408,0.146498041259408,0.127184067864089,0.127184067864089
mle01,pre,20181112,1,69,1,1,1,0.207875911952157,0.207875911952157,0.274776472290342,0.274776472290342
mle01,pre,20181112,1,70,1,1,1,0.968099533545234,0.968099533545234,0.526626709146538,0.526626709146538
mle01,pre,20181112,1,71,1,1,1,0.190495112241784,0.190495112241784,0.382530664610062,0.382530664610062
mle01,pre,20181112,1,72,1,1,1,0.0924881772886295,0.0924881772886295,0.24017575783796,0.24017575783796
mle01,pre,20181112,1,73,2,1,1,0.178239436472977,0.178239436472977,0.152430370124809,0.152430370124809
mle01,pre,20181112,1,74,1,1,1,0.144963605747598,0.144963605747598,0.22408903391166,0.22408903391166
mle01,pre,20181112,1,75,1,1,1,0.0768548638493625,0.0768548638493625,0.12011858375842,0.12011858375842
mle01,pre,20181112,1,76,2,1,1,0.582100271576629,0.158785992435081,0.505502988109936,0.0932804038383286
mle01,pre,20181112,1,77,1,1,1,0.158536240674153,0.158536240674153,0.097132587169739,0.097132587169739
mle01,pre,20181112,1,78,1,1,1,0.170808911987529,0.170808911987529,0.126187462766295,0.126187462766295
mle01,pre,20181112,1,79,1,1,1,0.147316590354627,0.147316590354627,0.217133384798788,0.217133384798788
mle01,pre,20181112,1,80,1,1,1,0.628847726347221,0.628847726347221,0.304645700448484,0.304645700448484
mle01,pre,20181112,1,81,1,1,1,0.452909785525094,0.452909785525094,0.219313893680281,0.219313893680281
mle01,pre,20181112,1,82,2,1,1,0.624991085020733,0.325698380443264,0.256694568180606,0.250459897358615
mle01,pre,20181112,1,83,2,1,1,0.718312486876944,0.718312486876944,0.343938363128331,0.343938363128331
mle01,pre,20181112,1,84,1,1,1,0.641473933135195,0.641473933135195,0.49581818550366,0.49581818550366
mle01,pre,20181112,1,85,1,1,1,0.481609950025424,0.481609950025424,0.314189194176876,0.314189194176876
mle01,pre,20181112,1,86,2,1,1,0.200947596340028,0.200947596340028,0.210759106553768,0.210759106553768
mle01,pre,20181112,1,87,1,1,1,0.140549438725201,0.140549438725201,0.217825869107792,0.217825869107792
mle01,pre,20181112,1,88,1,1,1,0.112173056027997,0.112173056027997,0.0682046133809416,0.0682046133809416
mle01,pre,20181112,1,89,1,1,1,0.230466875275469,0.230466875275469,0.225457755008119,0.225457755008119
mle01,pre,20181112,1,90,1,1,1,0.0658545013673901,0.0953209005083941,0.451283754253384,0.50212606913346
mle01,pre,20181112,1,91,1,1,1,0.551114262613202,0.551114262613202,0.218826234489754,0.218826234489754
mle01,pre,20181112,1,92,1,1,1,1.18688334646587,1.05016007375965,0.505035896049164,0.536308511234715
mle01,pre,20181112,1,93,1,1,1,0.0619812858337636,0.0619812858337636,0.0924626440794709,0.0924626440794709
mle01,pre,20181112,1,94,2,1,1,0.0447759053427954,0.0447759053427954,0.397247951148885,0.397247951148885
mle01,pre,20181112,1,95,1,1,1,0.331539197022979,0.270244591667316,0.168583631306003,0.138572222814588
mle01,pre,20181112,1,96,1,1,1,0.206564826894764,0.206564826894764,0.280088474534517,0.280088474534517
mle01,pre,20181112,1,97,1,1,1,0.0439556068372247,0.0439556068372247,0.122339652476282,0.122339652476282
mle01,pre,20181112,1,98,1,1,1,0.258265758062082,0.258265758062082,0.303288112271862,0.303288112271862
mle01,pre,20181112,1,99,1,1,1,0.0619999002997522,0.0619999002997522,0.0653823055088147,0.0653823055088147
mle01,pre,20181112,1,100,NaN,0,0,NaN,NaN,NaN,NaN
mle01,pre,20181112,1,101,NaN,0,0,NaN,NaN,NaN,NaN
mle01,pre,20181112,2,1,1,0,0,NaN,NaN,NaN,NaN
mle01,pre,20181112,2,2,1,0,0,NaN,NaN,NaN,NaN
mle01,pre,20181112,2,3,1,1,1,0.302052538179008,0.302052538179008,0.16752222383808,0.16752222383808
mle01,pre,20181112,2,4,2,1,1,0.0961849094767961,0.0961849094767961,0.160705966851673,0.160705966851673
mle01,pre,20181112,2,5,1,1,1,0.0984376753804324,0.0984376753804324,0.208103442466838,0.208103442466838
mle01,pre,20181112,2,6,2,1,1,0.0719243707482802,0.0719243707482802,0.329102208320557,0.329102208320557
mle01,pre,20181112,2,7,2,1,1,0.307690575748998,0.307690575748998,0.135390366670717,0.135390366670717
mle01,pre,20181112,2,8,1,1,1,0.759723676339709,0.759723676339709,0.36691527765391,0.36691527765391
mle01,pre,20181112,2,9,2,1,1,0.123249587048393,0.123249587048393,0.117454373395587,0.117454373395587
mle01,pre,20181112,2,10,1,1,1,0.235134264622875,0.235134264622875,0.220410739722382,0.220410739722382
mle01,pre,20181112,2,11,1,1,1,0.187302714165388,0.187302714165388,0.139968730950655,0.139968730950655
mle01,pre,20181112,2,12,1,1,1,0.0743483846636961,0.0743483846636961,0.398076042100174,0.398076042100174
mle01,pre,20181112,2,13,1,1,1,0.145226473410671,0.0889510065432415,0.576282968714509,0.14760128895238
mle01,pre,20181112,2,14,2,1,1,0.843643015172363,0.122914490762216,0.2102595531526,0.208203630117228
mle01,pre,20181112,2,15,1,1,1,0.327330533052316,0.327330533052316,0.339739206928781,0.339739206928781
mle01,pre,20181112,2,16,2,1,1,0.141625837775439,0.0934333171486213,0.139992739998261,0.0897138251115703
mle01,pre,20181112,2,17,1,1,1,0.146610933712358,0.105902079305357,0.0952959824611948,0.118804104379242
mle01,pre,20181112,2,18,1,1,1,0.771218269623395,0.771218269623395,0.518098188014803,0.518098188014803
mle01,pre,20181112,2,19,2,1,1,0.447391216936463,0.55622886687934,0.207852477326723,0.226906625495711
mle01,pre,20181112,2,20,1,1,1,0.247064980190713,0.247064980190713,0.398295454226695,0.398295454226695
mle01,pre,20181112,2,21,1,1,1,0.202025949433759,0.202025949433759,0.120505299952332,0.120505299952332
mle01,pre,20181112,2,22,2,1,1,0.0838069068362198,0.0838069068362198,0.10350762568768,0.10350762568768
mle01,pre,20181112,2,23,2,1,1,0.117993096269678,0.117993096269678,0.151808277641611,0.151808277641611
mle01,pre,20181112,2,24,1,1,1,0.596992741921951,0.596992741921951,0.295596796559105,0.295596796559105
mle01,pre,20181112,2,25,1,1,1,0.972336187080161,0.972336187080161,0.464414381718141,0.464414381718141
mle01,pre,20181112,2,26,1,1,1,0.0693504888468416,0.0693504888468416,0.123744904489188,0.123744904489188
mle01,pre,20181112,2,27,2,1,1,0.278961023870384,0.281359269742277,0.241904558191862,0.241824295763291
mle01,pre,20181112,2,28,2,1,1,0.467930677606633,0.467930677606633,0.6509678076617,0.6509678076617
mle01,pre,20181112,2,29,1,1,1,0.114096392295321,0.114096392295321,0.0955623142349778,0.0955623142349778
mle01,pre,20181112,2,30,1,1,1,0.111775831396614,0.111775831396614,0.296057565367196,0.296057565367196
mle01,pre,20181112,2,31,2,1,1,0.214874900998619,0.214874900998619,0.249522565407254,0.249522565407254
mle01,pre,20181112,2,32,1,1,1,0.545191898690589,0.545191898690589,0.171923002633458,0.171923002633458
mle01,pre,20181112,2,33,1,1,1,0.337745197912275,0.337745197912275,0.307708117497665,0.307708117497665
mle01,pre,20181112,2,34,1,1,1,0.405753119463479,0.405753119463479,0.308239518826563,0.308239518826563
mle01,pre,20181112,2,35,1,1,1,0.154011249125012,0.154011249125012,0.0829206219629617,0.0829206219629617
mle01,pre,20181112,2,36,2,1,1,0.882582465882622,0.882582465882622,0.522985988596321,0.522985988596321
mle01,pre,20181112,2,37,1,1,1,0.0436073931856857,0.0436073931856857,0.1544557130793,0.1544557130793
mle01,pre,20181112,2,38,1,1,1,0.0419734128839626,0.0478065557617726,0.24527672565509,0.185656266483893
mle01,pre,20181112,2,39,1,1,1,0.99021239560908,0.618935452436389,0.334723775009861,0.284629970393833
mle01,pre,20181112,2,40,1,1,1,0.337395554187689,0.337395554187689,0.207572574217929,0.207572574217929
mle01,pre,20181112,2,41,1,1,1,0.307996447845926,0.307996447845926,0.222746433785584,0.222746433785584
mle01,pre,20181112,2,42,NaN,0,0,NaN,NaN,NaN,NaN
mle01,pre,20181112,2,43,1,1,1,0.0997357440693523,0.130524907040147,0.216459934190105,0.190046187287394
mle01,pre,20181112,2,44,1,1,1,0.192876292898647,0.192876292898647,0.106229429437133,0.106229429437133
mle01,pre,20181112,2,45,2,1,1,0.547648141869182,0.755744258656065,0.940304618596454,0.729729140505613
mle01,pre,20181112,2,46,2,1,1,0.0933633223351205,0.172827899988733,0.394748341415723,0.124786344356725
mle01,pre,20181112,2,47,1,1,1,0.455662114520859,0.455662114520859,0.391750863105326,0.391750863105326
mle01,pre,20181112,2,48,1,1,1,0.442195375277819,0.442195375277819,0.316786064297888,0.316786064297888
mle01,pre,20181112,2,49,1,1,1,0.564702887638541,0.0165263669044521,0.81043729227982,0.0965905902760557
mle01,pre,20181112,2,50,2,1,1,0.0736829277175572,0.0736829277175572,0.259200106208996,0.259200106208996
mle01,pre,20181112,2,51,1,1,1,0.657631810158903,0.657631810158903,0.349283022703353,0.349283022703353
mle01,pre,20181112,2,52,2,1,1,0.359428844246434,0.359428844246434,0.471958889914122,0.471958889914122
mle01,pre,20181112,2,53,1,1,1,0.10345776967147,0.10345776967147,0.5992980315907,0.5992980315907
mle01,pre,20181112,2,54,2,1,1,0.447585198981677,0.456101752390866,0.341670231489323,0.401497661735075
mle01,pre,20181112,2,55,1,1,1,0.266617034888109,0.266617034888109,0.364265391452944,0.364265391452944
mle01,pre,20181112,2,56,1,1,1,0.2420554033747,0.139530125097023,0.210151933529803,0.114343946720079
mle01,pre,20181112,2,57,1,1,1,0.162519836314426,0.162519836314426,0.160543280074316,0.160543280074316
mle01,pre,20181112,2,58,1,1,1,0.161591606203608,0.161591606203608,0.212911391376177,0.212911391376177
mle01,pre,20181112,2,59,2,1,1,0.125129216872884,0.125129216872884,0.194200811766996,0.194200811766996
mle01,pre,20181112,2,60,2,1,1,0.172553725084014,0.145838141709053,0.14689094699607,0.122659458241645
mle01,pre,20181112,2,61,1,1,1,0.115651429098406,0.115651429098406,0.143978336510967,0.143978336510967
mle01,pre,20181112,2,62,2,1,1,0.195087581057206,0.195087581057206,0.172274842026643,0.172274842026643
mle01,pre,20181112,2,63,2,1,1,0.15401979403631,0.15401979403631,0.111750095491139,0.111750095491139
mle01,pre,20181112,2,64,2,0,0,NaN,NaN,NaN,NaN
mle01,pre,20181112,2,65,2,1,1,0.17147303246791,0.17147303246791,0.271084033656134,0.271084033656134
mle01,pre,20181112,2,66,2,1,1,0.649065831591281,0.649065831591281,0.577577090698,0.577577090698
mle01,pre,20181112,2,67,2,1,1,0.524858687373342,0.524858687373342,0.187857704855715,0.187857704855715
mle01,pre,20181112,2,68,1,1,1,0.250986374393135,0.250986374393135,0.163345392615236,0.163345392615236
mle01,pre,20181112,2,69,1,1,1,0.519185675418669,0.519185675418669,0.293246113457441,0.293246113457441
mle01,pre,20181112,2,70,1,1,1,0.758267231367126,0.758267231367126,0.249949822459757,0.249949822459757
mle01,pre,20181112,2,71,1,1,1,0.0421748294344128,0.0421748294344128,0.0652336106519202,0.0652336106519202
mle01,pre,20181112,2,72,1,1,1,0.212989682212155,0.212989682212155,0.156781660848867,0.156781660848867
mle01,pre,20181112,2,73,1,1,1,0.145349388709179,0.145349388709179,0.345562898576675,0.345562898576675
mle01,pre,20181112,2,74,1,1,1,0.0812872648457717,0.0812872648457717,0.140411600666046,0.140411600666046
mle01,pre,20181112,2,75,2,1,1,0.188385770488574,0.188385770488574,0.115482893398943,0.115482893398943
mle01,pre,20181112,2,76,1,1,1,0.100128141384426,0.100128141384426,0.148482692237632,0.148482692237632
mle01,pre,20181112,2,77,2,1,1,0.0499187288136256,0.0499187288136256,0.118838548686317,0.118838548686317
mle01,pre,20181112,2,78,1,1,1,0.175077249293006,0.278082639101038,0.199582847643271,0.119424785350493
mle01,pre,20181112,2,79,1,1,1,0.902016386719197,0.345306405111222,0.643457612309734,0.351172047486321
mle01,pre,20181112,2,80,1,1,1,0.699739969954613,0.699739969954613,0.572488951412941,0.572488951412941
mle01,pre,20181112,2,81,1,1,1,0.0962541903190239,0.0962541903190239,0.123624454938629,0.123624454938629
mle01,pre,20181112,2,82,1,1,1,0.557837385981624,0.557837385981624,0.344757071378175,0.344757071378175
mle01,pre,20181112,2,83,2,1,1,0.156478883546575,0.197709285352231,0.308054808797092,0.294459566736202
mle01,pre,20181112,2,84,1,1,1,1.21846233612754,1.13966622539779,0.54372448121802,0.519530640602641
mle01,pre,20181112,2,85,2,1,1,0.0436710758967304,0.0436710758967304,0.0752675003849161,0.0752675003849161
mle01,pre,20181112,2,86,1,1,1,0.140825316211127,0.140825316211127,0.160895746921685,0.160895746921685
mle01,pre,20181112,2,87,2,1,1,0.478864700569525,0.478864700569525,0.29540666494319,0.29540666494319
mle01,pre,20181112,2,88,1,1,1,0.143898650792739,0.143898650792739,0.287596844718706,0.287596844718706
mle01,pre,20181112,2,89,1,1,1,0.984773941878022,0.984773941878022,0.525429346926319,0.525429346926319
mle01,pre,20181112,2,90,1,1,1,0.125164250833586,0.125164250833586,0.276438149842306,0.276438149842306
mle01,pre,20181112,2,91,1,1,1,0.590844148660623,0.64729964740159,0.634770163892733,0.591060531727367
mle01,pre,20181112,2,92,2,1,1,0.0739920306497019,0.0739920306497019,0.213251157340785,0.213251157340785
mle01,pre,20181112,2,93,1,1,1,0.285292263333208,0.285292263333208,0.240647484941779,0.240647484941779
mle01,pre,20181112,2,94,1,1,1,0.0909296304375602,0.0909296304375602,0.0773254642571722,0.0773254642571722
mle01,pre,20181112,2,95,1,1,1,0.274265134866162,0.274265134866162,0.142497712335724,0.142497712335724
mle01,pre,20181112,2,96,2,1,1,0.157729169476451,0.157729169476451,0.0756362956471898,0.0756362956471898
mle01,pre,20181112,2,97,2,1,1,0.251009097758432,0.251009097758432,0.371598117254875,0.371598117254875
mle01,pre,20181112,2,98,1,1,1,0.497486404679774,0.497486404679774,0.346007732551462,0.346007732551462
mle01,pre,20181112,2,99,1,1,1,0.0997535176604049,0.0997535176604049,0.194553678221545,0.194553678221545
mle01,pre,20181112,2,100,NaN,0,0,NaN,NaN,NaN,NaN
mle01,pre,20181112,3,1,1,1,1,0.552020051205597,0.552020051205597,0.431506756372775,0.431506756372775
mle01,pre,20181112,3,2,1,0,0,NaN,NaN,NaN,NaN
mle01,pre,20181112,3,3,1,0,0,NaN,NaN,NaN,NaN
mle01,pre,20181112,3,4,2,1,1,0.428201042406451,0.428201042406451,0.366745812468071,0.366745812468071
mle01,pre,20181112,3,5,2,1,1,0.238869360816067,0.238869360816067,0.264243209569987,0.264243209569987
mle01,pre,20181112,3,6,1,1,1,0.672866753698943,0.655192141543438,0.598531977227662,0.312362284466803
mle01,pre,20181112,3,7,2,0,0,NaN,NaN,NaN,NaN
mle01,pre,20181112,3,8,1,0,0,NaN,NaN,NaN,NaN
mle01,pre,20181112,3,9,1,0,0,NaN,NaN,NaN,NaN
mle01,pre,20181112,3,10,2,0,0,NaN,NaN,NaN,NaN
mle01,pre,20181112,3,11,1,1,1,0.950631254083096,0.950631254083096,0.77659834228575,0.77659834228575
mle01,pre,20181112,3,12,1,1,1,0.288003117393522,0.288003117393522,0.432422458653008,0.432422458653008
mle01,pre,20181112,3,13,2,1,1,1.79086093414567,0.843487585256692,0.948550146645557,0.702621102057699
mle01,pre,20181112,3,14,1,1,1,0.212518373835078,0.212518373835078,0.328983281321108,0.328983281321108
mle01,pre,20181112,3,15,1,1,1,0.424268145592694,0.424268145592694,0.408198395529982,0.408198395529982
mle01,pre,20181112,3,16,1,1,1,1.33501894809003,1.33501894809003,0.821030929139724,0.821030929139724
mle01,pre,20181112,3,17,1,1,1,0.618861676243622,0.618861676243622,0.563755308960775,0.563755308960775
mle01,pre,20181112,3,18,1,1,1,0.309632825019504,0.309632825019504,0.323431355306258,0.323431355306258
mle01,pre,20181112,3,19,1,1,1,0.57543516607268,0.57543516607268,0.485488365456147,0.485488365456147
mle01,pre,20181112,3,20,2,1,1,0.918590971845724,0.918590971845724,0.586925442395634,0.586925442395634
mle01,pre,20181112,3,21,2,1,1,0.490375540680662,0.490375540680662,0.523004833340792,0.523004833340792
mle01,pre,20181112,3,22,2,1,1,0.544952085445088,0.544952085445088,0.494005014430434,0.494005014430434
mle01,pre,20181112,3,23,1,1,1,0.903934504452762,0.903934504452762,0.416033730375315,0.416033730375315
mle01,pre,20181112,3,24,2,1,1,0.780864134812431,0.780864134812431,0.473258915683565,0.473258915683565
mle01,pre,20181112,3,25,1,1,1,0.623992918664461,0.623992918664461,0.27155553398872,0.27155553398872
mle01,pre,20181112,3,26,1,1,1,0.919333898470681,0.527261619059436,0.675539391243233,0.533711201716448
mle01,pre,20181112,3,27,1,1,1,0.282823836142394,0.282823836142394,0.395637333934344,0.395637333934344
mle01,pre,20181112,3,28,1,1,1,0.745240299047502,0.745240299047502,0.399391724609792,0.399391724609792
mle01,pre,20181112,3,29,1,1,1,0.602889988832019,0.296801217361333,0.663815035180794,0.290886308671696
mle01,pre,20181112,3,30,1,1,1,0.319748034875454,0.319748034875454,0.419131358393863,0.419131358393863
mle01,pre,20181112,3,31,1,1,1,0.260008428631163,0.260008428631163,0.493557020778041,0.493557020778041
mle01,pre,20181112,3,32,2,1,1,0.323160258820457,0.323160258820457,0.443388835465376,0.443388835465376
mle01,pre,20181112,3,33,1,1,1,0.341404257790262,0.341404257790262,0.468263099398322,0.468263099398322
mle01,pre,20181112,3,34,1,1,1,0.269946767550084,0.136549698575418,0.532828825540472,0.3859200524594
mle01,pre,20181112,3,35,1,1,1,0.773009670105425,0.773009670105425,0.502123163689571,0.502123163689571
mle01,pre,20181112,3,36,1,1,1,0.711516104957022,0.711516104957022,0.348204406357038,0.348204406357038
mle01,pre,20181112,3,37,2,1,1,0.413269856183518,0.413269856183518,0.445946306243261,0.445946306243261
mle01,pre,20181112,3,38,2,1,1,0.701247452908548,0.701247452908548,0.413110052956052,0.413110052956052
mle01,pre,20181112,3,39,1,1,1,0.322832254231516,0.322832254231516,0.460662179396112,0.460662179396112
mle01,pre,20181112,3,40,2,1,1,0.93833075703261,0.93833075703261,0.383993414262946,0.383993414262946
mle01,pre,20181112,3,41,1,1,1,0.339485900485106,0.339485900485106,0.538686903425268,0.538686903425268
mle01,pre,20181112,3,42,1,1,1,0.611848209782693,0.611848209782693,0.682825987655265,0.682825987655265
mle01,pre,20181112,3,43,1,1,1,0.622793737295353,0.622793737295353,0.505046482885242,0.505046482885242
mle01,pre,20181112,3,44,1,1,1,0.257918661824823,0.257918661824823,0.487699049446092,0.487699049446092
mle01,pre,20181112,3,45,1,1,1,0.542684491914546,0.542684491914546,0.994302761577363,0.994302761577363
mle01,pre,20181112,3,46,2,1,1,0.375555083510414,0.375555083510414,0.433471850614238,0.433471850614238
mle01,pre,20181112,3,47,1,1,1,0.527670278571803,0.388346262789229,0.382032031803185,0.389248537576266
mle01,pre,20181112,3,48,2,1,1,0.929044225720217,0.929044225720217,0.532932928011749,0.532932928011749
mle01,pre,20181112,3,49,1,1,1,0.756023752127735,0.756023752127735,0.541570925590652,0.541570925590652
mle01,pre,20181112,3,50,1,1,1,0.957605541389803,0.957605541389803,0.698376252303976,0.698376252303976
mle01,pre,20181112,3,51,1,1,1,2.01992948118451,2.01992948118451,0.889696981343131,0.889696981343131
mle01,pre,20181112,3,52,2,1,1,0.702130630855896,0.702130630855896,0.55405388766769,0.55405388766769
mle01,pre,20181112,3,53,2,1,1,0.406939047225562,0.406939047225562,0.414582114407619,0.414582114407619
mle01,pre,20181112,3,54,1,1,1,0.469569089648908,0.469569089648908,0.406823825812904,0.406823825812904
mle01,pre,20181112,3,55,2,1,1,0.388524879033967,0.388524879033967,0.484411767708253,0.484411767708253
mle01,pre,20181112,3,56,1,1,1,0.878173628779593,1.03583882994746,0.549074897696163,0.478056993052975
mle01,pre,20181112,3,57,1,1,1,0.874040426231693,0.760373690356502,0.67581687036671,0.644456438561392
mle01,pre,20181112,3,58,2,1,1,0.696812686290855,0.45285947565671,0.503653520774242,0.420315134216248
mle01,pre,20181112,3,59,1,1,1,0.408003716035048,0.150865660847152,0.327564665400148,0.14980471336886
mle01,pre,20181112,3,60,2,1,1,0.399190843869905,0.399190843869905,0.53704156539221,0.53704156539221
mle01,pre,20181112,3,61,1,1,1,0.755504908015899,0.755504908015899,0.620299911625055,0.620299911625055
mle01,pre,20181112,3,62,2,1,1,0.278952364695494,0.278952364695494,0.310213978340689,0.310213978340689
mle01,pre,20181112,3,63,1,1,1,0.32474653054263,0.32474653054263,0.307419207329209,0.307419207329209
mle01,pre,20181112,3,64,1,1,1,0.341465275440202,0.341465275440202,0.444547199519487,0.444547199519487
mle01,pre,20181112,3,65,1,1,1,0.944906373197153,0.944906373197153,0.753766461632718,0.753766461632718
mle01,pre,20181112,3,66,2,1,1,0.123807252812111,0.123807252812111,0.319271113740188,0.319271113740188
mle01,pre,20181112,3,67,1,1,1,0.239348889383079,0.247499267027026,0.405505733279393,0.443038362509965
mle01,pre,20181112,3,68,1,1,1,0.524689464893337,0.524689464893337,0.393745362798438,0.393745362798438
mle01,pre,20181112,3,69,2,1,1,0.850955044607883,0.850955044607883,0.640028644545548,0.640028644545548
mle01,pre,20181112,3,70,2,1,1,0.732967689334787,0.732967689334787,0.37601446237444,0.37601446237444
mle01,pre,20181112,3,71,1,1,1,0.195189288366083,0.195189288366083,0.45161318917084,0.45161318917084
mle01,pre,20181112,3,72,1,1,1,0.472357378857581,0.472357378857581,0.569423742653695,0.569423742653695
mle01,pre,20181112,3,73,2,1,1,0.224050005849623,0.224050005849623,0.415230071791303,0.415230071791303
mle01,pre,20181112,3,74,2,1,1,0.616093377709557,0.616093377709557,0.592969526889734,0.592969526889734
mle01,pre,20181112,3,75,1,1,1,0.155066153944979,0.155066153944979,0.357107294061895,0.357107294061895
mle01,pre,20181112,3,76,2,1,1,0.28472547602377,0.28472547602377,0.38694145598476,0.38694145598476
mle01,pre,20181112,3,77,1,1,1,0.310332083287467,0.310332083287467,0.239887015811419,0.239887015811419
mle01,pre,20181112,3,78,1,1,1,0.539742677635724,0.539742677635724,0.447456421980179,0.447456421980179
mle01,pre,20181112,3,79,1,1,1,0.774428580683871,0.774428580683871,0.60075667821313,0.60075667821313
mle01,pre,20181112,3,80,1,1,1,0.605357835360847,0.605357835360847,0.418447012405357,0.418447012405357
mle01,pre,20181112,3,81,1,1,1,0.104588372466068,0.104588372466068,0.311273125445807,0.311273125445807
mle01,pre,20181112,3,82,2,1,1,0.408493116379084,0.408493116379084,0.452895580347259,0.452895580347259
mle01,pre,20181112,3,83,2,1,1,0.236377778990856,0.236377778990856,0.526992033626603,0.526992033626603
mle01,pre,20181112,3,84,2,1,1,0.219676958591474,0.239140632088634,0.350212232722193,0.406537370439158
mle01,pre,20181112,3,85,1,1,1,0.343057260818374,0.343057260818374,0.427611749352718,0.427611749352718
mle01,pre,20181112,3,86,1,1,1,0.25483506520197,0.25483506520197,0.355522154695052,0.355522154695052
mle01,pre,20181112,3,87,2,1,1,0.727096040618252,0.727096040618252,0.409920352140287,0.409920352140287
mle01,pre,20181112,3,88,1,1,1,0.570897110304212,0.570897110304212,0.478498396465428,0.478498396465428
mle01,pre,20181112,3,89,1,1,1,0.630923181731314,0.630923181731314,0.569170282417578,0.569170282417578
mle01,pre,20181112,3,90,1,1,1,0.119187945678643,0.119187945678643,0.127183393122299,0.127183393122299
mle01,pre,20181112,3,91,1,1,1,0.715753493427855,0.715753493427855,0.617634020002267,0.617634020002267
mle01,pre,20181112,3,92,1,1,1,0.3389656707153,0.3389656707153,0.593343410367827,0.593343410367827
mle01,pre,20181112,3,93,1,1,1,0.542845357628393,0.542845357628393,0.337554565748044,0.337554565748044
mle01,pre,20181112,3,94,2,1,1,0.537811632562145,0.537811632562145,0.660091282167588,0.660091282167588
mle01,pre,20181112,3,95,1,1,1,0.988119768914089,0.988119768914089,0.789352516836243,0.789352516836243
mle01,pre,20181112,3,96,1,1,1,0.195564173797784,0.195564173797784,0.719809228254679,0.719809228254679
mle01,pre,20181112,3,97,2,1,1,0.441107589576744,0.441107589576744,0.6324544556869,0.6324544556869
mle01,pre,20181112,3,98,1,1,1,0.896892412017659,0.896892412017659,0.622349496884768,0.622349496884768
mle01,pre,20181112,3,99,2,1,1,0.313627357957859,0.313627357957859,0.490079873199599,0.490079873199599
mle01,pre,20181112,3,100,NaN,0,0,NaN,NaN,NaN,NaN
mle01,pre,20181112,4,1,1,1,1,0.93935014420012,0.93935014420012,0.580164178476907,0.580164178476907
mle01,pre,20181112,4,2,1,1,1,0.647126354247737,0.647126354247737,0.564964836765106,0.564964836765106
mle01,pre,20181112,4,3,1,1,1,0.669253211939744,0.669253211939744,0.585982354667395,0.585982354667395
mle01,pre,20181112,4,4,2,1,1,0.614377220659262,0.614377220659262,0.569866271849583,0.569866271849583
mle01,pre,20181112,4,5,2,1,1,0.192338784509618,0.192338784509618,0.48680726783661,0.48680726783661
mle01,pre,20181112,4,6,2,1,1,0.571155373901117,0.571155373901117,0.413030887379319,0.413030887379319
mle01,pre,20181112,4,7,1,1,1,0.752207858445315,0.752207858445315,0.461601255901753,0.461601255901753
mle01,pre,20181112,4,8,2,1,1,0.369431376080279,0.369431376080279,0.614359845810865,0.614359845810865
mle01,pre,20181112,4,9,2,1,1,0.783329983931218,0.783329983931218,0.497534987985017,0.497534987985017
mle01,pre,20181112,4,10,2,1,1,0.525901177621126,0.525901177621126,0.431694584709931,0.431694584709931
mle01,pre,20181112,4,11,2,1,1,0.753725309116269,0.753725309116269,0.593919385345562,0.593919385345562
mle01,pre,20181112,4,12,1,1,1,0.3051781827636,0.3051781827636,0.309131044742899,0.309131044742899
mle01,pre,20181112,4,13,1,1,1,0.338776297758004,0.338776297758004,0.340785664835332,0.340785664835332
mle01,pre,20181112,4,14,1,1,1,0.351383274790697,0.351383274790697,0.344120672748131,0.344120672748131
mle01,pre,20181112,4,15,1,1,1,0.701242395341134,0.701242395341134,0.362103374057725,0.362103374057725
mle01,pre,20181112,4,16,1,1,1,0.441094720958781,0.441094720958781,0.27239675191746,0.27239675191746
mle01,pre,20181112,4,17,1,1,1,0.249023556962987,0.143652788850646,0.472956456505793,0.328422376630982
mle01,pre,20181112,4,18,1,1,1,0.463538910560614,0.463538910560614,0.750462431440508,0.750462431440508
mle01,pre,20181112,4,19,1,1,1,0.874663089284618,0.816093094805464,0.729205075030357,0.657341601171892
mle01,pre,20181112,4,20,1,1,1,0.497735025442235,0.497735025442235,0.4996294109575,0.4996294109575
mle01,pre,20181112,4,21,1,1,1,0.843487781908909,0.613296712229874,0.539657939575262,0.442980916738823
mle01,pre,20181112,4,22,2,1,1,0.574393015259788,0.574393015259788,0.574186085905047,0.574186085905047
mle01,pre,20181112,4,23,2,1,1,0.383668986410706,0.383668986410706,0.429284466978028,0.429284466978028
mle01,pre,20181112,4,24,1,1,1,0.145146460165653,0.145146460165653,0.365888037073149,0.365888037073149
mle01,pre,20181112,4,25,1,1,1,0.869186079491166,0.869186079491166,0.588721955996274,0.588721955996274
mle01,pre,20181112,4,26,2,1,1,0.827072568882681,0.827072568882681,0.656841631009028,0.656841631009028
mle01,pre,20181112,4,27,1,1,1,0.373274079144743,0.373274079144743,0.425732496415532,0.425732496415532
mle01,pre,20181112,4,28,1,1,1,1.73979331281341,1.73979331281341,0.622268517825498,0.622268517825498
mle01,pre,20181112,4,29,1,1,1,0.292565019992607,0.292565019992607,0.362781627651016,0.362781627651016
mle01,pre,20181112,4,30,1,1,1,0.556028125380906,0.556028125380906,0.472347377261703,0.472347377261703
mle01,pre,20181112,4,31,2,1,1,0.478384622319612,0.509472087214325,0.387598082738669,0.389035003340901
mle01,pre,20181112,4,32,2,1,1,0.224199789513745,0.224199789513745,0.412747265896585,0.412747265896585
mle01,pre,20181112,4,33,1,1,1,0.235694576634642,0.235694576634642,0.853292110555702,0.853292110555702
mle01,pre,20181112,4,34,1,1,1,0.635885939018802,0.417645552755335,0.927315158697353,0.636833714740514
mle01,pre,20181112,4,35,1,1,1,0.3428582579104,0.3428582579104,0.261034841100994,0.261034841100994
mle01,pre,20181112,4,36,1,1,1,0.240452568083581,0.240452568083581,0.473620856117425,0.473620856117425
mle01,pre,20181112,4,37,1,1,1,0.967709039354641,0.365525539506399,0.937152408768694,0.235569653185668
mle01,pre,20181112,4,38,1,1,1,0.678050456452444,0.678050456452444,0.680858710438821,0.680858710438821
mle01,pre,20181112,4,39,1,1,1,0.37489377081629,0.37489377081629,0.67083834079333,0.67083834079333
mle01,pre,20181112,4,40,2,1,1,0.591301220236896,0.591301220236896,0.695375128376413,0.695375128376413
mle01,pre,20181112,4,41,2,1,1,0.738807412407284,0.738807412407284,0.486695505010034,0.486695505010034
mle01,pre,20181112,4,42,1,1,1,0.502937547361944,0.502937547361944,0.526987805982542,0.526987805982542
mle01,pre,20181112,4,43,1,1,1,0.424615385846976,0.424615385846976,0.309253245609732,0.309253245609732
mle01,pre,20181112,4,44,1,1,1,0.390291524129552,0.479471244524549,0.652465790027292,0.559768300146017
mle01,pre,20181112,4,45,1,1,1,0.914861182583334,0.740980263283111,0.853471825046358,0.730368426180443
mle01,pre,20181112,4,46,1,1,1,0.913935557468905,0.913935557468905,0.744616595479376,0.744616595479376
mle01,pre,20181112,4,47,2,1,1,0.87075915318545,0.87075915318545,0.818766162607061,0.818766162607061
mle01,pre,20181112,4,48,1,1,1,0.90634531214618,0.90634531214618,0.574194953552545,0.574194953552545
mle01,pre,20181112,4,49,1,1,1,0.61014449581498,0.61014449581498,0.47531561386006,0.47531561386006
mle01,pre,20181112,4,50,1,1,1,0.150609687895977,0.150609687895977,0.278727928518154,0.278727928518154
mle01,pre,20181112,4,51,2,1,1,0.206364083796474,0.206364083796474,0.398518357097612,0.398518357097612
mle01,pre,20181112,4,52,2,1,1,0.780174437482161,0.780174437482161,0.552003289006792,0.552003289006792
mle01,pre,20181112,4,53,2,1,1,0.681812785584922,0.681812785584922,0.664241120574472,0.664241120574472
mle01,pre,20181112,4,54,1,1,1,0.101531214990402,0.101531214990402,0.297704467334138,0.297704467334138
mle01,pre,20181112,4,55,1,1,1,1.82096750239202,1.19432658737468,0.954605522582418,0.747379826176994
mle01,pre,20181112,4,56,2,1,1,0.771647791295084,0.589440926054964,0.684842116203472,0.509298576176171
mle01,pre,20181112,4,57,2,1,1,0.824539077839964,0.824539077839964,0.520417105156879,0.520417105156879
mle01,pre,20181112,4,58,1,1,1,0.49963292904141,0.49963292904141,0.344686896536209,0.344686896536209
mle01,pre,20181112,4,59,1,1,1,0.633307562160159,0.633307562160159,0.329739244728385,0.329739244728385
mle01,pre,20181112,4,60,1,1,1,0.711309078541531,0.73103844123106,0.54525757396856,0.477428945236842
mle01,pre,20181112,4,61,1,1,1,0.406749284922043,0.410830673693509,0.400687380656012,0.496824718131006
mle01,pre,20181112,4,62,1,1,1,0.474693050005837,0.474693050005837,0.395463670636343,0.395463670636343
mle01,pre,20181112,4,63,2,1,1,0.918886320305941,1.01319231280299,1.00542771158564,0.907181940208003
mle01,pre,20181112,4,64,1,1,1,0.405235852536034,0.405235852536034,0.342497002059815,0.342497002059815
mle01,pre,20181112,4,65,2,1,1,0.814427484032548,0.814427484032548,0.525000233483381,0.525000233483381
mle01,pre,20181112,4,66,1,1,1,0.477760724023642,0.477760724023642,0.409162378200248,0.409162378200248
mle01,pre,20181112,4,67,1,1,1,1.00329596115093,1.00329596115093,0.396448493826851,0.396448493826851
mle01,pre,20181112,4,68,2,1,1,0.388161010973268,0.388161010973268,0.436340382439636,0.436340382439636
mle01,pre,20181112,4,69,2,1,1,0.833430457348683,0.40632305089219,0.72381304469743,0.362820240883228
mle01,pre,20181112,4,70,1,1,1,0.530481646224181,0.391493731321632,0.503964223309724,0.390050087031646
mle01,pre,20181112,4,71,2,1,1,0.507598617840786,0.507598617840786,0.679271737270739,0.679271737270739
mle01,pre,20181112,4,72,1,1,1,0.647325162679264,0.647325162679264,0.575540187696636,0.575540187696636
mle01,pre,20181112,4,73,1,1,1,0.458465216677666,0.458465216677666,0.679275855546234,0.679275855546234
mle01,pre,20181112,4,74,1,1,1,0.183213917417853,0.183213917417853,0.27411041746023,0.27411041746023
mle01,pre,20181112,4,75,1,1,1,0.277673073874106,0.277673073874106,0.424100728401554,0.424100728401554
mle01,pre,20181112,4,76,1,1,1,0.661129016024855,0.661129016024855,0.594652054715413,0.594652054715413
mle01,pre,20181112,4,77,1,1,1,0.405282879642357,0.405282879642357,0.306592272274413,0.306592272274413
mle01,pre,20181112,4,78,1,1,1,0.816570419763309,0.816570419763309,0.600170987511128,0.600170987511128
mle01,pre,20181112,4,79,1,1,1,0.238349914351113,0.238349914351113,0.526678967589552,0.526678967589552
mle01,pre,20181112,4,80,2,1,1,1.16410392386211,1.16410392386211,0.616351082175328,0.616351082175328
mle01,pre,20181112,4,81,2,1,1,0.465215884266378,0.465215884266378,0.520067380418295,0.520067380418295
mle01,pre,20181112,4,82,1,1,1,0.365020482493002,0.365020482493002,0.520612335772424,0.520612335772424
mle01,pre,20181112,4,83,1,1,1,0.266401765953907,0.266401765953907,0.267427394485856,0.267427394485856
mle01,pre,20181112,4,84,2,1,1,1.05172137421709,1.05172137421709,0.626652815050204,0.626652815050204
mle01,pre,20181112,4,85,1,1,1,0.744674896688173,0.744674896688173,0.57221891046522,0.57221891046522
mle01,pre,20181112,4,86,1,1,1,0.552335519370933,0.552335519370933,0.255888081116401,0.255888081116401
mle01,pre,20181112,4,87,2,1,1,0.996992470983414,0.996992470983414,0.724407359149833,0.724407359149833
mle01,pre,20181112,4,88,2,1,1,0.325474959189126,0.325474959189126,0.472452904413495,0.472452904413495
mle01,pre,20181112,4,89,2,1,1,0.312560314153826,0.186383019735127,0.574394529684145,0.224113275863229
mle01,pre,20181112,4,90,2,1,1,0.283218515326387,0.283218515326387,0.28742891147055,0.28742891147055
mle01,pre,20181112,4,91,1,1,1,1.02325322286141,1.02325322286141,0.573939205518552,0.573939205518552
mle01,pre,20181112,4,92,2,1,1,0.890059259007778,0.890059259007778,0.463808030100866,0.463808030100866
mle01,pre,20181112,4,93,1,1,1,0.479342446984423,0.479342446984423,0.253333279042666,0.253333279042666
mle01,pre,20181112,4,94,2,1,1,0.537868557591734,0.537868557591734,0.507214030145795,0.507214030145795
mle01,pre,20181112,4,95,1,1,1,0.438267125548673,0.438267125548673,0.659137123086176,0.659137123086176
mle01,pre,20181112,4,96,1,1,1,0.451170692031157,0.391871006016466,0.775428311600607,0.715703094613926
mle01,pre,20181112,4,97,1,1,1,0.16164680535923,0.16164680535923,0.196725955972923,0.196725955972923
mle01,pre,20181112,4,98,1,1,1,0.355537586038618,0.355537586038618,0.662590411217555,0.662590411217555
mle01,pre,20181112,4,99,1,1,1,0.389172797786722,0.389172797786722,0.471426353925482,0.471426353925482
mle01,pre,20181112,4,100,NaN,0,0,NaN,NaN,NaN,NaN
mle01,pre,20181112,5,1,1,1,1,0.127687174330096,0.259034133621177,0.491338228699408,0.484697939386292
mle01,pre,20181112,5,2,1,1,1,0.36823740394821,0.36823740394821,0.458283633619529,0.458283633619529
mle01,pre,20181112,5,3,2,1,1,0.781187048245587,0.781187048245587,0.531155550573261,0.531155550573261
mle01,pre,20181112,5,4,1,1,1,0.638155469376934,0.638155469376934,0.335493447214906,0.335493447214906
mle01,pre,20181112,5,5,1,1,1,0.638466777586832,0.638466777586832,0.298646549621727,0.298646549621727
mle01,pre,20181112,5,6,1,1,1,0.191220841973698,0.191220841973698,0.217477370616859,0.217477370616859
mle01,pre,20181112,5,7,1,1,1,0.112422136903192,0.112422136903192,0.181369101953714,0.181369101953714
mle01,pre,20181112,5,8,1,1,1,0.601689002329353,0.601689002329353,0.705800709998653,0.705800709998653
mle01,pre,20181112,5,9,1,1,1,1.01457070871422,0.589695516349597,0.919940729225802,0.515524096623383
mle01,pre,20181112,5,10,1,1,1,0.557338234130333,0.557338234130333,0.274659910476797,0.274659910476797
mle01,pre,20181112,5,11,2,1,1,0.410816881861148,0.410816881861148,0.343152661289866,0.343152661289866
mle01,pre,20181112,5,12,1,1,1,0.707444599117649,0.707444599117649,0.549358817463667,0.549358817463667
mle01,pre,20181112,5,13,1,1,1,0.243557146997846,0.243557146997846,0.264184846032955,0.264184846032955
mle01,pre,20181112,5,14,2,1,1,0.410668769663499,0.410668769663499,0.390145929905458,0.390145929905458
mle01,pre,20181112,5,15,1,1,1,0.811722474384527,0.811722474384527,0.652799793936635,0.652799793936635
mle01,pre,20181112,5,16,2,1,1,0.535331072696049,0.535331072696049,0.402454275244983,0.402454275244983
mle01,pre,20181112,5,17,1,1,1,0.546680323986975,0.438863179329037,0.596759338223428,0.572963576208191
mle01,pre,20181112,5,18,1,1,1,0.432091435401659,0.2081772743184,0.493825238487906,0.307155590123428
mle01,pre,20181112,5,19,1,1,1,0.321859889064886,0.321859889064886,0.324766544674522,0.324766544674522
mle01,pre,20181112,5,20,2,1,1,0.260896757011301,0.62221860557157,0.429206355808607,0.492926140023198
mle01,pre,20181112,5,21,1,1,1,1.05061501611794,1.05061501611794,0.67376255149667,0.67376255149667
mle01,pre,20181112,5,22,1,1,1,0.873024713751177,0.873024713751177,0.509501421208532,0.509501421208532
mle01,pre,20181112,5,23,1,1,1,0.903987824818994,0.920700350765715,0.887874951664065,0.840896401523118
mle01,pre,20181112,5,24,1,1,1,0.491389354452508,0.454583165518123,0.466381520396119,0.478084283278518
mle01,pre,20181112,5,25,1,1,1,0.373406198671841,0.373406198671841,0.607200991172249,0.607200991172249
mle01,pre,20181112,5,26,1,1,1,0.715782745528727,0.693759800054486,0.434803863590468,0.364589133603183
mle01,pre,20181112,5,27,1,1,1,0.858504264523599,0.858504264523599,0.588860802732438,0.588860802732438
mle01,pre,20181112,5,28,2,1,1,0.567171569423764,0.567171569423764,0.466571869138616,0.466571869138616
mle01,pre,20181112,5,29,1,1,1,0.377720788821764,0.377720788821764,0.452107152541063,0.452107152541063
mle01,pre,20181112,5,30,2,1,1,0.432208962857137,0.432208962857137,0.459912357703979,0.459912357703979
mle01,pre,20181112,5,31,1,1,1,0.153943207040886,0.153943207040886,0.302832465678675,0.302832465678675
mle01,pre,20181112,5,32,1,1,1,0.490064528126611,0.869228861438272,0.596070101717763,0.674446975679827
mle01,pre,20181112,5,33,1,1,1,0.453574437811358,0.453574437811358,0.396891343208783,0.396891343208783
mle01,pre,20181112,5,34,1,1,1,0.144366792466953,0.144366792466953,0.411353338024955,0.411353338024955
mle01,pre,20181112,5,35,2,1,1,0.428373606659335,0.52530767841521,0.542169889363198,0.543330410493645
mle01,pre,20181112,5,36,2,1,1,0.568558414724605,0.568558414724605,0.524590277710594,0.524590277710594
mle01,pre,20181112,5,37,1,1,1,0.43288224977759,0.43288224977759,0.553073554785468,0.553073554785468
mle01,pre,20181112,5,38,2,1,1,0.227475339871698,0.227475339871698,0.400098630449375,0.400098630449375
mle01,pre,20181112,5,39,2,1,1,0.14774321491258,0.14774321491258,0.340646414792976,0.340646414792976
mle01,pre,20181112,5,40,2,1,1,0.0581330133304245,0.0581330133304245,0.414044115180788,0.414044115180788
mle01,pre,20181112,5,41,1,1,1,0.0374215357309753,0.0374215357309753,0.418362461539563,0.418362461539563
mle01,pre,20181112,5,42,2,1,1,0.195336213953277,0.195336213953277,0.345783168842956,0.345783168842956
mle01,pre,20181112,5,43,1,1,1,0.20187136901353,0.20187136901353,0.182705176035572,0.182705176035572
mle01,pre,20181112,5,44,2,1,1,0.717752623504943,0.728696011600558,0.59493754056707,0.581776727985245
mle01,pre,20181112,5,45,1,1,1,0.323211858585395,0.323211858585395,0.397135616835322,0.397135616835322
mle01,pre,20181112,5,46,1,1,1,0.420071401426708,0.420071401426708,0.423659344331969,0.423659344331969
mle01,pre,20181112,5,47,2,1,1,0.342503896713895,0.342503896713895,0.338114492625674,0.338114492625674
mle01,pre,20181112,5,48,1,1,1,0.267535298689523,0.267535298689523,0.46180290607407,0.46180290607407
mle01,pre,20181112,5,49,2,1,1,0.997646159932432,0.997646159932432,0.551484382739222,0.551484382739222
mle01,pre,20181112,5,50,1,1,1,0.192113097576857,0.436086266235322,0.591838859544242,0.228279665555865
mle01,pre,20181112,5,51,1,1,1,0.765860590477285,0.765860590477285,0.510558549486423,0.510558549486423
mle01,pre,20181112,5,52,2,1,1,0.931788585344393,0.931788585344393,0.785465239365797,0.785465239365797
mle01,pre,20181112,5,53,1,1,1,0.538014562196907,0.538014562196907,0.467128643311047,0.467128643311047
mle01,pre,20181112,5,54,2,1,1,0.240588648587542,0.252866039828311,0.355742414605275,0.383167488879403
mle01,pre,20181112,5,55,1,1,1,0.927803720417385,0.927803720417385,0.662303608339311,0.662303608339311
mle01,pre,20181112,5,56,1,1,1,0.197347091884067,0.197347091884067,0.697862159901508,0.697862159901508
mle01,pre,20181112,5,57,1,1,1,0.232067658563829,0.232067658563829,0.372600256194498,0.372600256194498
mle01,pre,20181112,5,58,1,1,1,0.463394652955426,0.463394652955426,0.344316064426559,0.344316064426559
mle01,pre,20181112,5,59,1,1,1,0.917242342685041,0.917242342685041,0.555130965649335,0.555130965649335
mle01,pre,20181112,5,60,1,1,1,0.327339313907412,0.327339313907412,0.344386868174411,0.344386868174411
mle01,pre,20181112,5,61,2,1,1,0.227641318767342,0.227641318767342,0.539865341866027,0.539865341866027
mle01,pre,20181112,5,62,2,1,1,0.629897334315475,0.629897334315475,0.632542141935671,0.632542141935671
mle01,pre,20181112,5,63,1,1,1,0.566095893384283,0.566095893384283,0.456208331204084,0.456208331204084
mle01,pre,20181112,5,64,1,1,1,0.700811373530849,0.700811373530849,0.457015568448475,0.457015568448475
mle01,pre,20181112,5,65,1,1,1,0.569537185336376,0.569537185336376,0.618698585373562,0.618698585373562
mle01,pre,20181112,5,66,2,1,1,0.272838000477417,0.272838000477417,0.276983409787559,0.276983409787559
mle01,pre,20181112,5,67,1,1,1,0.135768022919914,0.135768022919914,0.374028613306367,0.374028613306367
mle01,pre,20181112,5,68,2,1,1,0.371331019436135,0.371331019436135,0.570333551927318,0.570333551927318
mle01,pre,20181112,5,69,2,1,1,0.293360694742075,0.293360694742075,0.480368980205101,0.480368980205101
mle01,pre,20181112,5,70,1,1,1,0.537269178472483,0.537269178472483,0.889949197233768,0.889949197233768
mle01,pre,20181112,5,71,2,1,1,0.31648316920107,0.31648316920107,0.623236736600766,0.623236736600766
mle01,pre,20181112,5,72,2,1,1,0.252585934607456,0.252585934607456,0.249752580504394,0.249752580504394
mle01,pre,20181112,5,73,1,1,1,0.265640202408962,0.265640202408962,0.538771491173097,0.538771491173097
mle01,pre,20181112,5,74,1,1,1,0.232635443271604,0.232635443271604,0.332301442692339,0.332301442692339
mle01,pre,20181112,5,75,2,1,1,0.58799418626073,0.58799418626073,0.379100056775164,0.379100056775164
mle01,pre,20181112,5,76,1,1,1,1.32913474391433,1.32913474391433,0.816738433945101,0.816738433945101
mle01,pre,20181112,5,77,1,1,1,0.276623432057854,0.276623432057854,0.295874752610706,0.295874752610706
mle01,pre,20181112,5,78,2,1,1,0.0854907863628256,0.0854907863628256,0.317553939050734,0.317553939050734
mle01,pre,20181112,5,79,2,1,1,0.380421851267414,0.380421851267414,0.392544608103293,0.392544608103293
mle01,pre,20181112,5,80,1,1,1,0.314789403127018,0.314789403127018,0.539401232745567,0.539401232745567
mle01,pre,20181112,5,81,1,1,1,0.753761618608597,0.671479789772201,0.464791984421114,0.441395865290976
mle01,pre,20181112,5,82,1,1,1,0.582064479322823,0.582064479322823,0.706184919836255,0.706184919836255
mle01,pre,20181112,5,83,2,1,1,0.672666875250683,0.672666875250683,0.561012740724275,0.561012740724275
mle01,pre,20181112,5,84,1,1,1,0.682213114606908,0.682213114606908,0.324194030465596,0.324194030465596
mle01,pre,20181112,5,85,1,1,1,0.555101325993244,0.555101325993244,0.310927779453818,0.310927779453818
mle01,pre,20181112,5,86,1,1,1,0.850440152922605,0.850440152922605,0.535911099250885,0.535911099250885
mle01,pre,20181112,5,87,1,1,1,0.327843263419678,0.327843263419678,0.251370398807827,0.251370398807827
mle01,pre,20181112,5,88,2,1,1,0.525420155542051,0.525420155542051,0.285680451417507,0.285680451417507
mle01,pre,20181112,5,89,1,1,1,0.703369553979685,0.703369553979685,0.677404755999648,0.677404755999648
mle01,pre,20181112,5,90,1,1,1,0.504481145024809,0.504481145024809,0.304107429919748,0.304107429919748
mle01,pre,20181112,5,91,2,1,1,0.427599002062193,0.427599002062193,0.546494464749962,0.546494464749962
mle01,pre,20181112,5,92,1,1,1,0.290316928988615,0.290316928988615,0.426756703720322,0.426756703720322
mle01,pre,20181112,5,93,1,1,1,0.948133014999105,0.841570262910238,0.995034339071678,0.935837177046454
mle01,pre,20181112,5,94,1,1,1,0.195308496104084,0.195308496104084,0.287297321006787,0.287297321006787
mle01,pre,20181112,5,95,2,1,1,0.76330894258315,0.76330894258315,0.355601388422892,0.355601388422892
mle01,pre,20181112,5,96,2,1,1,0.472589261317001,0.472589261317001,0.910372379852769,0.910372379852769
mle01,pre,20181112,5,97,2,1,1,0.65712844769392,0.65712844769392,0.86725726884879,0.86725726884879
mle01,pre,20181112,5,98,1,1,1,0.701452912928609,0.701452912928609,0.662003080290362,0.662003080290362
mle01,pre,20181112,5,99,1,1,1,0.310162056640002,0.310162056640002,0.461318687191613,0.461318687191613
mle01,pre,20181112,5,100,NaN,0,0,NaN,NaN,NaN,NaN
mle01,post,20181112,1,1,1,1,1,0.323035395410196,0.323035395410196,0.163884678462156,0.163884678462156
mle01,post,20181112,1,2,1,1,1,0.364434016628885,0.364434016628885,0.291928126109994,0.291928126109994
mle01,post,20181112,1,3,1,1,1,1.34714954534288,1.34714954534288,0.946681456889791,0.946681456889791
mle01,post,20181112,1,4,1,1,1,0.371892472903891,0.371892472903891,0.402573631412872,0.402573631412872
mle01,post,20181112,1,5,2,1,1,0.133934113469681,0.133934113469681,0.353773706022635,0.353773706022635
mle01,post,20181112,1,6,1,1,1,0.339074164073535,0.5853331040067,0.255379753844167,0.323330437036357
mle01,post,20181112,1,7,2,1,1,0.0766491826197377,0.0766491826197377,0.280605886859537,0.280605886859537
mle01,post,20181112,1,8,1,1,1,0.291028505762135,0.537421675828067,0.344358558937945,0.254032278078568
mle01,post,20181112,1,9,2,1,1,0.438515198491178,0.438515198491178,0.315446717054986,0.315446717054986
mle01,post,20181112,1,10,1,1,1,0.35148631352522,0.35148631352522,0.434987172889477,0.434987172889477
mle01,post,20181112,1,11,2,1,1,0.506777009951174,0.506777009951174,0.499462536276227,0.499462536276227
mle01,post,20181112,1,12,1,1,1,0.300613795250601,0.300613795250601,0.39582271744793,0.39582271744793
mle01,post,20181112,1,13,1,1,1,0.09814856334463,0.09814856334463,0.249250160062379,0.249250160062379
mle01,post,20181112,1,14,2,1,1,0.397832091731118,0.397832091731118,0.383044126593409,0.383044126593409
mle01,post,20181112,1,15,2,1,1,0.599714378658218,0.599714378658218,0.538333345395838,0.538333345395838
mle01,post,20181112,1,16,1,1,1,0.305982347437716,0.305982347437716,0.299030974031812,0.299030974031812
mle01,post,20181112,1,17,2,1,1,0.440469434253973,0.440469434253973,0.353645594403865,0.353645594403865
mle01,post,20181112,1,18,1,1,1,0.547230972925328,0.341739872554769,0.318395450224022,0.263078082883849
mle01,post,20181112,1,19,1,1,1,0.154146181651877,0.154146181651877,0.432660970914772,0.432660970914772
mle01,post,20181112,1,20,1,1,1,0.398469862107662,0.398469862107662,0.373103786439997,0.373103786439997
mle01,post,20181112,1,21,1,0,0,NaN,NaN,NaN,NaN
mle01,post,20181112,1,22,1,1,1,0.321824987469464,0.321824987469464,0.197346047578549,0.197346047578549
mle01,post,20181112,1,23,2,1,1,1.3495061986209,1.3495061986209,0.912756213183916,0.912756213183916
mle01,post,20181112,1,24,2,1,1,0.376346220881284,0.376346220881284,0.419936107445371,0.419936107445371
mle01,post,20181112,1,25,1,1,1,0.440525758678663,0.206140149248596,0.475488977664959,0.150847729372603
mle01,post,20181112,1,26,1,1,1,0.126436317246589,0.126436317246589,0.160103155513059,0.160103155513059
mle01,post,20181112,1,27,1,1,1,0.449818631176042,0.449818631176042,0.467738528992512,0.467738528992512
mle01,post,20181112,1,28,1,1,1,1.12715409856214,1.12715409856214,0.737917150706777,0.737917150706777
mle01,post,20181112,1,29,1,1,1,0.150828773490704,0.150828773490704,0.257931318474432,0.257931318474432
mle01,post,20181112,1,30,2,1,1,0.155089690761574,0.155089690761574,0.419732639128428,0.419732639128428
mle01,post,20181112,1,31,1,1,1,0.406297010233563,0.406297010233563,0.345701686013281,0.345701686013281
mle01,post,20181112,1,32,1,1,1,0.296439832418531,0.296439832418531,0.401501895967884,0.401501895967884
mle01,post,20181112,1,33,2,1,1,0.218624234161072,0.218624234161072,0.272906211785407,0.272906211785407
mle01,post,20181112,1,34,1,1,1,0.814625560314711,0.814625560314711,0.345290798548017,0.345290798548017
mle01,post,20181112,1,35,1,1,1,0.73858470269599,0.73858470269599,0.487652920969151,0.487652920969151
mle01,post,20181112,1,36,1,1,1,0.283152860129398,0.283152860129398,0.290462850271338,0.290462850271338
mle01,post,20181112,1,37,2,1,1,0.470503893484423,0.470503893484423,0.3987250133254,0.3987250133254
mle01,post,20181112,1,38,1,1,1,0.512385627566269,0.512385627566269,0.237830720337688,0.237830720337688
mle01,post,20181112,1,39,2,1,1,0.404182154305901,0.521412090924125,0.48034821786642,0.57693190793844
mle01,post,20181112,1,40,1,1,1,0.560698149648799,0.560698149648799,0.238403435795984,0.238403435795984
mle01,post,20181112,1,41,1,1,1,0.241236521570039,0.241236521570039,0.582498773148454,0.582498773148454
mle01,post,20181112,1,42,1,1,1,0.437504140721364,0.334413831517356,0.482242623246558,0.425081754618363
mle01,post,20181112,1,43,2,1,1,0.35021584710839,0.35021584710839,0.213595120331188,0.213595120331188
mle01,post,20181112,1,44,1,1,1,0.440753734773467,0.440753734773467,0.35988147475615,0.35988147475615
mle01,post,20181112,1,45,1,1,1,0.373792029127102,0.373792029127102,0.328390876666331,0.328390876666331
mle01,post,20181112,1,46,1,1,1,0.257293801780961,0.257293801780961,0.350007611345882,0.350007611345882
mle01,post,20181112,1,47,2,1,1,0.331236462285748,0.331236462285748,0.321922759508697,0.321922759508697
mle01,post,20181112,1,48,1,1,1,0.556529117738582,0.556529117738582,0.260163161764576,0.260163161764576
mle01,post,20181112,1,49,1,1,1,0.785946737543359,0.785946737543359,0.573848426127479,0.573848426127479
mle01,post,20181112,1,50,2,1,1,0.182774002662067,0.182774002662067,0.233621800221068,0.233621800221068
mle01,post,20181112,1,51,1,1,1,0.313164234019843,0.369406633373144,0.306981624720064,0.311667666478992
mle01,post,20181112,1,52,2,1,1,1.13984759751081,0.880296218021213,0.589705247159507,0.409409890568578
mle01,post,20181112,1,53,1,1,1,0.114968609928431,0.114968609928431,0.318187038481256,0.318187038481256
mle01,post,20181112,1,54,2,1,1,0.66493970831544,0.793197197210972,0.563127600831265,0.395628979537121
mle01,post,20181112,1,55,1,1,1,0.715902057729247,0.715902057729247,0.312807345963462,0.312807345963462
mle01,post,20181112,1,56,2,1,1,0.188860794290168,0.188860794290168,0.302950235487146,0.302950235487146
mle01,post,20181112,1,57,1,1,1,0.411029046330986,0.411029046330986,0.207425997392375,0.207425997392375
mle01,post,20181112,1,58,1,1,1,0.565401401703205,0.565401401703205,0.509370982428054,0.509370982428054
mle01,post,20181112,1,59,1,1,1,0.903542752659124,0.903542752659124,0.575448410126477,0.575448410126477
mle01,post,20181112,1,60,1,1,1,0.217789955425264,0.217789955425264,0.22771520632724,0.22771520632724
mle01,post,20181112,1,61,2,1,1,0.252299473199887,0.252299473199887,0.265754089340407,0.265754089340407
mle01,post,20181112,1,62,2,1,1,0.46338890685765,0.388403537524059,0.615647021771892,0.413513493439145
mle01,post,20181112,1,63,2,1,1,0.215466388052322,0.204680023322846,0.491726928924533,0.509181620649115
mle01,post,20181112,1,64,2,1,1,0.190792952600505,0.190792952600505,0.393909294012688,0.393909294012688
mle01,post,20181112,1,65,2,1,1,0.301924025244564,0.301924025244564,0.250823917187591,0.250823917187591
mle01,post,20181112,1,66,1,1,1,0.284818609372914,0.284818609372914,0.313048394785286,0.313048394785286
mle01,post,20181112,1,67,1,1,1,0.220427223249807,0.220427223249807,0.332142675413895,0.332142675413895
mle01,post,20181112,1,68,1,1,1,0.530673473522351,0.530673473522351,0.266698976436434,0.266698976436434
mle01,post,20181112,1,69,1,1,1,0.794548075492676,0.794548075492676,0.440926427963518,0.440926427963518
mle01,post,20181112,1,70,1,1,1,0.20270417969421,0.210110812281702,0.394671014348916,0.382529178542769
mle01,post,20181112,1,71,2,1,1,0.616530967897924,0.616530967897924,0.421018910097753,0.421018910097753
mle01,post,20181112,1,72,2,1,1,0.332044531343898,0.332044531343898,0.403546768071599,0.403546768071599
mle01,post,20181112,1,73,1,1,1,0.831253918302671,0.831253918302671,0.363863679415294,0.363863679415294
mle01,post,20181112,1,74,1,1,1,0.751757517570949,0.751757517570949,0.551033085915722,0.551033085915722
mle01,post,20181112,1,75,2,1,1,0.177426211924422,0.177426211924422,0.222174447403615,0.222174447403615
mle01,post,20181112,1,76,1,1,1,0.298276881396244,0.298276881396244,0.343727787853439,0.343727787853439
mle01,post,20181112,1,77,2,1,1,0.162313261468657,0.162313261468657,0.227622412129421,0.227622412129421
mle01,post,20181112,1,78,1,1,1,0.233110005368329,0.233110005368329,0.228118705787266,0.228118705787266
mle01,post,20181112,1,79,1,1,1,0.755426349235004,0.755426349235004,0.37453154039243,0.37453154039243
mle01,post,20181112,1,80,1,1,1,0.160160623129948,0.160160623129948,0.129242280766463,0.129242280766463
mle01,post,20181112,1,81,1,1,1,0.412246338801477,0.412246338801477,0.281138574554388,0.281138574554388
mle01,post,20181112,1,82,2,1,1,0.272445805324061,0.272445805324061,0.252558167323517,0.252558167323517
mle01,post,20181112,1,83,1,1,1,0.455863183494719,0.455863183494719,0.245268458290309,0.245268458290309
mle01,post,20181112,1,84,1,1,1,0.206060796876007,0.206060796876007,0.257482410609949,0.257482410609949
mle01,post,20181112,1,85,2,1,1,0.174465105847914,0.174465105847914,0.234439891583105,0.234439891583105
mle01,post,20181112,1,86,2,1,1,0.251605879004852,0.251605879004852,0.209631871169685,0.209631871169685
mle01,post,20181112,1,87,1,1,1,0.136470128791688,0.136470128791688,0.230848698585309,0.230848698585309
mle01,post,20181112,1,88,1,1,1,0.791832655258386,0.791832655258386,0.441609614207268,0.441609614207268
mle01,post,20181112,1,89,2,1,1,0.765602120795689,0.759803161037714,0.423538942799714,0.433736131315964
mle01,post,20181112,1,90,1,1,1,0.621225633199426,0.621225633199426,0.233708212180085,0.233708212180085
mle01,post,20181112,1,91,1,1,1,0.560960375441622,0.0792105385556541,0.530858089491383,0.166037600887229
mle01,post,20181112,1,92,2,1,1,0.601949822770703,0.151328919817833,0.394343572669776,0.292123288814382
mle01,post,20181112,1,93,1,1,1,1.19621141880647,1.19621141880647,0.486129050191628,0.486129050191628
mle01,post,20181112,1,94,1,1,1,0.276465098405431,0.276465098405431,0.585725192683728,0.585725192683728
mle01,post,20181112,1,95,2,1,1,0.556597740519657,0.556597740519657,0.389194546846082,0.389194546846082
mle01,post,20181112,1,96,1,1,1,0.63547977398787,0.63547977398787,0.427117069976306,0.427117069976306
mle01,post,20181112,1,97,1,1,1,0.518409897967809,0.518409897967809,0.303380209148938,0.303380209148938
mle01,post,20181112,1,98,1,1,1,0.32743984769234,0.32743984769234,0.323337722522965,0.323337722522965
mle01,post,20181112,1,99,1,1,1,0.316049577890816,0.316049577890816,0.278441102447006,0.278441102447006
mle01,post,20181112,1,100,NaN,0,0,NaN,NaN,NaN,NaN
mle01,post,20181112,2,1,1,1,1,0.129133165396512,0.129133165396512,0.284089748944483,0.284089748944483
mle01,post,20181112,2,2,1,1,1,0.407564573132783,0.337047472142975,0.27319843780376,0.2206755411594
mle01,post,20181112,2,3,1,1,1,1.34461470917195,1.34461470917195,0.525532885406352,0.525532885406352
mle01,post,20181112,2,4,2,1,1,0.257978546265386,0.257978546265386,0.433938096589996,0.433938096589996
mle01,post,20181112,2,5,2,1,1,0.51818802147627,0.51818802147627,0.452320814047269,0.452320814047269
mle01,post,20181112,2,6,1,1,1,0.707605465727013,0.707605465727013,0.762951543656591,0.762951543656591
mle01,post,20181112,2,7,2,1,1,0.313135461850431,0.313135461850431,0.242884415986537,0.242884415986537
mle01,post,20181112,2,8,1,1,1,0.312901864654787,0.312901864654787,0.511079938659642,0.511079938659642
mle01,post,20181112,2,9,2,1,1,0.628088600381334,0.628088600381334,0.32105818294566,0.32105818294566
mle01,post,20181112,2,10,2,1,1,0.352014017560634,0.352014017560634,0.377547607783342,0.377547607783342
mle01,post,20181112,2,11,2,1,1,0.426922814339894,0.426922814339894,0.376066224929251,0.376066224929251
mle01,post,20181112,2,12,2,1,1,1.99474729817179,1.99474729817179,1.16867724521673,1.16867724521673
mle01,post,20181112,2,13,1,1,1,0.38836735823558,0.38836735823558,0.338625684825613,0.338625684825613
mle01,post,20181112,2,14,1,1,1,0.882992198037362,0.497467716521937,0.757700068059429,0.618155938201394
mle01,post,20181112,2,15,1,1,1,0.477778024071404,0.477778024071404,0.547721675469993,0.547721675469993
mle01,post,20181112,2,16,1,1,1,0.834438131981299,0.834438131981299,0.623961083849053,0.623961083849053
mle01,post,20181112,2,17,1,1,1,0.772783291027112,0.772783291027112,0.39971175116186,0.39971175116186
mle01,post,20181112,2,18,1,1,1,0.317556466449184,0.317556466449184,0.315749747751574,0.315749747751574
mle01,post,20181112,2,19,2,1,1,0.168091198430756,0.168091198430756,0.330203457410999,0.330203457410999
mle01,post,20181112,2,20,1,1,1,0.118871992606358,0.118871992606358,0.443371718299794,0.443371718299794
mle01,post,20181112,2,21,1,1,1,0.568958238206915,0.568958238206915,0.330529192018908,0.330529192018908
mle01,post,20181112,2,22,2,1,1,0.210986592371322,0.210986592371322,0.298448929880083,0.298448929880083
mle01,post,20181112,2,23,2,1,1,0.427125716719907,0.427125716719907,0.50154951430157,0.50154951430157
mle01,post,20181112,2,24,2,1,1,0.351417544030376,0.351417544030376,0.533657017490323,0.533657017490323
mle01,post,20181112,2,25,1,1,1,0.28028480962681,0.218956610722489,0.339834345257542,0.281645468673844
mle01,post,20181112,2,26,2,1,1,0.559424570941955,0.559424570941955,0.427922992240587,0.427922992240587
mle01,post,20181112,2,27,2,1,1,0.619095224651646,0.619095224651646,0.422186835736098,0.422186835736098
mle01,post,20181112,2,28,1,1,1,0.182494124057915,0.182494124057915,0.358998396623276,0.358998396623276
mle01,post,20181112,2,29,1,1,1,0.0503605051670427,0.0503605051670427,0.100031838945705,0.100031838945705
mle01,post,20181112,2,30,1,1,1,0.957040932681761,0.957040932681761,0.754417107422944,0.754417107422944
mle01,post,20181112,2,31,1,1,1,0.817258592530287,0.817258592530287,0.436810486349635,0.436810486349635
mle01,post,20181112,2,32,1,1,1,0.432217063548489,0.432217063548489,0.372057698898935,0.372057698898935
mle01,post,20181112,2,33,1,1,1,0.790882436005343,0.790882436005343,0.513330534459032,0.513330534459032
mle01,post,20181112,2,34,2,1,1,1.08684453045894,1.08684453045894,0.712441568798073,0.712441568798073
mle01,post,20181112,2,35,2,1,1,0.6775703258446,0.501531501147758,0.620608619037104,0.353556082954859
mle01,post,20181112,2,36,2,1,1,0.291918157730486,0.291918157730486,0.203289652235142,0.203289652235142
mle01,post,20181112,2,37,1,1,1,1.19467618284278,1.19467618284278,0.52196863302516,0.52196863302516
mle01,post,20181112,2,38,1,1,1,0.215759126716898,0.215759126716898,0.50099283514806,0.50099283514806
mle01,post,20181112,2,39,1,1,1,0.684563754063936,0.342938735803314,0.658183426002095,0.372077138585392
mle01,post,20181112,2,40,2,1,1,0.669323348780187,0.669323348780187,0.428113199317026,0.428113199317026
mle01,post,20181112,2,41,1,1,1,1.52667917906257,1.52667917906257,0.85724274488643,0.85724274488643
mle01,post,20181112,2,42,1,1,1,0.474751813661538,0.474751813661538,0.407537863017279,0.407537863017279
mle01,post,20181112,2,43,2,1,1,0.247323285499812,0.247323285499812,0.347433293293882,0.347433293293882
mle01,post,20181112,2,44,2,1,1,0.664425684396175,0.664425684396175,0.440599018037144,0.440599018037144
mle01,post,20181112,2,45,1,1,1,0.683000084462131,0.683000084462131,0.524379086338326,0.524379086338326
mle01,post,20181112,2,46,2,1,1,1.03663827446406,1.03663827446406,0.3896068970066,0.3896068970066
mle01,post,20181112,2,47,1,1,1,0.521228045931418,0.521228045931418,0.394501824560558,0.394501824560558
mle01,post,20181112,2,48,2,1,1,0.344222526699225,0.344222526699225,0.426647867000649,0.426647867000649
mle01,post,20181112,2,49,1,1,1,0.240546583162937,0.240546583162937,0.199712643851709,0.199712643851709
mle01,post,20181112,2,50,2,1,1,1.18696450776249,0.622594341211712,0.693773961898451,0.460574597465081
mle01,post,20181112,2,51,1,1,1,0.617019839244517,0.617019839244517,0.450304320777678,0.450304320777678
mle01,post,20181112,2,52,1,1,1,0.417923075761233,0.417923075761233,0.393461540626677,0.393461540626677
mle01,post,20181112,2,53,2,1,1,0.634228886951686,0.634228886951686,0.502826180696621,0.502826180696621
mle01,post,20181112,2,54,1,1,1,0.145303540850194,0.145303540850194,0.546992850847425,0.546992850847425
mle01,post,20181112,2,55,1,1,1,0.279876586581954,0.279876586581954,0.34086592743276,0.34086592743276
mle01,post,20181112,2,56,2,1,1,0.13756790673045,0.13756790673045,0.368352918328393,0.368352918328393
mle01,post,20181112,2,57,1,1,1,0.350081225100549,0.129717104986415,1.19442650564292,1.16049493619769
mle01,post,20181112,2,58,2,1,1,0.731604136674285,0.731604136674285,0.896523879081322,0.896523879081322
mle01,post,20181112,2,59,2,1,1,0.588158059933104,0.588158059933104,0.45072263171731,0.45072263171731
mle01,post,20181112,2,60,1,1,1,0.43121166771495,0.43121166771495,0.28109123068213,0.28109123068213
mle01,post,20181112,2,61,2,1,1,0.557447354365219,0.413780354106935,0.364828801033009,0.372069646278758
mle01,post,20181112,2,62,1,1,1,0.363490661658566,0.363490661658566,0.555361283878909,0.555361283878909
mle01,post,20181112,2,63,1,1,1,0.213374050041638,0.213374050041638,0.314938463581944,0.314938463581944
mle01,post,20181112,2,64,1,1,1,0.346854901173726,0.346854901173726,0.257112954946033,0.257112954946033
mle01,post,20181112,2,65,1,1,1,0.421262612381915,0.421262612381915,0.427011989852969,0.427011989852969
mle01,post,20181112,2,66,2,1,1,0.592094666991793,0.592094666991793,0.395995880870693,0.395995880870693
mle01,post,20181112,2,67,1,1,1,1.05487931481468,1.05487931481468,0.612525302863107,0.612525302863107
mle01,post,20181112,2,68,2,1,1,0.470699368231271,0.361978187115346,0.339204429121861,0.326804246861708
mle01,post,20181112,2,69,1,1,1,0.0859061245298687,0.0859061245298687,0.386260557350801,0.386260557350801
mle01,post,20181112,2,70,1,1,1,0.129436676355646,0.129436676355646,0.336893701566001,0.336893701566001
mle01,post,20181112,2,71,1,1,1,0.588374538957974,0.540875085262186,0.394335136888871,0.392518670700881
mle01,post,20181112,2,72,2,1,1,0.154872587987986,0.154872587987986,0.114859566923709,0.114859566923709
mle01,post,20181112,2,73,1,1,1,0.228406952750575,0.228406952750575,0.550156409361082,0.550156409361082
mle01,post,20181112,2,74,1,1,1,1.40354481781196,1.24228891510593,0.897072439755558,0.58811231740248
mle01,post,20181112,2,75,2,1,1,0.121037890096754,0.121037890096754,0.363329698871922,0.363329698871922
mle01,post,20181112,2,76,1,1,1,0.120534717360815,0.120534717360815,0.478094188565333,0.478094188565333
mle01,post,20181112,2,77,1,1,1,0.309700763476051,0.309700763476051,0.33532122235969,0.33532122235969
mle01,post,20181112,2,78,2,1,1,0.362299701812038,0.506610852214668,0.35584354011484,0.362223289323219
mle01,post,20181112,2,79,1,1,1,0.393883951426456,0.393883951426456,0.410376127182999,0.410376127182999
mle01,post,20181112,2,80,1,1,1,0.541107178256661,0.142484723308595,0.581895439136006,0.270032212150902
mle01,post,20181112,2,81,1,1,1,1.53006674154758,0.809214788975579,0.86114239597699,0.479493220191512
mle01,post,20181112,2,82,2,1,1,1.29812092753163,0.896507377809971,0.731129298845405,0.615197526657447
mle01,post,20181112,2,83,1,1,1,0.243807195861681,0.243807195861681,0.369578993983699,0.369578993983699
mle01,post,20181112,2,84,1,1,1,0.622445986182706,0.622445986182706,0.576637790890959,0.576637790890959
mle01,post,20181112,2,85,1,1,1,0.660175673430453,0.660175673430453,0.7876594331952,0.7876594331952
mle01,post,20181112,2,86,1,1,1,0.285899092307508,0.285899092307508,0.39485436143006,0.39485436143006
mle01,post,20181112,2,87,1,1,1,0.93140460175501,0.93140460175501,0.495357550324366,0.495357550324366
mle01,post,20181112,2,88,1,1,1,0.755180964973174,0.755180964973174,0.549417751417711,0.549417751417711
mle01,post,20181112,2,89,1,1,1,0.459541218129681,0.459541218129681,0.612856881468339,0.612856881468339
mle01,post,20181112,2,90,1,1,1,0.499917007997592,0.499917007997592,0.499431331728837,0.499431331728837
mle01,post,20181112,2,91,1,1,1,0.428268468944687,0.428268468944687,0.292489261584139,0.292489261584139
mle01,post,20181112,2,92,1,1,1,0.554570068337954,0.554570068337954,0.268492595889662,0.268492595889662
mle01,post,20181112,2,93,1,1,1,0.263089599990069,0.263089599990069,0.423681535655973,0.423681535655973
mle01,post,20181112,2,94,2,0,0,NaN,NaN,NaN,NaN
mle01,post,20181112,2,95,1,0,0,NaN,NaN,NaN,NaN
mle01,post,20181112,2,96,1,1,1,0.379774356211987,0.379774356211987,0.466458328142761,0.466458328142761
mle01,post,20181112,2,97,1,1,1,0.984636096828305,0.984636096828305,0.44957936341657,0.44957936341657
mle01,post,20181112,2,98,1,1,1,0.564679583211684,0.564679583211684,0.439093901135849,0.439093901135849
mle01,post,20181112,2,99,1,1,1,0.840233223089585,0.840233223089585,0.428206611916552,0.428206611916552
mle01,post,20181112,2,100,NaN,0,0,NaN,NaN,NaN,NaN
mle01,post,20181112,3,1,1,1,1,0.148118181701534,0.148118181701534,0.28198027602693,0.28198027602693
mle01,post,20181112,3,2,1,1,1,0.527712959495235,0.527712959495235,0.310949042070757,0.310949042070757
mle01,post,20181112,3,3,1,1,1,0.245726313440064,0.145016993490502,0.709446402182783,0.235742314271947
mle01,post,20181112,3,4,1,0,0,NaN,NaN,NaN,NaN
mle01,post,20181112,3,5,1,0,0,NaN,NaN,NaN,NaN
mle01,post,20181112,3,6,1,0,0,NaN,NaN,NaN,NaN
mle01,post,20181112,3,7,2,0,0,NaN,NaN,NaN,NaN
mle01,post,20181112,3,8,2,0,0,NaN,NaN,NaN,NaN
mle01,post,20181112,3,9,1,1,1,0.0772317457759781,0.0772317457759781,0.210983837634555,0.210983837634555
mle01,post,20181112,3,10,2,1,1,0.0635413343487459,0.0674036694528475,0.187723695322511,0.326222373102174
mle01,post,20181112,3,11,2,0,0,NaN,NaN,NaN,NaN
mle01,post,20181112,3,12,1,0,0,NaN,NaN,NaN,NaN
mle01,post,20181112,3,13,1,0,0,NaN,NaN,NaN,NaN
mle01,post,20181112,3,14,1,1,1,0.0297637107413768,0.0297637107413768,0.174536317130784,0.174536317130784
mle01,post,20181112,3,15,1,1,1,0.31921370745301,0.31921370745301,0.219230345831514,0.219230345831514
mle01,post,20181112,3,16,1,1,1,1.61742597988499,1.61742597988499,0.823639138617976,0.823639138617976
mle01,post,20181112,3,17,1,1,1,0.739329843257714,0.739329843257714,0.362873793250035,0.362873793250035
mle01,post,20181112,3,18,2,1,1,0.220955324620384,0.220955324620384,0.201713706629665,0.201713706629665
mle01,post,20181112,3,19,1,1,1,0.333946965384442,0.333946965384442,0.331430445995543,0.331430445995543
mle01,post,20181112,3,20,1,1,1,0.561643211822755,0.561643211822755,0.417554195898478,0.417554195898478
mle01,post,20181112,3,21,2,0,0,NaN,NaN,NaN,NaN
mle01,post,20181112,3,22,2,0,0,NaN,NaN,NaN,NaN
mle01,post,20181112,3,23,1,1,1,0.147155968833834,0.147155968833834,0.26826310762822,0.26826310762822
mle01,post,20181112,3,24,1,1,1,0.178081131951906,0.178081131951906,0.329375083695941,0.329375083695941
mle01,post,20181112,3,25,2,0,0,NaN,NaN,NaN,NaN
mle01,post,20181112,3,26,1,0,0,NaN,NaN,NaN,NaN
mle01,post,20181112,3,27,2,1,1,0.350133440192742,0.350133440192742,0.617579442731958,0.617579442731958
mle01,post,20181112,3,28,1,1,1,0.706735476480289,0.706735476480289,0.478565287795784,0.478565287795784
mle01,post,20181112,3,29,1,1,1,0.243497689359309,0.243497689359309,0.236167912374956,0.236167912374956
mle01,post,20181112,3,30,1,1,1,0.458541079320982,0.458541079320982,0.76222217112155,0.76222217112155
mle01,post,20181112,3,31,2,0,0,NaN,NaN,NaN,NaN
mle01,post,20181112,3,32,1,1,1,0.166338343866624,0.166338343866624,0.485335311333602,0.485335311333602
mle01,post,20181112,3,33,2,0,0,NaN,NaN,NaN,NaN
mle01,post,20181112,3,34,1,0,0,NaN,NaN,NaN,NaN
mle01,post,20181112,3,35,2,1,1,0.35138288596895,0.35138288596895,0.327811656481678,0.327811656481678
mle01,post,20181112,3,36,1,1,1,0.388504872634407,0.388504872634407,0.325859602124143,0.325859602124143
mle01,post,20181112,3,37,1,1,1,0.316365706468965,0.316365706468965,0.43636312187143,0.43636312187143
mle01,post,20181112,3,38,1,1,1,0.393439443719965,0.393439443719965,0.656806887517881,0.656806887517881
mle01,post,20181112,3,39,1,1,1,0.504268083856844,0.660185225357258,0.554859606574254,0.488084565036247
mle01,post,20181112,3,40,1,1,1,0.380450357088876,0.380450357088876,0.638183414926313,0.638183414926313
mle01,post,20181112,3,41,1,1,1,0.110932957965164,0.110932957965164,0.199974931976555,0.199974931976555
mle01,post,20181112,3,42,1,1,1,0.688279207061233,0.688279207061233,0.442311866399024,0.442311866399024
mle01,post,20181112,3,43,1,1,1,0.70838023169758,0.70838023169758,0.530618014351627,0.530618014351627
mle01,post,20181112,3,44,1,1,1,0.176126175246902,0.176126175246902,0.310957880945252,0.310957880945252
mle01,post,20181112,3,45,1,1,1,0.158763487431953,0.158763487431953,0.289401300632439,0.289401300632439
mle01,post,20181112,3,46,1,1,1,0.19851228747473,0.19851228747473,0.504534856228087,0.504534856228087
mle01,post,20181112,3,47,1,1,1,0.252812598349395,0.252812598349395,0.380599562745194,0.380599562745194
mle01,post,20181112,3,48,2,1,1,0.218660634164699,0.29421890503688,0.431246139023537,0.469529751307242
mle01,post,20181112,3,49,1,1,1,0.225881442737404,0.210259931655942,0.473673046313517,0.449539191292345
mle01,post,20181112,3,50,1,1,1,0.600603410016901,0.600603410016901,0.624174048910684,0.624174048910684
mle01,post,20181112,3,51,1,1,1,0.44789100245026,0.44789100245026,0.44343887393836,0.44343887393836
mle01,post,20181112,3,52,2,1,1,0.204477071873129,0.204477071873129,0.166474600224653,0.166474600224653
mle01,post,20181112,3,53,2,1,1,0.54847926792977,0.551786528648326,0.371904015608681,0.403760215474767
mle01,post,20181112,3,54,2,1,1,0.738746719831992,0.738746719831992,0.558286953183635,0.558286953183635
mle01,post,20181112,3,55,1,0,0,NaN,NaN,NaN,NaN
mle01,post,20181112,3,56,2,0,0,NaN,NaN,NaN,NaN
mle01,post,20181112,3,57,1,1,1,0.336869079837637,0.336869079837637,0.365118847373296,0.365118847373296
mle01,post,20181112,3,58,1,0,0,NaN,NaN,NaN,NaN
mle01,post,20181112,3,59,1,0,0,NaN,NaN,NaN,NaN
mle01,post,20181112,3,60,2,0,0,NaN,NaN,NaN,NaN
mle01,post,20181112,3,61,1,0,0,NaN,NaN,NaN,NaN
mle01,post,20181112,3,62,1,0,0,NaN,NaN,NaN,NaN
mle01,post,20181112,3,63,2,0,0,NaN,NaN,NaN,NaN
mle01,post,20181112,3,64,1,0,0,NaN,NaN,NaN,NaN
mle01,post,20181112,3,65,2,0,0,NaN,NaN,NaN,NaN
mle01,post,20181112,3,66,1,1,1,0.301571834779821,0.301571834779821,0.199881847573922,0.199881847573922
mle01,post,20181112,3,67,2,1,1,0.129977565024218,0.129977565024218,0.390959843439397,0.390959843439397
mle01,post,20181112,3,68,2,0,0,NaN,NaN,NaN,NaN
mle01,post,20181112,3,69,2,0,0,NaN,NaN,NaN,NaN
mle01,post,20181112,3,70,1,0,0,NaN,NaN,NaN,NaN
mle01,post,20181112,3,71,1,1,1,0.113062795368478,0.113062795368478,0.301686328655213,0.301686328655213
mle01,post,20181112,3,72,1,0,0,NaN,NaN,NaN,NaN
mle01,post,20181112,3,73,1,0,0,NaN,NaN,NaN,NaN
mle01,post,20181112,3,74,1,1,1,0.438252250641955,0.438252250641955,0.495012496416437,0.495012496416437
mle01,post,20181112,3,75,1,0,0,NaN,NaN,NaN,NaN
mle01,post,20181112,3,76,1,0,0,NaN,NaN,NaN,NaN
mle01,post,20181112,3,77,2,0,0,NaN,NaN,NaN,NaN
mle01,post,20181112,3,78,1,0,0,NaN,NaN,NaN,NaN
mle01,post,20181112,3,79,2,1,1,0.431487768029607,0.431487768029607,0.308876945500926,0.308876945500926
mle01,post,20181112,3,80,2,1,1,0.406124994136887,0.406124994136887,0.45202999785917,0.45202999785917
mle01,post,20181112,3,81,2,1,1,0.171952839244854,0.171952839244854,0.576979443405207,0.576979443405207
mle01,post,20181112,3,82,1,1,1,0.24327647604423,0.24327647604423,0.287147355133547,0.287147355133547
mle01,post,20181112,3,83,2,1,1,0.215587998615198,0.215587998615198,0.230133410940394,0.230133410940394
mle01,post,20181112,3,84,1,1,1,0.227295206056118,0.227295206056118,0.235687549312126,0.235687549312126
mle01,post,20181112,3,85,2,1,1,0.328712470561167,0.328712470561167,0.22776187043643,0.22776187043643
mle01,post,20181112,3,86,1,1,1,0.681440985887142,0.681440985887142,0.551416129103438,0.551416129103438
mle01,post,20181112,3,87,2,1,1,0.869241809877536,0.531227022189196,0.558756744370515,0.398696197485375
mle01,post,20181112,3,88,1,1,1,0.133304542177863,0.133304542177863,0.479687093039908,0.479687093039908
mle01,post,20181112,3,89,2,1,1,0.321411244336069,0.321411244336069,0.515720640672366,0.515720640672366
mle01,post,20181112,3,90,1,1,1,0.100429352916468,0.100429352916468,0.775922722502425,0.775922722502425
mle01,post,20181112,3,91,1,1,1,0.0508791894654195,0.0508791894654195,0.446665847733359,0.446665847733359
mle01,post,20181112,3,92,1,1,1,0.483776879633671,0.483776879633671,0.238410980375882,0.238410980375882
mle01,post,20181112,3,93,2,1,1,0.741188992558678,0.150070697783557,0.52742343877721,0.304751236656183
mle01,post,20181112,3,94,2,1,1,0.326383859900931,0.326383859900931,0.480789868095546,0.480789868095546
mle01,post,20181112,3,95,1,1,1,0.563201260389288,0.563201260389288,0.654535206677779,0.654535206677779
mle01,post,20181112,3,96,1,1,1,0.173348116441817,0.173348116441817,0.496733437038984,0.496733437038984
mle01,post,20181112,3,97,1,1,1,0.435525344457456,0.435525344457456,0.432223945871126,0.432223945871126
mle01,post,20181112,3,98,2,1,1,0.247631455420504,0.247631455420504,0.267811398032145,0.267811398032145
mle01,post,20181112,3,99,1,1,1,1.12681268356925,1.12681268356925,0.792390159299171,0.792390159299171
mle01,post,20181112,3,100,NaN,0,0,NaN,NaN,NaN,NaN
mle01,post,20181112,4,1,1,1,1,0.317640042552368,0.317640042552368,0.382029920742948,0.382029920742948
mle01,post,20181112,4,2,2,1,1,0.803057241911553,0.822340727874341,0.816746887109535,0.693280814213779
mle01,post,20181112,4,3,2,1,1,0.975706337118599,0.975706337118599,0.53011045759594,0.53011045759594
mle01,post,20181112,4,4,2,1,1,0.0869794106302599,0.0869794106302599,0.366552246457156,0.366552246457156
mle01,post,20181112,4,5,1,1,1,0.323241767930897,0.127432615781351,0.344035323907995,0.166532553093535
mle01,post,20181112,4,6,2,0,0,NaN,NaN,NaN,NaN
mle01,post,20181112,4,7,1,0,0,NaN,NaN,NaN,NaN
mle01,post,20181112,4,8,2,0,0,NaN,NaN,NaN,NaN
mle01,post,20181112,4,9,1,1,1,0.578590927406398,0.578590927406398,0.330843118189943,0.330843118189943
mle01,post,20181112,4,10,2,1,1,0.388142896658437,0.388142896658437,0.533495986272068,0.533495986272068
mle01,post,20181112,4,11,1,1,1,0.228033049829017,0.228033049829017,0.283165542801133,0.283165542801133
mle01,post,20181112,4,12,1,1,1,0.294812014670472,0.321003710812646,0.306788189189918,0.28632078293325
mle01,post,20181112,4,13,2,0,0,NaN,NaN,NaN,NaN
mle01,post,20181112,4,14,2,1,1,0.417943102092779,0.417943102092779,0.399940862278234,0.399940862278234
mle01,post,20181112,4,15,1,0,0,NaN,NaN,NaN,NaN
mle01,post,20181112,4,16,1,0,0,NaN,NaN,NaN,NaN
mle01,post,20181112,4,17,2,1,1,0.64304027639098,0.64304027639098,0.373973835123029,0.373973835123029
mle01,post,20181112,4,18,1,1,1,0.345200554853238,0.345200554853238,0.397264533152467,0.397264533152467
mle01,post,20181112,4,19,2,0,0,NaN,NaN,NaN,NaN
mle01,post,20181112,4,20,1,1,1,0.163204886267662,0.163204886267662,0.338112227745205,0.338112227745205
mle01,post,20181112,4,21,1,0,0,NaN,NaN,NaN,NaN
mle01,post,20181112,4,22,NaN,0,0,NaN,NaN,NaN,NaN
mle01,post,20181112,4,23,1,0,0,NaN,NaN,NaN,NaN
mle01,post,20181112,4,24,2,0,0,NaN,NaN,NaN,NaN
mle01,post,20181112,4,25,1,1,1,0.374613004286122,0.374613004286122,0.386346079497366,0.386346079497366
mle01,post,20181112,4,26,1,1,1,1.39007117586274,1.39007117586274,0.426590448821573,0.426590448821573
mle01,post,20181112,4,27,2,1,1,0.445635394820329,0.445635394820329,0.317420192359516,0.317420192359516
mle01,post,20181112,4,28,1,1,1,0.659726072415189,0.322544583648488,0.391229888230969,0.420526683928273
mle01,post,20181112,4,29,1,0,0,NaN,NaN,NaN,NaN
mle01,post,20181112,4,30,1,0,0,NaN,NaN,NaN,NaN
mle01,post,20181112,4,31,1,1,1,0.422491124912736,0.422491124912736,0.462277323284248,0.462277323284248
mle01,post,20181112,4,32,1,1,1,0.592172598443291,0.592172598443291,0.538231964968254,0.538231964968254
mle01,post,20181112,4,33,2,0,0,NaN,NaN,NaN,NaN
mle01,post,20181112,4,34,1,1,1,0.270057442474544,0.270057442474544,0.316967135565709,0.316967135565709
mle01,post,20181112,4,35,2,1,1,0.375026199362022,0.375026199362022,0.372745401062806,0.372745401062806
mle01,post,20181112,4,36,2,1,1,0.263895996917485,0.263895996917485,0.184988188802636,0.184988188802636
mle01,post,20181112,4,37,2,1,1,0.213700528705528,0.213700528705528,0.144201229331329,0.144201229331329
mle01,post,20181112,4,38,1,0,0,NaN,NaN,NaN,NaN
mle01,post,20181112,4,39,2,0,0,NaN,NaN,NaN,NaN
mle01,post,20181112,4,40,1,1,1,1.1710761363135,1.26656480077738,0.885693798680922,0.928039255850281
mle01,post,20181112,4,41,1,1,1,0.291452045797444,0.291452045797444,0.324371278006287,0.324371278006287
mle01,post,20181112,4,42,1,1,1,0.616352701149785,0.616352701149785,0.496357091680112,0.496357091680112
mle01,post,20181112,4,43,1,0,0,NaN,NaN,NaN,NaN
mle01,post,20181112,4,44,1,0,0,NaN,NaN,NaN,NaN
mle01,post,20181112,4,45,1,1,1,0.444969274513303,0.444969274513303,0.598894174785557,0.598894174785557
mle01,post,20181112,4,46,2,0,0,NaN,NaN,NaN,NaN
mle01,post,20181112,4,47,1,0,0,NaN,NaN,NaN,NaN
mle01,post,20181112,4,48,1,0,0,NaN,NaN,NaN,NaN
mle01,post,20181112,4,49,1,0,0,NaN,NaN,NaN,NaN
mle01,post,20181112,4,50,1,0,0,NaN,NaN,NaN,NaN
mle01,post,20181112,4,51,1,0,0,NaN,NaN,NaN,NaN
mle01,post,20181112,4,52,1,0,0,NaN,NaN,NaN,NaN
mle01,post,20181112,4,53,2,0,0,NaN,NaN,NaN,NaN
mle01,post,20181112,4,54,1,0,0,NaN,NaN,NaN,NaN
mle01,post,20181112,4,55,2,1,1,0.419716613569897,0.419716613569897,0.249971537218214,0.249971537218214
mle01,post,20181112,4,56,2,1,1,0.424639436679,0.397667027990064,0.312292599963575,0.275352786434017
mle01,post,20181112,4,57,1,1,1,0.375638431873015,0.375638431873015,0.444041058118477,0.444041058118477
mle01,post,20181112,4,58,1,1,1,0.138045666229613,0.138045666229613,0.272134739156679,0.272134739156679
mle01,post,20181112,4,59,1,1,1,0.230421963426087,0.230421963426087,0.445417087639958,0.445417087639958
mle01,post,20181112,4,60,1,1,1,0.424776724406309,0.424776724406309,0.295944018039385,0.295944018039385
mle01,post,20181112,4,61,1,1,1,0.941925899931581,0.941925899931581,0.478104833274513,0.478104833274513
mle01,post,20181112,4,62,2,0,0,NaN,NaN,NaN,NaN
mle01,post,20181112,4,63,1,1,1,0.50837367793641,0.125733967118285,0.583476159269114,0.190436638373005
mle01,post,20181112,4,64,2,0,0,NaN,NaN,NaN,NaN
mle01,post,20181112,4,65,1,1,1,0.667773201506,0.667773201506,0.53248045355048,0.53248045355048
mle01,post,20181112,4,66,1,0,0,NaN,NaN,NaN,NaN
mle01,post,20181112,4,67,1,0,0,NaN,NaN,NaN,NaN
mle01,post,20181112,4,68,1,0,0,NaN,NaN,NaN,NaN
mle01,post,20181112,4,69,2,0,0,NaN,NaN,NaN,NaN
mle01,post,20181112,4,70,1,0,0,NaN,NaN,NaN,NaN
mle01,post,20181112,4,71,1,1,1,0.333037736467247,0.333037736467247,0.528456451206442,0.528456451206442
mle01,post,20181112,4,72,2,0,0,NaN,NaN,NaN,NaN
mle01,post,20181112,4,73,1,1,1,0.443590398111615,0.443590398111615,0.361209729473268,0.361209729473268
mle01,post,20181112,4,74,1,0,0,NaN,NaN,NaN,NaN
mle01,post,20181112,4,75,2,0,0,NaN,NaN,NaN,NaN
mle01,post,20181112,4,76,1,0,0,NaN,NaN,NaN,NaN
mle01,post,20181112,4,77,1,0,0,NaN,NaN,NaN,NaN
mle01,post,20181112,4,78,1,0,0,NaN,NaN,NaN,NaN
mle01,post,20181112,4,79,1,1,1,0.198412240313819,0.198412240313819,0.197746486337942,0.197746486337942
mle01,post,20181112,4,80,2,1,1,0.900728067976031,0.900728067976031,0.307603393471225,0.307603393471225
mle01,post,20181112,4,81,1,1,1,0.365420777741493,0.365420777741493,0.314799747281137,0.314799747281137
mle01,post,20181112,4,82,2,1,1,0.507876259236245,0.503492754632928,0.603444193549339,0.562790407438356
mle01,post,20181112,4,83,1,1,1,0.379303385144208,0.379303385144208,0.391717731299504,0.391717731299504
mle01,post,20181112,4,84,1,1,1,0.312990948974055,0.312990948974055,0.287935858899805,0.287935858899805
mle01,post,20181112,4,85,2,1,1,0.0878226721179224,0.0878226721179224,0.191526192135302,0.191526192135302
mle01,post,20181112,4,86,1,1,1,0.572643966885712,0.572643966885712,0.326955011608356,0.326955011608356
mle01,post,20181112,4,87,1,1,1,0.233534371121172,0.233534371121172,0.198750265923797,0.198750265923797
mle01,post,20181112,4,88,2,1,1,0.149838765937153,0.149838765937153,0.196338259892537,0.196338259892537
mle01,post,20181112,4,89,1,1,1,0.129801006179935,0.0602217741252191,0.206933384315592,0.176065017048437
mle01,post,20181112,4,90,1,1,1,0.616237887422008,0.616237887422008,0.415876587023593,0.415876587023593
mle01,post,20181112,4,91,1,1,1,0.372962357949329,0.372962357949329,0.417243838346133,0.417243838346133
mle01,post,20181112,4,92,2,1,1,0.338734845353187,0.338734845353187,0.238720385503412,0.238720385503412
mle01,post,20181112,4,93,1,1,1,0.243159133539845,0.243159133539845,0.43203681580404,0.43203681580404
mle01,post,20181112,4,94,1,0,0,NaN,NaN,NaN,NaN
mle01,post,20181112,4,95,1,1,1,0.319381136029877,0.319381136029877,0.283448789770586,0.283448789770586
mle01,post,20181112,4,96,2,1,1,0.215090831477488,0.215090831477488,0.231205528442258,0.231205528442258
mle01,post,20181112,4,97,1,0,0,NaN,NaN,NaN,NaN
mle01,post,20181112,4,98,1,0,0,NaN,NaN,NaN,NaN
mle01,post,20181112,4,99,2,0,0,NaN,NaN,NaN,NaN
mle01,post,20181112,4,100,NaN,0,0,NaN,NaN,NaN,NaN
mle01,post,20181112,5,1,1,1,1,0.208140602116473,0.208140602116473,0.578960018713,0.578960018713
mle01,post,20181112,5,2,2,0,0,NaN,NaN,NaN,NaN
mle01,post,20181112,5,3,1,0,0,NaN,NaN,NaN,NaN
mle01,post,20181112,5,4,1,1,1,0.441595425192288,0.441595425192288,0.461761857824391,0.461761857824391
mle01,post,20181112,5,5,2,1,1,0.389007773854132,0.389007773854132,0.299067153945343,0.299067153945343
mle01,post,20181112,5,6,1,1,1,0.738679538458097,0.738679538458097,0.503606361861178,0.503606361861178
mle01,post,20181112,5,7,1,1,1,0.671862209464885,0.671862209464885,0.560301714825073,0.560301714825073
mle01,post,20181112,5,8,1,1,1,0.395852097084866,0.402541623290535,0.397599429373893,0.368522909633888
mle01,post,20181112,5,9,1,1,1,0.285296152914388,0.285296152914388,0.32984396331883,0.32984396331883
mle01,post,20181112,5,10,2,0,0,NaN,NaN,NaN,NaN
mle01,post,20181112,5,11,1,0,0,NaN,NaN,NaN,NaN
mle01,post,20181112,5,12,1,1,1,0.143074385827089,0.143074385827089,0.276179318420426,0.276179318420426
mle01,post,20181112,5,13,1,0,0,NaN,NaN,NaN,NaN
mle01,post,20181112,5,14,1,0,0,NaN,NaN,NaN,NaN
mle01,post,20181112,5,15,2,0,0,NaN,NaN,NaN,NaN
mle01,post,20181112,5,16,1,1,1,0.068318409818338,0.068318409818338,0.275698587845408,0.275698587845408
mle01,post,20181112,5,17,1,0,0,NaN,NaN,NaN,NaN
mle01,post,20181112,5,18,1,1,1,1.28040901718404,1.28040901718404,0.666502351922175,0.666502351922175
mle01,post,20181112,5,19,1,0,0,NaN,NaN,NaN,NaN
mle01,post,20181112,5,20,1,0,0,NaN,NaN,NaN,NaN
mle01,post,20181112,5,21,1,0,0,NaN,NaN,NaN,NaN
mle01,post,20181112,5,22,1,0,0,NaN,NaN,NaN,NaN
mle01,post,20181112,5,23,1,0,0,NaN,NaN,NaN,NaN
mle01,post,20181112,5,24,2,0,0,NaN,NaN,NaN,NaN
mle01,post,20181112,5,25,1,1,1,0.846884539285967,0.846884539285967,0.652371375487711,0.652371375487711
mle01,post,20181112,5,26,1,0,0,NaN,NaN,NaN,NaN
mle01,post,20181112,5,27,1,0,0,NaN,NaN,NaN,NaN
mle01,post,20181112,5,28,1,0,0,NaN,NaN,NaN,NaN
mle01,post,20181112,5,29,1,0,0,NaN,NaN,NaN,NaN
mle01,post,20181112,5,30,1,0,0,NaN,NaN,NaN,NaN
mle01,post,20181112,5,31,1,0,0,NaN,NaN,NaN,NaN
mle01,post,20181112,5,32,1,0,0,NaN,NaN,NaN,NaN
mle01,post,20181112,5,33,1,0,0,NaN,NaN,NaN,NaN
mle01,post,20181112,5,34,1,0,0,NaN,NaN,NaN,NaN
mle01,post,20181112,5,35,1,1,1,0.378153742922499,0.378153742922499,0.32749227062038,0.32749227062038
mle01,post,20181112,5,36,2,0,0,NaN,NaN,NaN,NaN
mle01,post,20181112,5,37,2,0,0,NaN,NaN,NaN,NaN
mle01,post,20181112,5,38,1,0,0,NaN,NaN,NaN,NaN
mle01,post,20181112,5,39,2,0,0,NaN,NaN,NaN,NaN
mle01,post,20181112,5,40,2,0,0,NaN,NaN,NaN,NaN
mle01,post,20181112,5,41,2,0,0,NaN,NaN,NaN,NaN
mle01,post,20181112,5,42,1,0,0,NaN,NaN,NaN,NaN
mle01,post,20181112,5,43,1,1,1,0.181890755636311,0.181890755636311,0.248145635816632,0.248145635816632
mle01,post,20181112,5,44,2,1,1,0.379327128858315,0.379327128858315,0.277021226755765,0.277021226755765
mle01,post,20181112,5,45,2,1,1,0.134790040397077,0.134790040397077,0.227007268949546,0.227007268949546
mle01,post,20181112,5,46,1,0,0,NaN,NaN,NaN,NaN
mle01,post,20181112,5,47,2,0,0,NaN,NaN,NaN,NaN
mle01,post,20181112,5,48,2,0,0,NaN,NaN,NaN,NaN
mle01,post,20181112,5,49,1,0,0,NaN,NaN,NaN,NaN
mle01,post,20181112,5,50,1,0,0,NaN,NaN,NaN,NaN
mle01,post,20181112,5,51,2,0,0,NaN,NaN,NaN,NaN
mle01,post,20181112,5,52,2,0,0,NaN,NaN,NaN,NaN
mle01,post,20181112,5,53,1,1,1,0.494450880663582,0.494450880663582,0.454057165644751,0.454057165644751
mle01,post,20181112,5,54,1,1,1,0.397340795393804,0.397340795393804,0.316158078020512,0.316158078020512
mle01,post,20181112,5,55,2,0,0,NaN,NaN,NaN,NaN
mle01,post,20181112,5,56,2,0,0,NaN,NaN,NaN,NaN
mle01,post,20181112,5,57,2,0,0,NaN,NaN,NaN,NaN
mle01,post,20181112,5,58,1,0,0,NaN,NaN,NaN,NaN
mle01,post,20181112,5,59,1,0,0,NaN,NaN,NaN,NaN
mle01,post,20181112,5,60,1,0,0,NaN,NaN,NaN,NaN
mle01,post,20181112,5,61,1,0,0,NaN,NaN,NaN,NaN
mle01,post,20181112,5,62,1,0,0,NaN,NaN,NaN,NaN
mle01,post,20181112,5,63,1,0,0,NaN,NaN,NaN,NaN
mle01,post,20181112,5,64,2,0,0,NaN,NaN,NaN,NaN
mle01,post,20181112,5,65,1,0,0,NaN,NaN,NaN,NaN
mle01,post,20181112,5,66,1,0,0,NaN,NaN,NaN,NaN
mle01,post,20181112,5,67,1,0,0,NaN,NaN,NaN,NaN
mle01,post,20181112,5,68,2,0,0,NaN,NaN,NaN,NaN
mle01,post,20181112,5,69,2,1,1,0.0613780131765926,0.0613780131765926,0.245117493145597,0.245117493145597
mle01,post,20181112,5,70,2,1,1,1.09375603282842,1.09375603282842,0.938782754158095,0.938782754158095
mle01,post,20181112,5,71,2,1,1,1.1079262713553,1.1079262713553,0.688626359634697,0.688626359634697
mle01,post,20181112,5,72,2,1,1,0.262010889777513,0.262010889777513,0.238213197485386,0.238213197485386
mle01,post,20181112,5,73,2,1,1,0.10206564820238,0.10206564820238,0.223594152854033,0.223594152854033
mle01,post,20181112,5,74,1,1,1,0.259271791567807,0.259271791567807,0.333492710442632,0.333492710442632
mle01,post,20181112,5,75,2,1,1,0.24482315926252,0.24482315926252,0.352613880853875,0.352613880853875
mle01,post,20181112,5,76,1,0,0,NaN,NaN,NaN,NaN
mle01,post,20181112,5,77,1,1,1,0.932404695718334,0.932404695718334,0.364041057693266,0.364041057693266
mle01,post,20181112,5,78,1,0,0,NaN,NaN,NaN,NaN
mle01,post,20181112,5,79,2,1,1,0.0595677382059608,0.0595677382059608,0.056264522568204,0.056264522568204
mle01,post,20181112,5,80,1,1,1,2.26787520353397,0.855219435481716,1.16655289604998,0.785857448890156
mle01,post,20181112,5,81,1,1,1,0.615681961667471,0.615681961667471,0.637866266972333,0.637866266972333
mle01,post,20181112,5,82,1,0,0,NaN,NaN,NaN,NaN
mle01,post,20181112,5,83,2,1,1,0.431713026816803,0.431713026816803,0.350778123943846,0.350778123943846
mle01,post,20181112,5,84,1,1,1,0.380455797584581,0.380455797584581,0.399405722323708,0.399405722323708
mle01,post,20181112,5,85,1,0,0,NaN,NaN,NaN,NaN
mle01,post,20181112,5,86,1,0,0,NaN,NaN,NaN,NaN
mle01,post,20181112,5,87,2,0,0,NaN,NaN,NaN,NaN
mle01,post,20181112,5,88,1,1,1,0.0608861413314107,0.0608861413314107,0.210978731533566,0.210978731533566
mle01,post,20181112,5,89,2,1,1,0.130621706427544,0.169948016464147,0.451042616745975,0.31081580946095
mle01,post,20181112,5,90,2,1,1,0.313439294341611,0.313439294341611,0.190746597628329,0.190746597628329
mle01,post,20181112,5,91,1,1,1,0.555319456542795,0.555319456542795,0.318643579874654,0.318643579874654
mle01,post,20181112,5,92,1,1,1,0.638927862604946,0.638927862604946,0.492871766326863,0.492871766326863
mle01,post,20181112,5,93,1,1,1,0.573803099042572,0.573803099042572,0.429534119388127,0.429534119388127
mle01,post,20181112,5,94,1,1,1,0.37342736455891,0.37342736455891,0.347809849420558,0.347809849420558
mle01,post,20181112,5,95,2,1,1,0.181295954905776,0.181295954905776,0.212603252276813,0.212603252276813
mle01,post,20181112,5,96,2,1,1,0.591363361774329,0.591363361774329,0.414135346167384,0.414135346167384
mle01,post,20181112,5,97,1,1,1,0.777824354697706,0.777824354697706,0.498291275039324,0.498291275039324
mle01,post,20181112,5,98,1,1,1,0.105611514569777,0.105611514569777,0.293556268352871,0.293556268352871
mle01,post,20181112,5,99,1,1,1,0.335326258622298,0.335326258622298,0.288104516936736,0.288104516936736
mle01,post,20181112,5,100,NaN,0,0,NaN,NaN,NaN,NaN
mle01,retest,20181113,1,1,1,0,0,NaN,NaN,NaN,NaN
mle01,retest,20181113,1,2,1,1,1,0.596010960271622,0.596010960271622,0.655286892228838,0.655286892228838
mle01,retest,20181113,1,3,1,1,1,0.593537430389758,0.593537430389758,0.502788591348497,0.502788591348497
mle01,retest,20181113,1,4,1,0,0,NaN,NaN,NaN,NaN
mle01,retest,20181113,1,5,2,1,1,0.789824097511488,0.789824097511488,0.880780469805824,0.880780469805824
mle01,retest,20181113,1,6,2,0,0,NaN,NaN,NaN,NaN
mle01,retest,20181113,1,7,1,0,0,NaN,NaN,NaN,NaN
mle01,retest,20181113,1,8,2,0,0,NaN,NaN,NaN,NaN
mle01,retest,20181113,1,9,1,0,0,NaN,NaN,NaN,NaN
mle01,retest,20181113,1,10,2,1,1,0.791274375225566,0.791274375225566,0.619681980574257,0.619681980574257
mle01,retest,20181113,1,11,1,0,0,NaN,NaN,NaN,NaN
mle01,retest,20181113,1,12,1,1,1,0.877441163977581,0.877441163977581,0.65171630247665,0.65171630247665
mle01,retest,20181113,1,13,2,1,1,0.0597481748315407,0.0597481748315407,0.285949427728546,0.285949427728546
mle01,retest,20181113,1,14,2,0,0,NaN,NaN,NaN,NaN
mle01,retest,20181113,1,15,1,0,0,NaN,NaN,NaN,NaN
mle01,retest,20181113,1,16,1,0,0,NaN,NaN,NaN,NaN
mle01,retest,20181113,1,17,1,0,0,NaN,NaN,NaN,NaN
mle01,retest,20181113,1,18,1,0,0,NaN,NaN,NaN,NaN
mle01,retest,20181113,1,19,1,1,1,0.683687995709892,0.683687995709892,0.76258306384691,0.76258306384691
mle01,retest,20181113,1,20,2,1,1,0.301375316305479,0.301375316305479,0.347721947258093,0.347721947258093
mle01,retest,20181113,1,21,1,1,1,1.4561214096088,1.4561214096088,0.680422006878107,0.680422006878107
mle01,retest,20181113,1,22,1,1,1,1.4942015237936,1.4942015237936,0.845700892338614,0.845700892338614
mle01,retest,20181113,1,23,2,1,1,0.398651120561858,0.398651120561858,0.58444955106178,0.58444955106178
mle01,retest,20181113,1,24,1,0,0,NaN,NaN,NaN,NaN
mle01,retest,20181113,1,25,1,0,0,NaN,NaN,NaN,NaN
mle01,retest,20181113,1,26,1,0,0,NaN,NaN,NaN,NaN
mle01,retest,20181113,1,27,2,1,1,0.625841274519227,0.625841274519227,0.587400864846621,0.587400864846621
mle01,retest,20181113,1,28,1,1,1,0.452130217313955,0.452130217313955,0.887866233037913,0.887866233037913
mle01,retest,20181113,1,29,1,1,1,0.183443021012385,0.183443021012385,0.488469455339696,0.488469455339696
mle01,retest,20181113,1,30,1,1,1,0.432445944339298,0.432445944339298,0.4759010832612,0.4759010832612
mle01,retest,20181113,1,31,1,1,1,0.364637762810939,0.288866527684328,0.26640070007436,0.259065508608331
mle01,retest,20181113,1,32,1,0,0,NaN,NaN,NaN,NaN
mle01,retest,20181113,1,33,2,1,1,0.618028266156623,0.618028266156623,0.732981738652454,0.732981738652454
mle01,retest,20181113,1,34,2,1,1,0.96829376038044,0.93606822967512,0.518193474275711,0.41802310249914
mle01,retest,20181113,1,35,1,1,1,0.405110292340989,0.405110292340989,0.461662135812834,0.461662135812834
mle01,retest,20181113,1,36,1,1,1,1.05471824199641,1.05471824199641,0.792145407268811,0.792145407268811
mle01,retest,20181113,1,37,1,1,1,0.816753919551941,0.816753919551941,0.557723176054,0.557723176054
mle01,retest,20181113,1,38,2,1,1,0.246110441087848,0.246110441087848,0.271900418626881,0.271900418626881
mle01,retest,20181113,1,39,1,0,1,NaN,0.952487236394539,NaN,0.642879655372298
mle01,retest,20181113,1,40,2,1,1,1.19579166335601,1.19579166335601,0.876378976178869,0.876378976178869
mle01,retest,20181113,1,41,1,1,1,0.393658247258016,0.393658247258016,0.410304793931409,0.410304793931409
mle01,retest,20181113,1,42,2,1,1,0.284246448699292,0.284246448699292,0.499010649842326,0.499010649842326
mle01,retest,20181113,1,43,1,1,1,1.61421234473602,1.61421234473602,0.727137938952454,0.727137938952454
mle01,retest,20181113,1,44,1,0,0,NaN,NaN,NaN,NaN
mle01,retest,20181113,1,45,1,1,1,0.949023451502331,0.949023451502331,0.720756907603261,0.720756907603261
mle01,retest,20181113,1,46,1,1,1,0.642665610939215,0.642665610939215,0.595593323853524,0.595593323853524
mle01,retest,20181113,1,47,1,1,1,0.28906152022548,0.28906152022548,0.552757058701318,0.552757058701318
mle01,retest,20181113,1,48,1,1,1,1.01789501023511,0.612667278483458,0.636434617266972,0.338200897706406
mle01,retest,20181113,1,49,2,1,1,0.129921184843643,0.129921184843643,0.283012641101072,0.283012641101072
mle01,retest,20181113,1,50,1,1,1,0.218440921739806,0.218440921739806,0.401357448771298,0.401357448771298
mle01,retest,20181113,1,51,1,1,1,0.603759500157892,0.603872447249687,0.426779737909155,0.417560230293401
mle01,retest,20181113,1,52,1,1,1,0.454471965495367,0.454471965495367,0.585429628489894,0.585429628489894
mle01,retest,20181113,1,53,1,1,1,0.465965404590317,0.465965404590317,0.387899538738933,0.387899538738933
mle01,retest,20181113,1,54,1,1,1,0.891478107813196,0.891478107813196,0.804325761613885,0.804325761613885
mle01,retest,20181113,1,55,2,1,1,0.294988773565208,0.294988773565208,0.602017314479717,0.602017314479717
mle01,retest,20181113,1,56,1,1,1,0.675877350182813,0.675877350182813,0.441597808812535,0.441597808812535
mle01,retest,20181113,1,57,2,1,1,0.335020645146272,0.335020645146272,0.324953383061621,0.324953383061621
mle01,retest,20181113,1,58,1,1,1,0.397744929896891,0.397744929896891,0.25030878796686,0.25030878796686
mle01,retest,20181113,1,59,1,1,1,0.188257252364154,0.188257252364154,0.36906427657866,0.36906427657866
mle01,retest,20181113,1,60,2,1,1,0.881515643878836,0.881515643878836,0.892417265021601,0.892417265021601
mle01,retest,20181113,1,61,2,1,1,1.41496412124455,1.41496412124455,0.893462030986091,0.893462030986091
mle01,retest,20181113,1,62,1,1,1,0.444096696513364,0.444096696513364,0.270233784443128,0.270233784443128
mle01,retest,20181113,1,63,1,1,1,0.811083345245884,0.811083345245884,0.64227025229309,0.64227025229309
mle01,retest,20181113,1,64,1,1,1,0.224668034349663,0.224668034349663,0.62029283444965,0.62029283444965
mle01,retest,20181113,1,65,1,1,1,0.149360592101271,0.149360592101271,0.312275681981128,0.312275681981128
mle01,retest,20181113,1,66,2,1,1,0.92441207011823,0.92441207011823,0.414984891352507,0.414984891352507
mle01,retest,20181113,1,67,2,1,1,0.202028394199729,0.202028394199729,0.349613442918762,0.349613442918762
mle01,retest,20181113,1,68,1,1,1,0.278134872095762,0.278134872095762,0.368284080995807,0.368284080995807
mle01,retest,20181113,1,69,1,1,1,0.0784152795772282,0.0908649055328339,0.346598356493427,0.251932553446986
mle01,retest,20181113,1,70,2,1,1,0.197031749402581,0.197031749402581,0.289591121682582,0.289591121682582
mle01,retest,20181113,1,71,1,1,1,0.327811585579209,0.327811585579209,0.354092590379664,0.354092590379664
mle01,retest,20181113,1,72,2,1,1,0.444318452278229,0.444318452278229,0.229036440378213,0.229036440378213
mle01,retest,20181113,1,73,1,1,1,0.926075046918752,0.245726515203519,0.617034332441848,0.357231615523562
mle01,retest,20181113,1,74,2,1,1,0.512452148739968,0.519054366324313,0.309753066736867,0.394973200958127
mle01,retest,20181113,1,75,2,1,1,0.28745078428815,0.327039614621654,0.463187156834077,0.294815177152374
mle01,retest,20181113,1,76,1,1,1,1.17114995047577,0.888083263170744,0.581378629683313,0.61599857269559
mle01,retest,20181113,1,77,1,1,1,0.206382824775615,0.206382824775615,0.263956874927769,0.263956874927769
mle01,retest,20181113,1,78,1,1,1,0.758724264023779,0.758724264023779,0.440512161873395,0.440512161873395
mle01,retest,20181113,1,79,2,1,1,0.427617926967029,0.427617926967029,0.329182521541154,0.329182521541154
mle01,retest,20181113,1,80,1,1,1,0.61377980197674,0.61377980197674,0.537940106509364,0.537940106509364
mle01,retest,20181113,1,81,2,1,1,0.58039698623418,0.58039698623418,0.329270233294853,0.329270233294853
mle01,retest,20181113,1,82,1,1,1,0.244181944529467,0.244181944529467,0.208307410214162,0.208307410214162
mle01,retest,20181113,1,83,2,1,1,0.173179064866959,0.173179064866959,0.266438765266106,0.266438765266106
mle01,retest,20181113,1,84,1,1,1,0.40900103259687,0.40900103259687,0.341802767000237,0.341802767000237
mle01,retest,20181113,1,85,2,1,1,0.357272193754318,0.357272193754318,0.450109798261465,0.450109798261465
mle01,retest,20181113,1,86,2,1,1,0.326544220169256,0.326544220169256,0.247804907220762,0.247804907220762
mle01,retest,20181113,1,87,1,1,1,0.243120595769286,0.243120595769286,0.883369636030689,0.883369636030689
mle01,retest,20181113,1,88,2,1,1,0.876638559642142,0.876638559642142,0.368395857326771,0.368395857326771
mle01,retest,20181113,1,89,1,1,1,0.609197883638695,0.609197883638695,0.443224810982335,0.443224810982335
mle01,retest,20181113,1,90,1,1,1,0.983295202591868,0.983295202591868,0.635485408064838,0.635485408064838
mle01,retest,20181113,1,91,2,1,1,0.0945747927414811,0.0945747927414811,0.268255162440997,0.268255162440997
mle01,retest,20181113,1,92,1,1,1,0.336253736375061,0.336253736375061,0.208280441101744,0.208280441101744
mle01,retest,20181113,1,93,1,1,1,0.358285364666086,0.358285364666086,0.430943355901581,0.430943355901581
mle01,retest,20181113,1,94,1,1,1,0.498086495279724,0.498086495279724,0.412678151781686,0.412678151781686
mle01,retest,20181113,1,95,2,1,1,0.164672313241772,0.164672313241772,0.178777650102622,0.178777650102622
mle01,retest,20181113,1,96,1,1,1,1.19683647788452,1.19683647788452,0.497671856979714,0.497671856979714
mle01,retest,20181113,1,97,2,1,1,0.474118644168541,0.474118644168541,0.423835892734567,0.423835892734567
mle01,retest,20181113,1,98,1,1,1,0.204416073246731,0.204416073246731,0.40202153323107,0.40202153323107
mle01,retest,20181113,1,99,1,1,1,0.359641957986295,0.359641957986295,0.388878773695421,0.388878773695421
mle01,retest,20181113,1,100,NaN,0,0,NaN,NaN,NaN,NaN
mle01,retest,20181113,2,1,1,1,1,0.453913271553885,0.453913271553885,0.582544745747937,0.582544745747937
mle01,retest,20181113,2,2,2,1,1,0.118338274777053,0.118338274777053,0.454685341958196,0.454685341958196
mle01,retest,20181113,2,3,2,1,1,0.123116910709412,0.123116910709412,0.224582672814004,0.224582672814004
mle01,retest,20181113,2,4,2,1,1,0.325911951740293,0.325911951740293,0.530737611934475,0.530737611934475
mle01,retest,20181113,2,5,1,1,1,0.227686663412134,0.227686663412134,0.252665876734903,0.252665876734903
mle01,retest,20181113,2,6,1,1,1,0.5144233781772,0.5144233781772,0.295590705370226,0.295590705370226
mle01,retest,20181113,2,7,2,1,1,1.13672489754481,1.13672489754481,0.357100558154539,0.357100558154539
mle01,retest,20181113,2,8,2,1,1,0.602646098597515,0.602646098597515,0.476575849284368,0.476575849284368
mle01,retest,20181113,2,9,2,1,1,0.174057074250199,0.174057074250199,0.264230277769393,0.264230277769393
mle01,retest,20181113,2,10,2,1,1,0.802429709998219,0.802429709998219,0.584834268408388,0.584834268408388
mle01,retest,20181113,2,11,1,1,1,0.551915880716981,0.551915880716981,0.405098437790087,0.405098437790087
mle01,retest,20181113,2,12,1,1,1,0.778031047279378,0.778031047279378,0.725012214645975,0.725012214645975
mle01,retest,20181113,2,13,2,1,1,1.04259014563727,0.231781164240938,0.678105900710205,0.43420261478485
mle01,retest,20181113,2,14,1,1,1,0.658090015567926,0.658090015567926,0.29344207490973,0.29344207490973
mle01,retest,20181113,2,15,1,1,1,0.112065945306362,0.112065945306362,0.402114774693634,0.402114774693634
mle01,retest,20181113,2,16,1,1,1,0.979261503810815,0.979261503810815,0.537647816728223,0.537647816728223
mle01,retest,20181113,2,17,2,1,1,1.49928830721235,1.49928830721235,0.905047493972237,0.905047493972237
mle01,retest,20181113,2,18,1,1,1,0.552213684859035,0.287849276877261,0.363356754074327,0.304600375956887
mle01,retest,20181113,2,19,1,1,1,0.19264927564552,0.19264927564552,0.796421117646913,0.796421117646913
mle01,retest,20181113,2,20,1,1,1,1.86306422621493,1.86306422621493,0.814657003083305,0.814657003083305
mle01,retest,20181113,2,21,1,1,1,0.825991228930571,0.825991228930571,0.479091263684904,0.479091263684904
mle01,retest,20181113,2,22,2,1,1,0.156894798694527,0.156894798694527,0.376965136984062,0.376965136984062
mle01,retest,20181113,2,23,1,1,1,0.279710212213033,0.279710212213033,0.697953761185562,0.697953761185562
mle01,retest,20181113,2,24,2,1,1,0.135222046365351,0.135222046365351,0.24949267583494,0.24949267583494
mle01,retest,20181113,2,25,1,1,1,0.173482073578885,0.366035139747662,0.239788362231733,0.28686453002669
mle01,retest,20181113,2,26,2,1,1,0.245148592376201,0.245148592376201,0.313377851628493,0.313377851628493
mle01,retest,20181113,2,27,2,1,1,0.341964646407098,0.341964646407098,1.01659676655789,1.01659676655789
mle01,retest,20181113,2,28,1,1,1,0.20262630326008,0.20262630326008,0.295995456277303,0.295995456277303
mle01,retest,20181113,2,29,2,1,1,0.833456391871492,0.833456391871492,0.493698161869746,0.493698161869746
mle01,retest,20181113,2,30,2,1,1,0.380464638093287,0.380464638093287,0.306747581823926,0.306747581823926
mle01,retest,20181113,2,31,2,1,1,0.338361656280012,0.338361656280012,0.210132197253523,0.210132197253523
mle01,retest,20181113,2,32,1,1,1,0.299678863862506,0.299678863862506,0.290683160506059,0.290683160506059
mle01,retest,20181113,2,33,1,1,1,1.26052541339068,1.26052541339068,0.626273200876817,0.626273200876817
mle01,retest,20181113,2,34,1,1,1,1.58324033546199,0.312350167676611,0.882762972997488,0.327383602142568
mle01,retest,20181113,2,35,2,1,1,0.295106451520601,0.295106451520601,0.378611039074819,0.378611039074819
mle01,retest,20181113,2,36,2,1,1,0.198622076729758,0.198622076729758,0.224357661322255,0.224357661322255
mle01,retest,20181113,2,37,1,1,1,1.20611632240585,1.20611632240585,0.620626340068199,0.620626340068199
mle01,retest,20181113,2,38,1,1,1,0.713166128600421,0.713166128600421,0.563282767495767,0.563282767495767
mle01,retest,20181113,2,39,2,1,1,0.173529111192658,0.173529111192658,0.404020221154682,0.404020221154682
mle01,retest,20181113,2,40,2,1,1,0.871505767351632,0.684425498384387,0.828370686732936,0.537503852045071
mle01,retest,20181113,2,41,1,1,1,0.441977231216197,0.441977231216197,0.313925940401895,0.313925940401895
mle01,retest,20181113,2,42,1,1,1,0.499033444489161,0.363550841008357,0.493934224990466,0.354981389350251
mle01,retest,20181113,2,43,1,0,0,NaN,NaN,NaN,NaN
mle01,retest,20181113,2,44,NaN,0,0,NaN,NaN,NaN,NaN
mle01,retest,20181113,2,45,1,1,1,0.242853012103916,0.242853012103916,0.442514534206611,0.442514534206611
mle01,retest,20181113,2,46,1,1,1,0.473360133084368,0.473360133084368,0.378347740353713,0.378347740353713
mle01,retest,20181113,2,47,1,1,1,0.350063173176185,0.350063173176185,0.542310466761859,0.542310466761859
mle01,retest,20181113,2,48,2,1,1,0.276589179397485,0.276589179397485,0.266273436956868,0.266273436956868
mle01,retest,20181113,2,49,1,1,1,0.230611514381785,0.230611514381785,0.289081822829464,0.289081822829464
mle01,retest,20181113,2,50,1,1,1,0.519122538853398,0.519122538853398,0.449344375155955,0.449344375155955
mle01,retest,20181113,2,51,2,1,1,0.67349364018972,0.67349364018972,0.436861473636224,0.436861473636224
mle01,retest,20181113,2,52,1,1,1,1.76655734728239,2.16879184665174,0.964273144664196,0.90277743117081
mle01,retest,20181113,2,53,1,0,0,NaN,NaN,NaN,NaN
mle01,retest,20181113,2,54,1,0,0,NaN,NaN,NaN,NaN
mle01,retest,20181113,2,55,1,0,0,NaN,NaN,NaN,NaN
mle01,retest,20181113,2,56,1,1,1,0.662010402146845,0.662010402146845,0.573873508811093,0.573873508811093
mle01,retest,20181113,2,57,2,1,1,1.04088516273819,0.998349248009307,0.415527387774861,0.562290826813798
mle01,retest,20181113,2,58,1,1,1,0.545421573513703,0.545421573513703,0.535802000769187,0.535802000769187
mle01,retest,20181113,2,59,2,1,1,0.384470294736555,0.384470294736555,0.473644554855551,0.473644554855551
mle01,retest,20181113,2,60,1,1,1,0.31823143480972,0.31823143480972,0.289902555542347,0.289902555542347
mle01,retest,20181113,2,61,1,1,1,0.381341659797479,0.381341659797479,0.521647634566468,0.521647634566468
mle01,retest,20181113,2,62,2,1,1,0.119928773790655,0.119928773790655,0.229857262186961,0.229857262186961
mle01,retest,20181113,2,63,1,1,1,0.575783015842844,0.575783015842844,0.413432578360031,0.413432578360031
mle01,retest,20181113,2,64,1,1,1,0.299917595905475,0.299917595905475,0.409681676345283,0.409681676345283
mle01,retest,20181113,2,65,1,1,1,0.603767657372625,0.603767657372625,0.683834124890801,0.683834124890801
mle01,retest,20181113,2,66,1,1,1,0.521589872438543,0.521589872438543,0.688965642052755,0.688965642052755
mle01,retest,20181113,2,67,1,1,1,0.277031362037666,0.277031362037666,0.30355472776127,0.30355472776127
mle01,retest,20181113,2,68,2,1,1,0.458354339188136,0.458354339188136,0.544757387600569,0.544757387600569
mle01,retest,20181113,2,69,1,1,1,0.341754556238151,0.341754556238151,0.331845264165494,0.331845264165494
mle01,retest,20181113,2,70,2,1,1,0.220606640767626,0.220606640767626,0.393110368616641,0.393110368616641
mle01,retest,20181113,2,71,1,1,1,0.137376865844351,0.137376865844351,0.350209934097229,0.350209934097229
mle01,retest,20181113,2,72,2,1,1,0.271340366399929,0.271340366399929,0.346942243757981,0.346942243757981
mle01,retest,20181113,2,73,1,1,1,0.488273716691144,0.488273716691144,0.39529513905993,0.39529513905993
mle01,retest,20181113,2,74,2,1,1,0.557805365787784,0.557805365787784,0.531378860446929,0.531378860446929
mle01,retest,20181113,2,75,1,1,1,0.312473498506765,0.312473498506765,0.392373114174206,0.392373114174206
mle01,retest,20181113,2,76,2,1,1,0.261030478163594,0.261030478163594,0.411811800326425,0.411811800326425
mle01,retest,20181113,2,77,1,1,1,0.387265903087277,0.387265903087277,0.431648546616271,0.431648546616271
mle01,retest,20181113,2,78,1,1,1,1.19337644473835,1.19337644473835,0.784272759710249,0.784272759710249
mle01,retest,20181113,2,79,1,1,1,0.752288802381818,0.688763604872538,0.59235410162232,0.550376126252843
mle01,retest,20181113,2,80,1,1,1,0.352732707736219,0.352732707736219,0.611070033115673,0.611070033115673
mle01,retest,20181113,2,81,1,1,1,0.602342543592661,0.602342543592661,0.480076193676528,0.480076193676528
mle01,retest,20181113,2,82,1,0,0,NaN,NaN,NaN,NaN
mle01,retest,20181113,2,83,1,0,0,NaN,NaN,NaN,NaN
mle01,retest,20181113,2,84,1,0,0,NaN,NaN,NaN,NaN
mle01,retest,20181113,2,85,2,1,1,0.349804051166181,0.349804051166181,0.393372323173466,0.393372323173466
mle01,retest,20181113,2,86,2,1,1,0.311395989044578,0.311395989044578,0.713552956067012,0.713552956067012
mle01,retest,20181113,2,87,1,0,0,NaN,NaN,NaN,NaN
mle01,retest,20181113,2,88,2,1,1,0.497012294693574,0.489553522206931,0.406591935674414,0.365356429914669
mle01,retest,20181113,2,89,1,1,1,0.234143712903311,0.234143712903311,0.526693854717665,0.526693854717665
mle01,retest,20181113,2,90,1,1,1,1.08286602364007,1.08286602364007,0.557983475641095,0.557983475641095
mle01,retest,20181113,2,91,1,1,1,0.572200229188004,0.572200229188004,0.837993999207884,0.837993999207884
mle01,retest,20181113,2,92,1,1,1,0.362474039760683,0.362474039760683,0.342907126451598,0.342907126451598
mle01,retest,20181113,2,93,1,1,1,0.293143187298314,0.293143187298314,0.539583607817795,0.539583607817795
mle01,retest,20181113,2,94,2,0,0,NaN,NaN,NaN,NaN
mle01,retest,20181113,2,95,1,0,0,NaN,NaN,NaN,NaN
mle01,retest,20181113,2,96,1,0,0,NaN,NaN,NaN,NaN
mle01,retest,20181113,2,97,1,1,1,0.406445035598357,0.406445035598357,0.320877343552806,0.320877343552806
mle01,retest,20181113,2,98,1,1,1,0.570140920439172,0.570140920439172,0.329789392455037,0.329789392455037
mle01,retest,20181113,2,99,1,0,0,NaN,NaN,NaN,NaN
mle01,retest,20181113,2,100,NaN,0,0,NaN,NaN,NaN,NaN
mle01,retest,20181113,3,1,1,1,1,0.391443078502461,0.391443078502461,0.347294902427261,0.347294902427261
mle01,retest,20181113,3,2,1,1,1,1.15953691356691,1.15953691356691,0.440075056038034,0.440075056038034
mle01,retest,20181113,3,3,1,1,1,0.432474776585878,0.432474776585878,0.391847286630089,0.391847286630089
mle01,retest,20181113,3,4,2,1,1,0.443757604000801,0.336243437354442,0.295543535469718,0.452222615183352
mle01,retest,20181113,3,5,1,1,1,0.389034855545509,0.389034855545509,0.464990949345944,0.464990949345944
mle01,retest,20181113,3,6,1,1,1,0.627196765057117,0.627196765057117,0.384578971722679,0.384578971722679
mle01,retest,20181113,3,7,2,1,1,0.443164976821196,0.443164976821196,0.565882682838782,0.565882682838782
mle01,retest,20181113,3,8,1,1,1,0.651676351597791,0.651676351597791,0.52465676523412,0.52465676523412
mle01,retest,20181113,3,9,2,1,1,0.260271993079575,0.260271993079575,0.390335719607732,0.390335719607732
mle01,retest,20181113,3,10,2,1,1,0.152537521391191,0.152537521391191,0.266475396249527,0.266475396249527
mle01,retest,20181113,3,11,2,1,1,0.61959181427138,0.61959181427138,0.59135513044932,0.59135513044932
mle01,retest,20181113,3,12,1,1,1,0.283588950317026,0.283588950317026,0.187757927957439,0.187757927957439
mle01,retest,20181113,3,13,1,0,0,NaN,NaN,NaN,NaN
mle01,retest,20181113,3,14,1,1,1,0.278946705424298,0.278946705424298,0.541648254025358,0.541648254025358
mle01,retest,20181113,3,15,2,1,1,0.605416696560247,0.605416696560247,0.687296782764468,0.687296782764468
mle01,retest,20181113,3,16,1,1,1,0.39234004097529,0.39234004097529,0.466884168532805,0.466884168532805
mle01,retest,20181113,3,17,1,1,1,0.197542292476373,0.197542292476373,0.289913471471376,0.289913471471376
mle01,retest,20181113,3,18,1,1,1,0.216111753402611,0.216111753402611,0.377582477213696,0.377582477213696
mle01,retest,20181113,3,19,2,1,1,0.33021950703588,0.427616407329645,0.547114519497019,0.302520500166243
mle01,retest,20181113,3,20,2,1,1,1.10876075321028,1.10876075321028,0.643328726525334,0.643328726525334
mle01,retest,20181113,3,21,1,1,1,0.334134650231399,0.334134650231399,0.288564902536992,0.288564902536992
mle01,retest,20181113,3,22,1,1,1,0.537843129513725,0.537843129513725,0.484294507572818,0.484294507572818
mle01,retest,20181113,3,23,2,1,1,0.396610513923786,0.396610513923786,0.433062205611196,0.433062205611196
mle01,retest,20181113,3,24,1,0,0,NaN,NaN,NaN,NaN
mle01,retest,20181113,3,25,1,0,0,NaN,NaN,NaN,NaN
mle01,retest,20181113,3,26,1,1,1,0.284778566353271,0.284778566353271,0.369877144206886,0.369877144206886
mle01,retest,20181113,3,27,1,0,0,NaN,NaN,NaN,NaN
mle01,retest,20181113,3,28,1,1,1,0.55802039918662,0.55802039918662,0.697348852656874,0.697348852656874
mle01,retest,20181113,3,29,1,1,1,0.326883415825208,0.326883415825208,0.466377026268188,0.466377026268188
mle01,retest,20181113,3,30,1,0,0,NaN,NaN,NaN,NaN
mle01,retest,20181113,3,31,2,0,0,NaN,NaN,NaN,NaN
mle01,retest,20181113,3,32,2,0,0,NaN,NaN,NaN,NaN
mle01,retest,20181113,3,33,1,0,0,NaN,NaN,NaN,NaN
mle01,retest,20181113,3,34,2,1,1,1.8446200602947,1.8446200602947,0.999855621249555,0.999855621249555
mle01,retest,20181113,3,35,2,1,1,0.109484746939075,0.109484746939075,0.350400946943429,0.350400946943429
mle01,retest,20181113,3,36,1,0,0,NaN,NaN,NaN,NaN
mle01,retest,20181113,3,37,1,0,0,NaN,NaN,NaN,NaN
mle01,retest,20181113,3,38,1,0,0,NaN,NaN,NaN,NaN
mle01,retest,20181113,3,39,1,1,1,0.949595458100116,0.949595458100116,0.575786666071995,0.575786666071995
mle01,retest,20181113,3,40,1,0,0,NaN,NaN,NaN,NaN
mle01,retest,20181113,3,41,2,0,0,NaN,NaN,NaN,NaN
mle01,retest,20181113,3,42,1,0,0,NaN,NaN,NaN,NaN
mle01,retest,20181113,3,43,1,0,0,NaN,NaN,NaN,NaN
mle01,retest,20181113,3,44,1,1,1,1.08923599416444,1.08923599416444,0.612907124115548,0.612907124115548
mle01,retest,20181113,3,45,2,0,0,NaN,NaN,NaN,NaN
mle01,retest,20181113,3,46,2,0,0,NaN,NaN,NaN,NaN
mle01,retest,20181113,3,47,1,0,0,NaN,NaN,NaN,NaN
mle01,retest,20181113,3,48,1,0,0,NaN,NaN,NaN,NaN
mle01,retest,20181113,3,49,1,0,0,NaN,NaN,NaN,NaN
mle01,retest,20181113,3,50,1,1,1,0.0798022718818245,0.0798022718818245,0.387008866549472,0.387008866549472
mle01,retest,20181113,3,51,2,1,1,0.954070027640703,0.954070027640703,0.551249586572543,0.551249586572543
mle01,retest,20181113,3,52,2,0,0,NaN,NaN,NaN,NaN
mle01,retest,20181113,3,53,1,1,1,0.695130402728868,0.695130402728868,0.847184187125983,0.847184187125983
mle01,retest,20181113,3,54,1,1,1,0.401836891291317,0.401836891291317,0.583715116494282,0.583715116494282
mle01,retest,20181113,3,55,1,1,1,0.454373251746441,0.454373251746441,0.455405679825335,0.455405679825335
mle01,retest,20181113,3,56,1,0,0,NaN,NaN,NaN,NaN
mle01,retest,20181113,3,57,2,0,0,NaN,NaN,NaN,NaN
mle01,retest,20181113,3,58,2,0,0,NaN,NaN,NaN,NaN
mle01,retest,20181113,3,59,2,0,0,NaN,NaN,NaN,NaN
mle01,retest,20181113,3,60,1,0,0,NaN,NaN,NaN,NaN
mle01,retest,20181113,3,61,1,0,0,NaN,NaN,NaN,NaN
mle01,retest,20181113,3,62,2,0,0,NaN,NaN,NaN,NaN
mle01,retest,20181113,3,63,2,1,1,0.119976338234482,0.119976338234482,0.207993127098803,0.207993127098803
mle01,retest,20181113,3,64,2,1,1,0.129634123351603,0.129634123351603,0.351817783872749,0.351817783872749
mle01,retest,20181113,3,65,1,1,1,0.30320922376208,0.30320922376208,0.369828855696348,0.369828855696348
mle01,retest,20181113,3,66,1,0,0,NaN,NaN,NaN,NaN
mle01,retest,20181113,3,67,1,0,0,NaN,NaN,NaN,NaN
mle01,retest,20181113,3,68,2,1,1,1.23224392350478,1.23224392350478,0.738182045196767,0.738182045196767
mle01,retest,20181113,3,69,1,0,0,NaN,NaN,NaN,NaN
mle01,retest,20181113,3,70,2,0,0,NaN,NaN,NaN,NaN
mle01,retest,20181113,3,71,1,0,0,NaN,NaN,NaN,NaN
mle01,retest,20181113,3,72,1,0,0,NaN,NaN,NaN,NaN
mle01,retest,20181113,3,73,2,0,0,NaN,NaN,NaN,NaN
mle01,retest,20181113,3,74,2,0,0,NaN,NaN,NaN,NaN
mle01,retest,20181113,3,75,1,0,0,NaN,NaN,NaN,NaN
mle01,retest,20181113,3,76,2,0,0,NaN,NaN,NaN,NaN
mle01,retest,20181113,3,77,1,0,0,NaN,NaN,NaN,NaN
mle01,retest,20181113,3,78,2,0,0,NaN,NaN,NaN,NaN
mle01,retest,20181113,3,79,1,0,0,NaN,NaN,NaN,NaN
mle01,retest,20181113,3,80,2,0,0,NaN,NaN,NaN,NaN
mle01,retest,20181113,3,81,1,0,0,NaN,NaN,NaN,NaN
mle01,retest,20181113,3,82,1,0,0,NaN,NaN,NaN,NaN
mle01,retest,20181113,3,83,2,0,0,NaN,NaN,NaN,NaN
mle01,retest,20181113,3,84,1,1,1,1.20741049087605,1.20741049087605,1.00711580505779,1.00711580505779
mle01,retest,20181113,3,85,1,0,0,NaN,NaN,NaN,NaN
mle01,retest,20181113,3,86,1,0,0,NaN,NaN,NaN,NaN
mle01,retest,20181113,3,87,1,0,0,NaN,NaN,NaN,NaN
mle01,retest,20181113,3,88,2,0,0,NaN,NaN,NaN,NaN
mle01,retest,20181113,3,89,1,0,0,NaN,NaN,NaN,NaN
mle01,retest,20181113,3,90,1,0,0,NaN,NaN,NaN,NaN
mle01,retest,20181113,3,91,1,0,0,NaN,NaN,NaN,NaN
mle01,retest,20181113,3,92,2,0,0,NaN,NaN,NaN,NaN
mle01,retest,20181113,3,93,1,0,0,NaN,NaN,NaN,NaN
mle01,retest,20181113,3,94,1,0,0,NaN,NaN,NaN,NaN
mle01,retest,20181113,3,95,1,1,1,0.620171570187262,0.620171570187262,0.559798049302867,0.559798049302867
mle01,retest,20181113,3,96,1,1,1,0.16709480385378,0.16709480385378,0.377306387870625,0.377306387870625
mle01,retest,20181113,3,97,1,1,1,0.450307448165392,0.450307448165392,0.373549750014782,0.373549750014782
mle01,retest,20181113,3,98,1,0,0,NaN,NaN,NaN,NaN
mle01,retest,20181113,3,99,1,0,0,NaN,NaN,NaN,NaN
mle01,retest,20181113,3,100,NaN,0,0,NaN,NaN,NaN,NaN
mle01,retest,20181113,4,1,1,1,1,0.542390569966484,0.542390569966484,0.389963239444031,0.389963239444031
mle01,retest,20181113,4,2,2,1,1,0.586254249408053,0.586254249408053,0.445277639810981,0.445277639810981
mle01,retest,20181113,4,3,1,1,1,0.198067964746181,0.198067964746181,0.248657336014622,0.248657336014622
mle01,retest,20181113,4,4,2,1,1,0.542445368329185,0.542445368329185,0.508216889151551,0.508216889151551
mle01,retest,20181113,4,5,1,1,1,0.528510119826791,0.528510119826791,0.371341308898632,0.371341308898632
mle01,retest,20181113,4,6,2,1,1,0.658325433355223,0.658325433355223,0.476357306737456,0.476357306737456
mle01,retest,20181113,4,7,2,1,1,0.426131117069398,0.426131117069398,0.34247128154862,0.34247128154862
mle01,retest,20181113,4,8,2,1,1,0.376290956098565,0.376290956098565,0.387541056587471,0.387541056587471
mle01,retest,20181113,4,9,1,1,1,0.824874786273863,0.53365850168216,0.708891857978181,0.511068675989946
mle01,retest,20181113,4,10,1,1,1,0.535180024555387,0.0955688266601911,0.656717360333253,0.231499980672981
mle01,retest,20181113,4,11,1,1,1,0.531841069826828,0.531841069826828,0.55200200287142,0.55200200287142
mle01,retest,20181113,4,12,1,1,1,0.849163740768471,0.849163740768471,0.785979291992354,0.785979291992354
mle01,retest,20181113,4,13,1,1,1,0.234633670785229,0.234633670785229,0.309717750816212,0.309717750816212
mle01,retest,20181113,4,14,2,1,1,0.136604761048106,0.128121412592604,0.373008041803741,0.372104821302995
mle01,retest,20181113,4,15,1,1,1,0.232992762874177,0.232992762874177,0.48738902245529,0.48738902245529
mle01,retest,20181113,4,16,2,1,1,0.731393424385878,0.731393424385878,0.480404682712775,0.480404682712775
mle01,retest,20181113,4,17,1,1,1,0.362071318033647,0.362071318033647,0.408015119625599,0.408015119625599
mle01,retest,20181113,4,18,1,1,1,0.328149613418566,0.328149613418566,0.354663646640741,0.354663646640741
mle01,retest,20181113,4,19,1,1,1,0.900450337173375,0.900450337173375,0.734378655500212,0.734378655500212
mle01,retest,20181113,4,20,1,1,1,0.494167485121666,0.494167485121666,0.493231439848918,0.493231439848918
mle01,retest,20181113,4,21,2,1,1,0.295158995146647,0.295158995146647,0.263439237222558,0.263439237222558
mle01,retest,20181113,4,22,1,1,1,0.481004204544067,0.481004204544067,0.34914515061173,0.34914515061173
mle01,retest,20181113,4,23,2,1,1,0.521577998668582,0.521577998668582,0.480292273486958,0.480292273486958
mle01,retest,20181113,4,24,1,1,1,0.7079877337232,0.7079877337232,0.625500204525946,0.625500204525946
mle01,retest,20181113,4,25,2,1,1,0.228366434135415,0.228366434135415,0.2587984801884,0.2587984801884
mle01,retest,20181113,4,26,1,1,1,0.201406725985686,0.242479908066902,0.336314503700812,0.284325366037874
mle01,retest,20181113,4,27,2,1,1,0.412054077073472,0.412054077073472,0.436417108329367,0.436417108329367
mle01,retest,20181113,4,28,2,1,1,0.093132595703298,0.093132595703298,0.268865498418937,0.268865498418937
mle01,retest,20181113,4,29,2,1,1,0.305233105877983,0.305233105877983,0.414717086147252,0.414717086147252
mle01,retest,20181113,4,30,1,1,1,0.446126522886241,0.446126522886241,0.565321796312815,0.565321796312815
mle01,retest,20181113,4,31,2,1,1,0.467252286539847,0.467252286539847,0.334219153142882,0.334219153142882
mle01,retest,20181113,4,32,2,1,1,0.28606522572753,0.28606522572753,0.313665535104119,0.313665535104119
mle01,retest,20181113,4,33,1,1,1,0.246994030939527,0.246994030939527,0.511379648795522,0.511379648795522
mle01,retest,20181113,4,34,2,1,1,0.101816478860172,0.101816478860172,0.373978528185536,0.373978528185536
mle01,retest,20181113,4,35,1,1,1,0.450568371678247,0.450568371678247,0.73138580821635,0.73138580821635
mle01,retest,20181113,4,36,1,1,1,0.465219565138265,0.465219565138265,0.522955835330783,0.522955835330783
mle01,retest,20181113,4,37,1,1,1,0.878814136705573,0.878814136705573,0.734918707319801,0.734918707319801
mle01,retest,20181113,4,38,1,1,1,0.299207169586462,0.299207169586462,0.32018855755732,0.32018855755732
mle01,retest,20181113,4,39,1,1,1,0.640581822343247,0.640581822343247,0.539014536354294,0.539014536354294
mle01,retest,20181113,4,40,1,1,1,0.144029669619062,0.144029669619062,0.345328863945985,0.345328863945985
mle01,retest,20181113,4,41,1,1,1,0.343682419903196,0.343682419903196,0.290063677777024,0.290063677777024
mle01,retest,20181113,4,42,2,1,1,0.612617558988711,0.612617558988711,0.417874106030339,0.417874106030339
mle01,retest,20181113,4,43,2,1,1,0.675861435321496,0.345917862977574,0.406841571587959,0.381469885134011
mle01,retest,20181113,4,44,1,1,1,0.378857890097482,0.658221689913015,0.60335925439927,0.452055532662881
mle01,retest,20181113,4,45,1,1,1,0.482429446693632,0.482429446693632,0.35352489931778,0.35352489931778
mle01,retest,20181113,4,46,1,1,1,0.443530536738598,0.443530536738598,0.588386861888884,0.588386861888884
mle01,retest,20181113,4,47,2,1,1,0.506908185242589,0.506908185242589,0.757147098849703,0.757147098849703
mle01,retest,20181113,4,48,1,1,1,0.792295202697177,0.145760502073358,0.48615548298109,0.224326087803653
mle01,retest,20181113,4,49,1,1,1,0.384828621927211,0.384828621927211,0.352766289573649,0.352766289573649
mle01,retest,20181113,4,50,1,1,1,0.296926632757067,0.296926632757067,0.466853682627745,0.466853682627745
mle01,retest,20181113,4,51,2,0,0,NaN,NaN,NaN,NaN
mle01,retest,20181113,4,52,1,0,0,NaN,NaN,NaN,NaN
mle01,retest,20181113,4,53,1,1,1,0.350801214796867,0.350801214796867,0.583081196874089,0.583081196874089
mle01,retest,20181113,4,54,2,1,1,0.27674806206107,0.27674806206107,0.413001138645135,0.413001138645135
mle01,retest,20181113,4,55,1,1,1,0.57098206063123,0.57098206063123,0.475461216518244,0.475461216518244
mle01,retest,20181113,4,56,1,1,1,0.189759319387246,0.189759319387246,0.371857455404956,0.371857455404956
mle01,retest,20181113,4,57,2,1,1,0.317929613901137,0.317929613901137,0.391382396616683,0.391382396616683
mle01,retest,20181113,4,58,1,1,1,0.375428111451497,0.375428111451497,0.349442536302564,0.349442536302564
mle01,retest,20181113,4,59,1,0,0,NaN,NaN,NaN,NaN
mle01,retest,20181113,4,60,1,1,1,0.172607982563678,0.170429100623034,0.274155908166121,0.277047354588529
mle01,retest,20181113,4,61,2,1,1,0.376348101920204,0.376348101920204,0.709967880225894,0.709967880225894
mle01,retest,20181113,4,62,1,1,1,0.804429375642385,0.804429375642385,0.321866171294519,0.321866171294519
mle01,retest,20181113,4,63,1,1,1,0.367817392944357,0.367817392944357,0.539080366119644,0.539080366119644
mle01,retest,20181113,4,64,1,0,0,NaN,NaN,NaN,NaN
mle01,retest,20181113,4,65,2,0,0,NaN,NaN,NaN,NaN
mle01,retest,20181113,4,66,2,0,0,NaN,NaN,NaN,NaN
mle01,retest,20181113,4,67,2,0,0,NaN,NaN,NaN,NaN
mle01,retest,20181113,4,68,1,0,0,NaN,NaN,NaN,NaN
mle01,retest,20181113,4,69,1,0,0,NaN,NaN,NaN,NaN
mle01,retest,20181113,4,70,1,0,0,NaN,NaN,NaN,NaN
mle01,retest,20181113,4,71,1,1,1,0.467496093772628,0.467496093772628,0.491523453797337,0.491523453797337
mle01,retest,20181113,4,72,2,0,0,NaN,NaN,NaN,NaN
mle01,retest,20181113,4,73,1,0,0,NaN,NaN,NaN,NaN
mle01,retest,20181113,4,74,2,0,0,NaN,NaN,NaN,NaN
mle01,retest,20181113,4,75,2,0,0,NaN,NaN,NaN,NaN
mle01,retest,20181113,4,76,1,1,1,0.896926081187163,0.896926081187163,0.85547395357446,0.85547395357446
mle01,retest,20181113,4,77,1,1,1,0.597885534880261,0.597885534880261,0.490746557116624,0.490746557116624
mle01,retest,20181113,4,78,1,1,1,0.664021498813288,0.664021498813288,0.69854116770023,0.69854116770023
mle01,retest,20181113,4,79,1,1,1,0.403838302186863,0.403838302186863,0.372182396963112,0.372182396963112
mle01,retest,20181113,4,80,1,1,1,0.422970629387659,0.422970629387659,0.418517531627484,0.418517531627484
mle01,retest,20181113,4,81,1,1,1,0.51132143718092,0.51132143718092,0.41158405302388,0.41158405302388
mle01,retest,20181113,4,82,1,1,1,0.126445442735639,0.126445442735639,0.371491026047273,0.371491026047273
mle01,retest,20181113,4,83,1,1,1,0.968453015910176,0.968453015910176,0.579313796844257,0.579313796844257
mle01,retest,20181113,4,84,1,0,0,NaN,NaN,NaN,NaN
mle01,retest,20181113,4,85,1,1,1,0.646390402386674,0.646390402386674,0.592284876107978,0.592284876107978
mle01,retest,20181113,4,86,1,1,1,0.159530200532372,0.159530200532372,0.258318385067263,0.258318385067263
mle01,retest,20181113,4,87,1,1,1,0.489458855496514,0.489458855496514,0.723802157531601,0.723802157531601
mle01,retest,20181113,4,88,1,1,1,0.253792984506003,0.253792984506003,0.485442754708727,0.485442754708727
mle01,retest,20181113,4,89,1,1,1,0.288239968909364,0.288239968909364,0.308674522614793,0.308674522614793
mle01,retest,20181113,4,90,1,1,1,0.273315273303917,0.273315273303917,0.345117596918509,0.345117596918509
mle01,retest,20181113,4,91,1,1,1,0.428200761799875,0.428200761799875,0.456255673802684,0.456255673802684
mle01,retest,20181113,4,92,1,1,1,0.65288411790614,0.65288411790614,0.639664202197779,0.639664202197779
mle01,retest,20181113,4,93,1,1,1,0.622552121668429,0.622552121668429,0.752821497323806,0.752821497323806
mle01,retest,20181113,4,94,2,1,1,0.192451929515437,0.192451929515437,0.346803158896844,0.346803158896844
mle01,retest,20181113,4,95,2,1,1,0.638378701315801,0.638378701315801,0.434566194958663,0.434566194958663
mle01,retest,20181113,4,96,2,1,1,0.787560180907939,0.787560180907939,0.811481546827479,0.811481546827479
mle01,retest,20181113,4,97,2,1,1,0.216029061455231,0.216029061455231,0.433235870273091,0.433235870273091
mle01,retest,20181113,4,98,1,1,1,0.683911493633174,0.683911493633174,0.577218542423799,0.577218542423799
mle01,retest,20181113,4,99,2,1,1,0.105402555455894,0.105402555455894,0.618566361615119,0.618566361615119
mle01,retest,20181113,4,100,NaN,0,0,NaN,NaN,NaN,NaN
mle01,retest,20181113,5,1,1,1,1,0.342042151980528,0.342042151980528,0.445212939016339,0.445212939016339
mle01,retest,20181113,5,2,2,1,1,0.440092639142783,0.440092639142783,0.577221428816031,0.577221428816031
mle01,retest,20181113,5,3,2,1,1,0.232296632531163,0.232296632531163,0.404454426353593,0.404454426353593
mle01,retest,20181113,5,4,1,1,1,0.609593323551696,0.609593323551696,0.709722526183212,0.709722526183212
mle01,retest,20181113,5,5,2,1,1,0.273194865516426,0.273194865516426,0.527496947014388,0.527496947014388
mle01,retest,20181113,5,6,1,1,1,0.520469586781582,0.520469586781582,0.487393996965543,0.487393996965543
mle01,retest,20181113,5,7,2,1,1,0.202921987638462,0.202921987638462,0.253935015476858,0.253935015476858
mle01,retest,20181113,5,8,2,1,1,0.411531139355444,0.411531139355444,0.379275090170087,0.379275090170087
mle01,retest,20181113,5,9,1,1,1,0.548470761099674,0.548470761099674,0.46910255140162,0.46910255140162
mle01,retest,20181113,5,10,2,1,1,0.485589055331403,0.485589055331403,0.541229105376744,0.541229105376744
mle01,retest,20181113,5,11,1,1,1,0.556836056673819,0.556836056673819,0.559583663754416,0.559583663754416
mle01,retest,20181113,5,12,2,1,1,0.5313920366333,0.5313920366333,0.612232825908166,0.612232825908166
mle01,retest,20181113,5,13,1,1,1,0.426654410632796,0.426654410632796,0.558377667005327,0.558377667005327
mle01,retest,20181113,5,14,1,1,1,0.223909769122607,0.223909769122607,0.366664068059753,0.366664068059753
mle01,retest,20181113,5,15,2,1,1,0.46718643060937,0.46718643060937,0.686785052431449,0.686785052431449
mle01,retest,20181113,5,16,1,1,1,0.621116794256701,0.621116794256701,0.602480430199155,0.602480430199155
mle01,retest,20181113,5,17,1,1,1,0.527411627772091,0.527411627772091,0.683758258568198,0.683758258568198
mle01,retest,20181113,5,18,2,1,1,0.328143460812341,0.328143460812341,0.318880394802411,0.318880394802411
mle01,retest,20181113,5,19,2,1,1,0.533247481771824,0.533247481771824,0.387537602016795,0.387537602016795
mle01,retest,20181113,5,20,1,1,1,0.263571427163908,0.263571427163908,0.354516199208161,0.354516199208161
mle01,retest,20181113,5,21,1,1,1,0.472963169847803,0.472963169847803,0.359047758904784,0.359047758904784
mle01,retest,20181113,5,22,1,1,1,0.779263987532291,0.779263987532291,0.527438314022901,0.527438314022901
mle01,retest,20181113,5,23,2,1,1,0.464839090070175,0.464839090070175,0.286161732673209,0.286161732673209
mle01,retest,20181113,5,24,1,1,1,0.423257861421771,0.423257861421771,0.329172153770846,0.329172153770846
mle01,retest,20181113,5,25,1,1,1,0.635338325048623,0.635338325048623,0.575958792482247,0.575958792482247
mle01,retest,20181113,5,26,1,1,1,0.398674771859343,0.398674771859343,0.333075023816362,0.333075023816362
mle01,retest,20181113,5,27,2,1,1,1.37403150004064,1.37403150004064,0.883458154816715,0.883458154816715
mle01,retest,20181113,5,28,1,1,1,0.329848882219275,0.329848882219275,0.248894976787303,0.248894976787303
mle01,retest,20181113,5,29,2,1,1,0.727725127915604,0.727725127915604,0.495289352475156,0.495289352475156
mle01,retest,20181113,5,30,1,0,0,NaN,NaN,NaN,NaN
mle01,retest,20181113,5,31,1,1,1,0.669478559324298,0.669478559324298,0.486286232060479,0.486286232060479
mle01,retest,20181113,5,32,2,1,1,1.1473541826237,1.1473541826237,0.768587807229429,0.768587807229429
mle01,retest,20181113,5,33,1,1,1,0.184530258358438,0.184530258358438,0.379036436024062,0.379036436024062
mle01,retest,20181113,5,34,2,1,1,0.315051085342394,0.315051085342394,0.436609425247876,0.436609425247876
mle01,retest,20181113,5,35,1,1,1,0.590221879139797,0.590221879139797,0.430320722740654,0.430320722740654
mle01,retest,20181113,5,36,1,1,1,0.802781490074263,0.802781490074263,0.473827801485729,0.473827801485729
mle01,retest,20181113,5,37,1,1,1,0.410372607317854,0.410372607317854,0.752087708762154,0.752087708762154
mle01,retest,20181113,5,38,1,1,1,0.344003185233695,0.344003185233695,0.315833662554879,0.315833662554879
mle01,retest,20181113,5,39,1,1,1,0.633334144130444,0.633334144130444,0.335527563052099,0.335527563052099
mle01,retest,20181113,5,40,2,1,1,0.490026815544991,0.490026815544991,0.395454592620235,0.395454592620235
mle01,retest,20181113,5,41,2,1,1,0.372636443102706,0.372636443102706,0.395943967931894,0.395943967931894
mle01,retest,20181113,5,42,2,1,1,0.201405408357305,0.201405408357305,0.376720712198538,0.376720712198538
mle01,retest,20181113,5,43,1,1,1,0.456377970530317,0.456377970530317,0.442341562555011,0.442341562555011
mle01,retest,20181113,5,44,2,1,1,0.342804666605064,0.342804666605064,0.491751335321711,0.491751335321711
mle01,retest,20181113,5,45,1,1,1,0.465848010706008,0.465848010706008,0.442246981752872,0.442246981752872
mle01,retest,20181113,5,46,1,1,1,0.267849768350492,0.267849768350492,0.44966777452197,0.44966777452197
mle01,retest,20181113,5,47,2,1,1,0.231616960665639,0.231616960665639,0.444837705981877,0.444837705981877
mle01,retest,20181113,5,48,1,1,1,0.172919468323082,0.172919468323082,0.865123880967282,0.865123880967282
mle01,retest,20181113,5,49,2,1,1,0.489582593130264,0.489582593130264,0.283741995652062,0.283741995652062
mle01,retest,20181113,5,50,1,1,1,0.26252092952298,0.26252092952298,0.329075015395058,0.329075015395058
mle01,retest,20181113,5,51,1,1,1,0.597677308768084,0.597677308768084,0.619677061845828,0.619677061845828
mle01,retest,20181113,5,52,1,1,1,0.91693908051727,0.91693908051727,0.599840736319982,0.599840736319982
mle01,retest,20181113,5,53,1,1,1,0.796049611615699,0.429942423923749,0.659553099896967,0.534515884801766
mle01,retest,20181113,5,54,2,1,1,0.34057237261364,0.34057237261364,0.462405850518395,0.462405850518395
mle01,retest,20181113,5,55,2,1,1,0.574309151771591,0.574309151771591,0.293954736302426,0.293954736302426
mle01,retest,20181113,5,56,1,1,1,0.911071251423572,0.911071251423572,0.559603669544323,0.559603669544323
mle01,retest,20181113,5,57,2,1,1,0.691009022519126,0.691009022519126,0.490714000217977,0.490714000217977
mle01,retest,20181113,5,58,2,1,1,1.21985586603145,1.21985586603145,0.895335205035578,0.895335205035578
mle01,retest,20181113,5,59,1,1,1,0.157061566077991,0.157061566077991,0.344254173318518,0.344254173318518
mle01,retest,20181113,5,60,1,1,1,0.416661178190429,0.416661178190429,0.418456862611188,0.418456862611188
mle01,retest,20181113,5,61,2,1,1,1.25525039283647,1.25525039283647,0.80717921045729,0.80717921045729
mle01,retest,20181113,5,62,1,1,1,0.466638936870909,0.466638936870909,0.548336025572194,0.548336025572194
mle01,retest,20181113,5,63,2,1,1,0.353895212429215,0.353895212429215,0.390548441607703,0.390548441607703
mle01,retest,20181113,5,64,2,1,1,0.286911396894747,0.242612327108003,0.232294676625141,0.160411416424292
mle01,retest,20181113,5,65,2,1,1,0.53770485035176,0.53770485035176,0.432061783546495,0.432061783546495
mle01,retest,20181113,5,66,2,1,1,0.365244926293967,0.365244926293967,0.425434195119388,0.425434195119388
mle01,retest,20181113,5,67,1,1,1,0.537939811826318,0.56371405605497,0.379518878255214,0.366171672042544
mle01,retest,20181113,5,68,1,1,1,0.570834717936858,0.510037294941384,0.477055034484774,0.464537613339659
mle01,retest,20181113,5,69,1,0,0,NaN,NaN,NaN,NaN
mle01,retest,20181113,5,70,1,1,1,1.24066687915617,1.24066687915617,0.890283417969086,0.890283417969086
mle01,retest,20181113,5,71,1,1,1,0.400298070498738,0.400298070498738,0.608827159684609,0.608827159684609
mle01,retest,20181113,5,72,1,1,1,0.330783252321092,0.330783252321092,0.479327822027228,0.479327822027228
mle01,retest,20181113,5,73,1,1,1,0.431353374665299,0.431353374665299,0.378369088331061,0.378369088331061
mle01,retest,20181113,5,74,1,1,1,0.182054955148517,0.182054955148517,0.187830012870014,0.187830012870014
mle01,retest,20181113,5,75,1,1,1,0.129614250977763,0.129614250977763,0.208813195957777,0.208813195957777
mle01,retest,20181113,5,76,1,1,1,0.201699944118631,0.201699944118631,0.365769286363138,0.365769286363138
mle01,retest,20181113,5,77,1,1,1,0.582665016349187,0.582665016349187,0.702930788139082,0.702930788139082
mle01,retest,20181113,5,78,1,1,1,0.401835275092026,0.401835275092026,0.317138695473867,0.317138695473867
mle01,retest,20181113,5,79,1,1,1,0.625196139738996,0.625196139738996,0.383097961398334,0.383097961398334
mle01,retest,20181113,5,80,1,1,1,0.673160981752773,0.673160981752773,0.413313912994001,0.413313912994001
mle01,retest,20181113,5,81,1,1,1,0.525421249326332,0.525421249326332,0.522859355791843,0.522859355791843
mle01,retest,20181113,5,82,1,1,1,0.276276927589127,0.276276927589127,0.443170712896083,0.443170712896083
mle01,retest,20181113,5,83,1,1,1,1.02992083666356,1.02992083666356,0.594135178800829,0.594135178800829
mle01,retest,20181113,5,84,1,1,1,0.520387627579237,0.520387627579237,0.323563767872463,0.323563767872463
mle01,retest,20181113,5,85,1,1,1,0.785280967237506,0.785280967237506,0.893153995680314,0.893153995680314
mle01,retest,20181113,5,86,2,1,1,0.921289997440232,0.921289997440232,0.539192138575584,0.539192138575584
mle01,retest,20181113,5,87,1,1,1,0.174425496189532,0.174425496189532,0.506542865473841,0.506542865473841
mle01,retest,20181113,5,88,1,1,1,0.869966708132151,0.377205136767654,0.635732971042358,0.444545551156466
mle01,retest,20181113,5,89,1,1,1,0.514304525174563,0.514304525174563,0.313840137675441,0.313840137675441
mle01,retest,20181113,5,90,1,1,1,0.685761980312948,0.685761980312948,0.557268220317858,0.557268220317858
mle01,retest,20181113,5,91,1,1,1,0.56436034717865,0.509040662696612,0.597340773223098,0.505151528910361
mle01,retest,20181113,5,92,NaN,0,0,NaN,NaN,NaN,NaN
mle01,retest,20181113,5,93,1,0,0,NaN,NaN,NaN,NaN
mle01,retest,20181113,5,94,1,0,0,NaN,NaN,NaN,NaN
mle01,retest,20181113,5,95,1,1,1,0.581450020579563,0.581450020579563,0.387674713566147,0.387674713566147
mle01,retest,20181113,5,96,1,1,1,0.0885627748180993,0.0885627748180993,0.354963871135826,0.354963871135826
mle01,retest,20181113,5,97,1,1,1,0.837225537526745,0.837225537526745,0.512090313061169,0.512090313061169
mle01,retest,20181113,5,98,1,1,1,0.618248796278203,0.618248796278203,0.422177738598495,0.422177738598495
mle01,retest,20181113,5,99,2,1,1,0.172331736760725,0.172331736760725,0.321544738611004,0.321544738611004
mle01,retest,20181113,5,100,NaN,0,0,NaN,NaN,NaN,NaN
