subject,session,recordingDate,runNumber,trial,label,referenceAccepted,currentAccepted,referenceStep,currentStep,referenceNearby,currentNearby
spe30,pre,20180718,1,1,2,1,1,6.25362043923001,0.114503588914825,0.602073819516828,0.58249408211991
spe30,pre,20180718,1,2,1,1,1,3.2257441814584,1.11327780398428,0.935313212916638,0.829677566180495
spe30,pre,20180718,1,3,1,1,1,2.16477223387551,0.255792616759232,0.585518786196758,0.640838150577284
spe30,pre,20180718,1,4,1,1,1,1.91782692037432,0.60102748126849,0.480160057686327,0.53945335393303
spe30,pre,20180718,1,5,2,1,1,2.43978969464653,0.473545710238673,0.775050431860888,0.784235403264911
spe30,pre,20180718,1,6,2,1,1,9.78009131278921,0.620030751318255,0.859850212786538,0.647449954147842
spe30,pre,20180718,1,7,2,1,1,12.023289292669,0.568546290099074,0.733269914801554,0.50419711742574
spe30,pre,20180718,1,8,2,1,1,10.8223522755986,0.775847084194925,0.725756596853378,0.704974153001065
spe30,pre,20180718,1,9,2,1,1,11.2590307664687,1.05595697158125,0.694572191393881,0.773014409356913
spe30,pre,20180718,1,10,1,1,1,1.16279134887733,0.325253767441346,0.465782691513101,0.489429116318553
spe30,pre,20180718,1,11,2,1,1,2.02757610486706,0.486733213998406,0.498185234858169,0.520915837884579
spe30,pre,20180718,1,12,1,1,1,4.23027051405007,0.65741108295731,0.610310889341068,0.831053314926935
spe30,pre,20180718,1,13,1,1,1,1.44689558244543,0.953972447284924,0.658478467967452,0.976967865078369
spe30,pre,20180718,1,14,2,1,1,4.08531796871446,1.50889371932405,0.881098908114248,0.846972475836578
spe30,pre,20180718,1,15,2,1,1,8.39755836706734,0.564334189827116,0.655324896536264,0.633520191204506
spe30,pre,20180718,1,16,2,1,1,2.78625368060702,0.803401529001834,0.452605693382878,0.372673805438297
spe30,pre,20180718,1,17,1,1,1,4.599022647769,0.650983441192708,0.477213686951119,0.515554379742494
spe30,pre,20180718,1,18,1,1,1,2.5608263808488,0.623077188842173,0.725834275356087,0.743387453163783
spe30,pre,20180718,1,19,1,1,1,1.5249573510976,0.781180226893873,0.726033271382807,0.67609523462296
spe30,pre,20180718,1,20,2,1,1,2.93003998940663,0.484151628085506,0.539769584290482,0.485338917486847
spe30,pre,20180718,1,21,1,1,1,4.60060093318318,0.348611917416164,0.534201822782693,0.472246182054805
spe30,pre,20180718,1,22,1,1,1,3.23885981200801,0.66506476837851,0.579899556034827,0.774247243837212
spe30,pre,20180718,1,23,1,1,1,2.5724905211766,1.12982683148102,0.485319636281175,0.598641519447074
spe30,pre,20180718,1,24,1,1,1,0.629141730306569,0.806203832714964,0.785905631946799,0.953977105448937
spe30,pre,20180718,1,25,1,1,1,9.18893105544065,0.777185031484024,0.600618272071304,0.564149004900561
spe30,pre,20180718,1,26,1,1,1,2.08699536918827,0.810506371256047,0.603970397567414,0.726935289584595
spe30,pre,20180718,1,27,1,1,1,1.74582337459879,0.563285874839046,0.931702805607172,0.831983255695977
spe30,pre,20180718,1,28,2,1,1,5.79297231933738,0.716459968949692,0.571562366810899,0.471801656059235
spe30,pre,20180718,1,29,1,1,1,1.5839848882999,0.322265679021443,0.543384881700744,0.594075618618355
spe30,pre,20180718,1,30,1,1,1,2.88862401088604,0.399259763950078,0.509960801759457,0.493045416013603
spe30,pre,20180718,1,31,1,1,1,8.28964896407068,1.07840534578743,0.785907365242639,0.811628669984
spe30,pre,20180718,1,32,1,1,1,1.28717818446966,0.201940870884942,0.492445058861419,0.398895063187277
spe30,pre,20180718,1,33,1,1,1,11.0596857584074,0.330582146159621,0.619674271257782,0.63122482844767
spe30,pre,20180718,1,34,1,1,1,1.94852540525152,1.15655917068405,0.554603036663813,0.514757028386917
spe30,pre,20180718,1,35,1,1,1,4.05055563382828,0.245517573069206,0.413442995217239,0.593480764459223
spe30,pre,20180718,1,36,1,1,1,3.15207632730761,0.376340935963239,0.411241655222889,0.460054779330693
spe30,pre,20180718,1,37,2,1,1,6.67773145214727,0.466513470658574,0.489259596124239,0.446334508060571
spe30,pre,20180718,1,38,1,1,1,2.52367111446088,0.505841843586142,0.703794274743971,0.636178438729115
spe30,pre,20180718,1,39,2,1,1,4.91279070099071,0.972216240357454,0.727661872796252,0.526195842367852
spe30,pre,20180718,1,40,1,1,1,13.5969003631055,0.199861876866748,0.336875304952492,0.385210836537317
spe30,pre,20180718,1,41,2,1,1,2.69588871335013,0.410328801942471,0.438196302064206,0.699603918214754
spe30,pre,20180718,1,42,1,1,1,10.5552430026539,0.513373420885755,0.452700424388331,0.686770637986678
spe30,pre,20180718,1,43,1,1,1,1.4773782117168,0.357618409353158,0.779952573850893,0.623394242015471
spe30,pre,20180718,1,44,2,1,1,7.86040722596564,0.589003135509642,0.661793448990945,0.794658430785507
spe30,pre,20180718,1,45,1,1,1,2.98761435827693,1.26963934914284,0.7918761680821,0.857129159346735
spe30,pre,20180718,1,46,1,1,1,0.333094555936995,0.411911476236434,0.298276353785749,0.301226669102312
spe30,pre,20180718,1,47,2,1,1,1.73124052751228,0.688805317378957,0.530664200240243,0.55544178421269
spe30,pre,20180718,1,48,2,1,1,1.52491528538743,0.215841910963453,0.517831311285263,0.378015779623317
spe30,pre,20180718,1,49,1,1,1,1.01965883733574,0.726858894024463,0.657008891189628,0.440668500976706
spe30,pre,20180718,1,50,2,1,1,13.7967801693287,0.32864936426883,0.66951092475743,0.522890320411818
spe30,pre,20180718,1,51,1,1,1,3.73106665190523,0.511466576614835,0.615271264465068,0.611060404634414
spe30,pre,20180718,1,52,1,1,1,0.979817296631362,0.719435772835615,0.808645419708065,0.932273699091085
spe30,pre,20180718,1,53,2,1,1,1.3611673591905,0.396632403364937,0.594731277457787,0.618381082215969
spe30,pre,20180718,1,54,1,1,1,0.788499497434782,0.426485718037958,0.534802344086371,0.468703402545653
spe30,pre,20180718,1,55,2,1,1,2.58880647071982,0.476680550363866,0.502271021740396,0.539515340601443
spe30,pre,20180718,1,56,1,1,1,19.8374877291493,0.381788488442895,0.889902011462438,0.984644173705515
spe30,pre,20180718,1,57,1,1,1,1.18360168645556,0.800963164195797,0.497753830786205,0.50868136917462
spe30,pre,20180718,1,58,1,1,1,3.91749016005416,0.419249639800742,0.468664140195067,0.236028698050335
spe30,pre,20180718,1,59,1,1,1,5.67274195298884,0.601008906961118,0.586356520203202,0.549067510372132
spe30,pre,20180718,1,60,1,1,1,7.05845462860854,0.731477639694418,0.541053691905997,0.498120055132165
spe30,pre,20180718,1,61,2,1,1,3.91212094045008,0.675074138713391,0.583218583030706,0.587529032036279
spe30,pre,20180718,1,62,1,1,1,3.95606691058021,0.423607897755386,0.512535094824683,0.54673569146797
spe30,pre,20180718,1,63,1,1,1,1.98389918603506,1.05476425634953,0.87726855618413,0.946715163890094
spe30,pre,20180718,1,64,1,1,1,4.06143175889284,0.922989533502808,0.291883524104906,0.475919420762846
spe30,pre,20180718,1,65,1,1,1,4.38653408178262,0.292001367849571,0.631458716031265,0.394635749246615
spe30,pre,20180718,1,66,1,1,1,2.88189505065286,0.0905942422912887,0.55161776240537,0.568209023588051
spe30,pre,20180718,1,67,1,1,1,2.10364774706614,0.348776719589548,0.379003198496253,0.413133053942343
spe30,pre,20180718,1,68,2,1,1,1.3714526369888,0.499555665672665,0.718515227789094,0.711877719585925
spe30,pre,20180718,1,69,1,1,1,12.0189656232045,1.49571959305056,0.506399639023631,0.790298086712345
spe30,pre,20180718,1,70,1,1,1,1.1197614693429,1.51455185841533,0.907870320681213,0.966772641038669
spe30,pre,20180718,1,71,1,1,1,2.96525339955038,0.611476672749354,0.464503848369334,0.431613635437591
spe30,pre,20180718,1,72,2,1,1,2.0874183195182,0.412885714961094,0.553382120207714,0.482533463712245
spe30,pre,20180718,1,73,2,1,1,3.44144155870632,0.570345431395589,0.590955352771033,0.515145284671454
spe30,pre,20180718,1,74,1,1,1,6.46237533461984,1.05456702366237,0.986660221065061,0.817930470158137
spe30,pre,20180718,1,75,2,1,1,25.4859843773503,0.885545485692435,0.653667419223389,0.888428625066125
spe30,pre,20180718,1,76,1,0,0,NaN,NaN,NaN,NaN
spe30,pre,20180718,1,77,1,0,0,NaN,NaN,NaN,NaN
spe30,pre,20180718,1,78,1,1,1,2.44141859715849,0.49993881089657,0.84336615344482,0.589673846031231
spe30,pre,20180718,1,79,1,1,1,2.40380289842681,0.472383849405727,0.865594767764495,0.508877572057487
spe30,pre,20180718,1,80,1,1,1,1.36287197654071,1.06044245535904,0.760951987825997,0.842901548503666
spe30,pre,20180718,1,81,2,1,1,7.17972712815677,0.687867367073428,0.762510114046884,0.542462243984634
spe30,pre,20180718,1,82,2,1,1,0.993277284650984,0.362276394688213,0.523091420146625,0.359672789244731
spe30,pre,20180718,1,83,1,1,1,1.69554042138794,0.535422111125302,0.411683146545425,0.462405619486627
spe30,pre,20180718,1,84,1,1,1,3.86285464421216,0.749999134160717,0.571056573048222,0.653218925604598
spe30,pre,20180718,1,85,1,1,1,10.507212868297,0.478273967100622,0.751728305468368,0.645315804196005
spe30,pre,20180718,1,86,1,1,1,1.16802702771159,0.592819045248783,0.676645055997045,0.682936760879064
spe30,pre,20180718,1,87,1,1,1,3.0937054695318,0.829132452976757,0.632465392870856,0.516919903599817
spe30,pre,20180718,1,88,2,1,1,6.52656978135055,0.772774096574511,0.638965649558416,0.490000881650243
spe30,pre,20180718,1,89,1,1,1,6.32846583767456,0.503009817336487,0.379555829383923,0.453674000907708
spe30,pre,20180718,1,90,1,1,1,1.81726387217707,1.1443403138155,0.763398042222983,0.776044146593457
spe30,pre,20180718,1,91,2,1,1,1.56134312849775,1.4393703825132,0.508022424440593,0.771970487508948
spe30,pre,20180718,1,92,1,1,1,2.97583928857103,0.673050619217678,0.501555918361533,0.649031991441513
spe30,pre,20180718,1,93,2,1,1,0.749312217071588,0.73545051838185,0.590915808658892,0.591004001437893
spe30,pre,20180718,1,94,2,1,1,4.10579191945886,0.983859030042442,0.385934525277426,0.608730424146738
spe30,pre,20180718,1,95,1,1,1,1.58615655347133,0.803176573378594,0.590558029694731,0.737897261844465
spe30,pre,20180718,1,96,2,1,1,1.83275560747706,0.467974001770944,0.551287933891828,0.700702497890892
spe30,pre,20180718,1,97,2,1,1,29.8277436550595,0.981712063455008,0.794918351860912,0.965228259434445
spe30,pre,20180718,1,98,1,1,1,1.85283252808525,1.28754637718649,0.639421573037978,0.592889268063532
spe30,pre,20180718,1,99,1,1,1,0.485447119525388,0.231300949353038,0.350230248140038,0.291853957104991
spe30,pre,20180718,1,100,1,1,1,2.23738257364246,0.219574601036088,0.565264091712186,0.6601946294526
spe30,pre,20180718,1,101,NaN,0,0,NaN,NaN,NaN,NaN
spe30,pre,20180718,2,1,1,1,1,6.04900063526047,0.73081145113572,0.71387820312514,0.786147183643155
spe30,pre,20180718,2,2,1,1,1,7.93735279181995,1.03075449152245,0.382253768942477,0.596381110690349
spe30,pre,20180718,2,3,2,1,1,1.57143377378191,0.143710367754959,0.268178488248171,0.384837844149427
spe30,pre,20180718,2,4,2,1,1,1.91910059723176,0.463043253727058,0.580450030677043,0.576132915209252
spe30,pre,20180718,2,5,1,1,1,0.965810983039188,0.26136050840128,0.744084912740839,0.605555276004293
spe30,pre,20180718,2,6,2,1,1,3.09731821288145,0.72095205991114,0.635544949554837,0.635581721775748
spe30,pre,20180718,2,7,2,1,1,1.67602124929445,1.21006960577224,0.61428716894156,0.65363521391877
spe30,pre,20180718,2,8,2,1,1,1.13335048485234,0.326559364515539,0.476968402657398,0.507274401862655
spe30,pre,20180718,2,9,1,1,1,1.28444032749789,0.399830380083593,0.38149970653054,0.38890934323172
spe30,pre,20180718,2,10,1,1,1,1.99451639047689,1.06119713461424,0.785509913954867,0.81139466587088
spe30,pre,20180718,2,11,2,1,1,10.9825599643273,0.476279460764564,0.508649869133179,0.600539090186088
spe30,pre,20180718,2,12,1,1,1,5.29979193661415,0.348801926046924,0.287003377633922,0.360811494951497
spe30,pre,20180718,2,13,2,1,1,3.07811937327258,0.462741205429914,0.410857108576585,0.294339331774152
spe30,pre,20180718,2,14,1,1,1,7.62841569570392,0.183443040537773,0.494457420830407,0.522195131881839
spe30,pre,20180718,2,15,1,1,1,0.878659978409605,0.545629351833027,0.45511764976306,0.46251662716695
spe30,pre,20180718,2,16,2,1,1,3.31018484449371,0.541938789638273,0.594323753712166,0.581160543526324
spe30,pre,20180718,2,17,2,1,1,5.30584573440822,0.181912666671937,0.421199066926667,0.29161251003701
spe30,pre,20180718,2,18,2,1,1,1.0104580072391,0.491187089036575,0.668193955644161,0.532242052332424
spe30,pre,20180718,2,19,1,1,1,0.793593106244403,0.377247394189087,0.552793276199711,0.488480275741996
spe30,pre,20180718,2,20,1,1,1,1.26998290913836,0.698047093692237,0.459253306718825,0.672679720478897
spe30,pre,20180718,2,21,1,1,1,1.65364669822962,0.440052011485199,0.501739715559776,0.38921003918812
spe30,pre,20180718,2,22,2,1,1,1.91971547804983,0.426271855904848,0.558499617675492,0.39679518475532
spe30,pre,20180718,2,23,2,1,1,5.41488666015525,0.193907148336041,0.387186123417609,0.330251671577359
spe30,pre,20180718,2,24,1,1,1,4.94737277613059,0.665701123349787,0.383232645866101,0.508767239313045
spe30,pre,20180718,2,25,1,1,1,1.41157810080447,0.399717933527791,0.42031210469964,0.420311865757331
spe30,pre,20180718,2,26,2,1,1,1.72337319634533,0.526577111829319,0.298567875696816,0.492242903761017
spe30,pre,20180718,2,27,2,1,1,4.39407152752184,0.300404012091997,0.459829389864488,0.400917218864405
spe30,pre,20180718,2,28,2,1,1,14.5135865615966,0.210443499627412,0.917940527719096,0.528755488943148
spe30,pre,20180718,2,29,1,1,1,7.73964201332577,0.252654004847066,0.296206412314988,0.29312766591393
spe30,pre,20180718,2,30,1,1,1,1.37081152721022,0.374027662370529,0.60285318852642,0.574716300915802
spe30,pre,20180718,2,31,2,1,1,8.41509848573383,0.503061418637888,0.70716564587505,0.834646828388898
spe30,pre,20180718,2,32,2,1,1,7.34665308403399,1.32374291984247,0.498294573001862,0.93040871709686
spe30,pre,20180718,2,33,1,1,1,11.447920670388,0.810118878586872,0.539935150383014,0.56608570152923
spe30,pre,20180718,2,34,1,1,1,0.985524355352202,0.755343732129305,0.659262536228374,0.665840540407484
spe30,pre,20180718,2,35,1,1,1,6.51162978380163,0.450799089026358,0.436416784766587,0.490638551327188
spe30,pre,20180718,2,36,1,1,1,0.975821539876156,0.321778839214037,0.460047188433248,0.633520999151225
spe30,pre,20180718,2,37,1,1,1,1.14601931080599,0.739868424479667,0.863934549909363,0.869223536007769
spe30,pre,20180718,2,38,1,1,1,4.81146432854646,0.82914387922543,0.764575505829315,0.542732425017239
spe30,pre,20180718,2,39,1,1,1,3.49719029109482,0.540678111239418,0.564516784246024,0.386881478400974
spe30,pre,20180718,2,40,1,1,1,1.42429471025353,0.32488819937269,0.529689702062378,0.388375969645168
spe30,pre,20180718,2,41,1,1,1,2.6994437240833,0.666350318607224,0.692132801528963,0.769421833662628
spe30,pre,20180718,2,42,1,1,1,7.1140781577865,0.426974926406437,0.564479785699145,0.515472947837987
spe30,pre,20180718,2,43,1,1,1,1.05881241003588,0.453176219730216,0.49326713617774,0.413799278616519
spe30,pre,20180718,2,44,1,1,1,1.0953724551134,0.756167130172815,0.59545486177086,0.602549708915632
spe30,pre,20180718,2,45,1,1,1,2.05310052252667,0.455330399382643,0.623936979442663,0.661576826137183
spe30,pre,20180718,2,46,2,1,1,1.58643858327208,0.895439653840343,0.516581212658563,0.545816067160156
spe30,pre,20180718,2,47,1,1,1,8.54127417517636,0.441908085431545,0.592034494106572,0.445625192564015
spe30,pre,20180718,2,48,2,1,1,9.75737949333412,0.878040925758293,0.647383434474438,0.624513603441411
spe30,pre,20180718,2,49,2,1,1,5.32521863712198,0.238995641524417,0.425386965190929,0.341117577582666
spe30,pre,20180718,2,50,1,1,1,5.98176525549525,1.23618180252309,0.612793896638069,0.599636545009568
spe30,pre,20180718,2,51,1,1,1,5.35731687985638,0.434287094716053,0.643371863256303,1.0362902875803
spe30,pre,20180718,2,52,2,1,1,1.29745025616133,0.133031671121868,0.557647728800928,0.604984197219368
spe30,pre,20180718,2,53,2,1,1,9.63038320181334,0.436341736190843,0.534771259922135,0.590479715720997
spe30,pre,20180718,2,54,1,1,1,4.10698502369013,0.300966451386085,0.632215243322827,0.389413684362474
spe30,pre,20180718,2,55,2,1,1,10.9682078572313,0.408654275934959,0.555952415953476,1.0626749323125
spe30,pre,20180718,2,56,2,1,1,3.00456374940612,0.819256630095474,0.468527473538496,0.540065344429175
spe30,pre,20180718,2,57,2,1,1,0.553176859943054,0.479121098063166,0.590706641711317,0.564473013667244
spe30,pre,20180718,2,58,2,1,1,3.44362617683531,0.515384647468607,0.582059008262657,0.539856469890643
spe30,pre,20180718,2,59,2,1,1,1.74207363826874,0.417872083131243,0.347185796922798,0.385859154659594
spe30,pre,20180718,2,60,1,1,1,1.14049427644371,0.155201417336113,0.572167325589296,0.538326865364479
spe30,pre,20180718,2,61,2,1,1,7.87273660819578,0.505660689274949,0.713519457393386,0.473811764612549
spe30,pre,20180718,2,62,1,1,1,3.11274158872848,0.522425339503949,0.618432105161317,0.633780172835374
spe30,pre,20180718,2,63,1,1,1,2.5015202750307,0.965162297521165,0.467793214555962,0.459605987554178
spe30,pre,20180718,2,64,1,1,1,0.761785653052138,0.683101599337562,0.478303913543906,0.460628966429932
spe30,pre,20180718,2,65,1,1,1,0.65018723114193,0.299779466535818,0.564412310183011,0.561226778634735
spe30,pre,20180718,2,66,1,1,1,3.13497663720324,0.803513067438872,0.429665627419209,0.73300063367821
spe30,pre,20180718,2,67,1,1,1,2.73637505488626,0.481892904199242,0.400147126462551,0.419003094549727
spe30,pre,20180718,2,68,1,1,1,10.8459649435788,0.893747685564124,0.788023617012243,0.86077689778608
spe30,pre,20180718,2,69,1,1,1,2.85776257201486,0.458733006718884,0.484945041966496,0.499205596532856
spe30,pre,20180718,2,70,1,1,1,1.55354637085079,0.479041550587742,0.560430711179465,0.579803505403983
spe30,pre,20180718,2,71,2,1,1,13.7890760692451,1.05391006376894,0.552705882098845,0.74102989573604
spe30,pre,20180718,2,72,1,1,1,7.79830052974716,0.309997051000504,0.667209024851781,0.553721623693471
spe30,pre,20180718,2,73,1,1,1,1.41417568341417,0.805065071259198,0.488836044987845,0.523781043870339
spe30,pre,20180718,2,74,1,1,1,2.78067296683824,0.599998582439542,0.447838412892095,0.53742872414352
spe30,pre,20180718,2,75,1,1,1,0.874274090672347,0.722210068002788,0.752528616498513,0.723796669386026
spe30,pre,20180718,2,76,2,1,1,0.569071155546983,0.634306384952162,0.865092107466461,0.609699224253975
spe30,pre,20180718,2,77,1,1,1,0.899608006622355,0.855689345272725,0.594152847301016,0.488648666686896
spe30,pre,20180718,2,78,1,1,1,1.53110498205089,0.743530503690686,0.524458597030085,0.533191136923126
spe30,pre,20180718,2,79,1,1,1,4.80235113914992,0.315037461190629,0.443139784155202,0.349572468911172
spe30,pre,20180718,2,80,1,1,1,2.72020935025785,0.535501008349761,0.403809461863744,0.425527678394002
spe30,pre,20180718,2,81,1,1,1,2.0893584503017,0.281736839542416,0.659340057048584,0.682017930904924
spe30,pre,20180718,2,82,1,1,1,5.59409133001194,0.413485878364299,0.502988579885057,0.571490842047263
spe30,pre,20180718,2,83,1,1,1,6.70481695434112,0.659399091960196,0.584185303961576,0.621453859640955
spe30,pre,20180718,2,84,1,1,1,0.724748858502952,0.837811630486735,0.477902694525542,0.550571572286106
spe30,pre,20180718,2,85,1,1,1,2.12819189690179,0.324288128904127,0.34549800339103,0.248945110915362
spe30,pre,20180718,2,86,2,1,1,3.45171856594415,0.454704419832645,0.437503261570173,0.400311623223591
spe30,pre,20180718,2,87,2,1,1,2.82802892364509,0.594884272507928,0.443981408049782,0.521889305393426
spe30,pre,20180718,2,88,1,1,1,3.97340973670234,0.320165639876226,0.565660027481243,0.325843444145494
spe30,pre,20180718,2,89,1,1,1,7.5841651411405,0.804953876778951,0.635621736290142,0.647961985339651
spe30,pre,20180718,2,90,1,1,1,1.50244235130113,0.665920635534607,0.421829965462934,0.471250844098395
spe30,pre,20180718,2,91,1,1,1,1.5130763406297,0.520053361868693,0.771536760826276,0.363331958940246
spe30,pre,20180718,2,92,1,1,1,1.64222852587342,0.912460705604476,0.754695496990716,0.89014322226555
spe30,pre,20180718,2,93,1,1,1,0.8249383128657,0.716170587163392,0.399042846884439,0.404656382392965
spe30,pre,20180718,2,94,1,1,1,1.56876055585645,1.05924899753291,0.852047975451722,0.91152282179549
spe30,pre,20180718,2,95,1,1,1,1.33583414643314,1.07766801742994,0.510756699215532,0.566335181139737
spe30,pre,20180718,2,96,2,1,1,10.7524793380007,0.569545596110167,0.694918548924831,0.564429672657754
spe30,pre,20180718,2,97,1,1,1,0.616591637571503,0.711290478735384,0.52850600310371,0.492835278094721
spe30,pre,20180718,2,98,1,1,1,1.92616848307218,1.02063231937435,0.668092352009471,0.672750403520034
spe30,pre,20180718,2,99,2,1,1,15.7682624812629,0.274306260761886,0.442978393889532,0.397398126139373
spe30,pre,20180718,2,100,1,1,1,3.56916531969552,0.564344451369679,0.706597252312584,0.762850289374805
spe30,pre,20180718,2,101,NaN,0,0,NaN,NaN,NaN,NaN
spe30,pre,20180718,3,1,2,1,1,4.19068248499819,0.822990777753644,1.03308306173651,0.673659888020063
spe30,pre,20180718,3,2,1,1,1,4.99024179458629,0.406050172803216,0.608795875898472,0.527025432111205
spe30,pre,20180718,3,3,2,1,1,10.2637879499028,1.03776757950156,0.48168924677818,0.799147182726189
spe30,pre,20180718,3,4,1,1,1,0.995096845174831,0.614320887888693,0.550976287996663,0.437478915677734
spe30,pre,20180718,3,5,2,1,1,11.8599207798293,0.612135038411788,0.45094897256728,0.655588738402915
spe30,pre,20180718,3,6,1,1,1,2.44148977774416,0.555330801262858,0.337746622752152,0.541002791235797
spe30,pre,20180718,3,7,1,1,1,5.57282152387974,0.420907901726619,0.349075654722084,0.490695861757018
spe30,pre,20180718,3,8,2,1,1,5.77251675387447,0.376569417007407,0.688551626608826,0.582065464387246
spe30,pre,20180718,3,9,1,1,1,1.21309118229892,0.277221645904056,0.732928935733121,0.591305109812127
spe30,pre,20180718,3,10,1,1,1,2.60897338694285,0.328702005124807,0.798533611245712,0.835091291623936
spe30,pre,20180718,3,11,2,1,1,6.69376854213215,0.141537888142081,0.481957482996982,0.420645786435988
spe30,pre,20180718,3,12,1,1,1,0.939193224257801,0.467268056716245,0.375598462188601,0.402398130577694
spe30,pre,20180718,3,13,1,1,1,4.78146913575329,0.584173203812554,0.493470166671926,0.562619044372485
spe30,pre,20180718,3,14,2,1,1,3.43916957308977,0.360379476547739,0.392497588697016,0.625725462015347
spe30,pre,20180718,3,15,1,1,1,0.462386622333101,0.360861184278911,0.449059012883001,0.462241046355384
spe30,pre,20180718,3,16,1,1,1,2.06983794782229,0.450955243203673,0.480780016820799,0.504590696106835
spe30,pre,20180718,3,17,1,1,1,5.43172795148881,1.42073750540464,0.94073103783009,1.06286612398445
spe30,pre,20180718,3,18,1,1,1,6.47161043409937,0.198248374955076,0.558484664340141,0.412192677778663
spe30,pre,20180718,3,19,2,1,1,0.831238704802858,0.364547637936482,0.400576746982733,0.385504288896449
spe30,pre,20180718,3,20,1,1,1,1.79646193980873,0.39276764197375,0.509245406159023,0.470000098487819
spe30,pre,20180718,3,21,1,1,1,0.502948830226472,0.829208920777572,0.410546193720995,0.66860651099739
spe30,pre,20180718,3,22,1,1,1,4.70729978790705,1.11960383481945,0.559631975637074,0.785252611690873
spe30,pre,20180718,3,23,2,1,1,0.993913350524069,0.442291409644909,0.485977047423639,0.488758684713938
spe30,pre,20180718,3,24,1,1,1,2.03577143313814,0.533730864138416,0.468162479309185,0.478246443620835
spe30,pre,20180718,3,25,1,1,1,1.40695599581773,0.754568718098382,0.3824770116544,0.425630181869162
spe30,pre,20180718,3,26,2,1,1,1.49311713994941,0.131351800463897,0.245348798382561,0.280470592615007
spe30,pre,20180718,3,27,2,1,1,4.61824975525597,0.592545298414346,0.600878286657469,0.599192503465214
spe30,pre,20180718,3,28,1,1,1,3.4310989826263,0.848020490132519,0.746989029494729,1.06269751195621
spe30,pre,20180718,3,29,2,1,1,2.80482119202925,0.454487265493738,0.73322142514728,0.758405500300499
spe30,pre,20180718,3,30,1,1,1,3.07658914941294,0.280478649553906,0.444098456733162,0.449416436727926
spe30,pre,20180718,3,31,1,1,1,7.04772915235429,0.731660585882693,0.293881675322333,0.36794950523412
spe30,pre,20180718,3,32,1,1,1,3.36392265294226,0.186740295695524,0.477279870168941,0.348966648454383
spe30,pre,20180718,3,33,1,1,1,0.43303847507461,0.330486111086189,0.538338816875302,0.590700510732903
spe30,pre,20180718,3,34,2,1,1,0.859566470358144,0.198598081087636,0.568232772212347,0.581615736806078
spe30,pre,20180718,3,35,1,1,1,0.5167749190461,0.595235342172751,0.803401038878711,0.655926710183736
spe30,pre,20180718,3,36,1,1,1,1.53884067502637,0.333794414255175,0.260142162982017,0.325483627400391
spe30,pre,20180718,3,37,1,1,1,1.31622810487313,0.658841940094963,0.575817052869048,0.520663191337673
spe30,pre,20180718,3,38,1,1,1,7.52910338551619,0.764469422210958,0.718825140063927,0.721223063808765
spe30,pre,20180718,3,39,1,1,1,2.42728723034682,1.26601349306281,0.791957493709625,0.710074899995492
spe30,pre,20180718,3,40,1,1,1,3.63083474421212,0.281628014504617,0.414781379946193,0.349640884149844
spe30,pre,20180718,3,41,2,1,1,0.98893849328006,0.559018026464704,0.475338832914836,0.49465803098962
spe30,pre,20180718,3,42,1,1,1,7.91736219179023,0.509551271112406,0.454357417571557,0.565808996377247
spe30,pre,20180718,3,43,1,1,1,1.20656209680975,0.598486822795178,0.367438538196233,0.414988293075643
spe30,pre,20180718,3,44,1,1,1,0.783138890974222,0.335549225267232,0.828516643217696,0.836421106507468
spe30,pre,20180718,3,45,1,1,1,1.71566575164718,0.116716034840556,0.509719613433485,0.224966034325172
spe30,pre,20180718,3,46,1,0,0,NaN,NaN,NaN,NaN
spe30,pre,20180718,3,47,1,0,0,NaN,NaN,NaN,NaN
spe30,pre,20180718,3,48,1,1,1,0.732426233728586,0.251592104094613,0.398226649884719,0.429342855740085
spe30,pre,20180718,3,49,1,1,1,1.17648165746755,0.582360186002586,0.498732677991051,0.555118444823222
spe30,pre,20180718,3,50,2,1,1,11.1861044032536,0.771703011272053,0.59141616253531,0.469518102032307
spe30,pre,20180718,3,51,2,1,1,0.64461905887097,0.666662302072486,0.606387799712915,0.439671474942321
spe30,pre,20180718,3,52,1,1,1,3.32701882174718,0.633839776349093,0.547177048922178,0.519707694052592
spe30,pre,20180718,3,53,2,1,1,1.9234901044859,0.423809538163474,0.687716167493257,0.480057097787051
spe30,pre,20180718,3,54,2,1,1,4.77932134269483,0.513864713493402,0.386267854336859,0.406844683266292
spe30,pre,20180718,3,55,2,1,1,3.22292436593791,0.611106305916756,0.823096004037561,0.573001980743415
spe30,pre,20180718,3,56,1,1,1,0.705997079793327,0.807722215771028,0.650078838194825,0.64183374928359
spe30,pre,20180718,3,57,2,1,1,2.23009781809029,1.039856863562,0.748236588978735,0.745190520534906
spe30,pre,20180718,3,58,1,1,1,1.49369647149928,0.332603561979923,0.46758513402745,0.467564527186457
spe30,pre,20180718,3,59,1,1,1,6.33286982275439,0.798959690418105,0.810552436801263,0.927477040028902
spe30,pre,20180718,3,60,2,1,1,0.85747896397534,0.563647608399792,0.582961607244967,0.412660106818377
spe30,pre,20180718,3,61,2,1,1,1.31044009858481,0.260306664322369,0.420735909974532,0.30916459157639
spe30,pre,20180718,3,62,2,1,1,6.35507893140576,0.664915640542678,0.568394524160511,0.451301474427355
spe30,pre,20180718,3,63,1,1,1,1.68363985838921,0.223124564823098,0.529065463508516,0.529179688468309
spe30,pre,20180718,3,64,1,1,1,0.798343131921999,0.162796792002348,0.511739358742715,0.58362650583573
spe30,pre,20180718,3,65,1,1,1,1.61280902479686,0.254447727665532,0.516505525215575,0.488432049719412
spe30,pre,20180718,3,66,2,1,1,9.91881838491821,0.320862083421064,0.436004472284633,0.531937438802867
spe30,pre,20180718,3,67,1,1,1,1.98797023495179,0.763446072700823,0.539446324452829,0.534836322014138
spe30,pre,20180718,3,68,2,1,1,0.60663639418243,0.488378323122626,0.381317634620063,0.373935511086986
spe30,pre,20180718,3,69,1,1,1,5.73395215050497,0.212839659570144,0.446729291470034,0.390166625307305
spe30,pre,20180718,3,70,1,1,1,1.22876791125033,0.502053714116735,0.484887665804643,0.526075950916515
spe30,pre,20180718,3,71,1,1,1,5.5970505203414,0.391441576378527,0.455849801367891,0.481546815887453
spe30,pre,20180718,3,72,1,1,1,7.65754394267738,1.30248206165713,0.922984782605791,0.6869350927517
spe30,pre,20180718,3,73,1,1,1,0.577130975966036,0.491293857769106,0.520308898461697,0.678069087503825
spe30,pre,20180718,3,74,1,1,1,4.39150168691475,0.203904519966375,0.263523205175447,0.349280761204952
spe30,pre,20180718,3,75,1,1,1,1.02939619971033,0.210700996564923,0.470410218604685,0.241344840574272
spe30,pre,20180718,3,76,2,1,1,1.13804879021052,0.365212862010196,0.478711220918962,0.377001293665453
spe30,pre,20180718,3,77,1,1,1,1.0647746265838,0.493200280323121,0.515845317750931,0.519966460261252
spe30,pre,20180718,3,78,2,1,1,15.270250978338,0.566686842728699,0.552698334322512,0.611905297487983
spe30,pre,20180718,3,79,1,1,1,0.685820439921176,0.545816439037071,0.579544580129875,0.428525859937789
spe30,pre,20180718,3,80,2,1,1,1.59372869430702,1.0769002539609,0.484529946454269,0.501226677418706
spe30,pre,20180718,3,81,1,1,1,4.81583319854578,1.71442885833777,0.936910453183319,1.03397369508013
spe30,pre,20180718,3,82,1,1,1,1.80043158758478,1.08763916081694,0.510945656913175,0.717275374323277
spe30,pre,20180718,3,83,1,1,1,1.9647317761271,0.875919273352384,0.452941562889995,0.32181932587899
spe30,pre,20180718,3,84,1,1,1,2.68268855949927,0.948212523203627,0.709457788098157,0.773860204160205
spe30,pre,20180718,3,85,1,1,1,1.9713253975391,0.42168375365593,0.635482222869149,0.675682847576817
spe30,pre,20180718,3,86,1,1,1,5.38575159295159,0.389182606787398,0.478767493918618,0.745273688390616
spe30,pre,20180718,3,87,1,1,1,0.823746604948477,0.577111248681027,0.36763396925854,0.365805219063827
spe30,pre,20180718,3,88,2,1,1,1.97934623117568,0.190234373121318,0.362938199241318,0.375675453220489
spe30,pre,20180718,3,89,1,1,1,11.5773356304877,0.477223619009712,0.404534642244299,0.34581114586664
spe30,pre,20180718,3,90,2,1,1,0.645413076949693,0.299909677511912,0.454120149064738,0.42811777526594
spe30,pre,20180718,3,91,1,1,1,1.68051279613937,1.0940570626064,0.490721301864002,0.471566452217737
spe30,pre,20180718,3,92,1,1,1,2.91979873352959,0.487055415289476,0.746788967028515,0.55195122906858
spe30,pre,20180718,3,93,2,1,1,1.62207955247034,0.512515831913412,0.576029122791877,0.571924359328106
spe30,pre,20180718,3,94,2,1,1,2.58653691028068,0.716240875117823,0.607381557972448,0.478234768170457
spe30,pre,20180718,3,95,1,1,1,4.53332099672674,0.843548408669925,0.631600531911012,0.656948703878178
spe30,pre,20180718,3,96,1,1,1,7.2285672674828,0.385719983202336,0.404247111289858,0.302292536802606
spe30,pre,20180718,3,97,2,1,1,2.62504240834527,0.459685257976543,0.476071144813907,0.607801330352836
spe30,pre,20180718,3,98,2,1,1,2.22292760886637,0.381656247964369,0.40206876956181,0.393728445694041
spe30,pre,20180718,3,99,1,1,1,2.90314833324729,0.727240822092117,0.712540661397227,0.481833561499314
spe30,pre,20180718,3,100,2,1,1,2.36064384188829,0.338094181160538,0.4847340119493,0.518042295899186
spe30,pre,20180718,3,101,NaN,0,0,NaN,NaN,NaN,NaN
spe30,pre,20180718,4,1,1,1,1,3.79467939104315,0.580509242448093,0.436475058628747,0.46572676135853
spe30,pre,20180718,4,2,2,1,1,1.02267187882364,0.242179653987415,0.339884470147352,0.264322576424049
spe30,pre,20180718,4,3,2,1,1,5.93262790595058,0.347635636690174,0.470170523187228,0.323021801352639
spe30,pre,20180718,4,4,1,1,1,1.55797637484861,0.57561538630595,0.813114900715534,0.845126143230047
spe30,pre,20180718,4,5,1,1,1,0.818851191787709,0.433264341494697,0.392979267544845,0.437052978202713
spe30,pre,20180718,4,6,1,1,1,0.747616809154973,1.42815250792457,1.04568342722746,0.92374097884085
spe30,pre,20180718,4,7,1,1,1,0.979319805033291,0.786462120406023,0.489527970956643,0.47240704439355
spe30,pre,20180718,4,8,2,1,1,9.67503607332981,0.528595533867565,0.55502328709579,0.493484090791509
spe30,pre,20180718,4,9,2,1,1,2.01077543436115,0.435051746405985,0.548101544039468,0.41493821802679
spe30,pre,20180718,4,10,2,1,1,1.11442926134837,1.1717979552025,0.707391952586933,0.50399710225481
spe30,pre,20180718,4,11,1,1,1,1.24490060645176,0.479165858436164,0.520989335181831,0.582897136864376
spe30,pre,20180718,4,12,2,1,1,6.05078903322904,0.381731248937758,0.596140837956658,0.579716738520283
spe30,pre,20180718,4,13,2,1,1,1.39402763356084,0.74044018665844,0.530831540439757,0.52958479489377
spe30,pre,20180718,4,14,1,1,1,1.41300515699488,0.364199670317975,0.439194340419347,0.522261510093602
spe30,pre,20180718,4,15,2,1,1,5.65294954273766,0.663148770454979,0.609859202452526,0.578163917674775
spe30,pre,20180718,4,16,2,1,1,5.81089267636267,0.944554548765747,0.810147959527897,0.664546670178043
spe30,pre,20180718,4,17,1,1,1,0.725522401545164,0.478623514638554,0.435253285543713,0.437019935157607
spe30,pre,20180718,4,18,2,1,1,12.9077868131266,0.851773410801404,0.536135299634203,0.864927318163306
spe30,pre,20180718,4,19,1,1,1,1.91625867122953,0.288858539927368,0.368067907917009,0.270566699557202
spe30,pre,20180718,4,20,1,1,1,0.974195171990947,0.49320428269701,0.430275565169811,0.347257012560753
spe30,pre,20180718,4,21,1,1,1,1.16695981198289,0.269872771649344,0.336559351956316,0.392092497748282
spe30,pre,20180718,4,22,1,1,1,6.21422265360589,0.234261132983341,0.575010113401136,0.449931638684904
spe30,pre,20180718,4,23,1,1,1,1.67205552613375,0.270223602915515,0.315467247592828,0.31551542462351
spe30,pre,20180718,4,24,1,1,1,1.04548187033823,0.740285514767978,0.601024408262002,0.470587192953436
spe30,pre,20180718,4,25,2,1,1,8.58047978084417,0.214485156637738,0.628725361883969,0.520338090711486
spe30,pre,20180718,4,26,1,1,1,1.40368359698776,0.206837255326581,0.725507286313466,0.964227071672656
spe30,pre,20180718,4,27,1,1,1,0.620475392123709,0.472530836232946,0.403431194746177,0.403457714468614
spe30,pre,20180718,4,28,1,1,1,1.24804239440873,0.437428673114039,0.420420983308264,0.417221724443082
spe30,pre,20180718,4,29,1,1,1,1.20194651112272,0.546106907181084,0.70220087148093,0.701880024652658
spe30,pre,20180718,4,30,1,1,1,1.14414812332313,0.367058024337156,0.518288485427919,0.480886629754713
spe30,pre,20180718,4,31,2,1,1,16.6183003747085,0.785207210535504,0.555845027190128,0.495716000405905
spe30,pre,20180718,4,32,1,1,1,0.958609286489549,0.407095590053961,0.457477481581373,0.444596504468919
spe30,pre,20180718,4,33,1,1,1,1.0430628683856,0.199949238606167,0.51686395262967,0.516760561728257
spe30,pre,20180718,4,34,2,1,1,5.48497890028494,0.420983948143083,0.613331569200924,0.334781843428119
spe30,pre,20180718,4,35,1,1,1,7.53089623817534,0.639751229174831,0.368988736406134,0.425456464081675
spe30,pre,20180718,4,36,2,1,1,5.71465842829811,0.453159484372746,0.579159825354655,0.630978513223991
spe30,pre,20180718,4,37,1,1,1,4.50742095904232,1.02522994192742,0.447188520441204,0.487865604996144
spe30,pre,20180718,4,38,1,1,1,6.59868635827755,0.240198309768693,0.845422242322466,0.384577620092385
spe30,pre,20180718,4,39,1,1,1,6.29548135622398,0.533957761853824,0.427847216622464,0.504600901268029
spe30,pre,20180718,4,40,2,1,1,2.28539135574959,0.616862776029885,0.528489400437821,0.438226811896387
spe30,pre,20180718,4,41,1,1,1,0.998165729136198,0.220994981259995,0.493029214207827,0.479849290458797
spe30,pre,20180718,4,42,2,1,1,11.5064018988126,0.331518319193095,1.03998628232356,0.840508891145762
spe30,pre,20180718,4,43,2,1,1,0.731330127981636,0.439889433639504,0.441088520600388,0.551404338313256
spe30,pre,20180718,4,44,2,1,1,2.81575576973806,0.537542806091539,0.597996809632636,0.915299261256117
spe30,pre,20180718,4,45,2,1,1,10.1182787005643,0.409096111510594,0.406750475970359,0.434184437079356
spe30,pre,20180718,4,46,1,1,1,6.5394557891695,0.653472276885218,0.563507117224914,0.644760866083374
spe30,pre,20180718,4,47,1,1,1,0.811296170294611,0.727494191543151,0.680131220437767,0.576140829030751
spe30,pre,20180718,4,48,2,1,1,2.79268050221251,0.505882371188039,0.713561886495219,0.664559641357742
spe30,pre,20180718,4,49,1,1,1,1.39241971421045,0.239855635652615,0.393370464762164,0.478139524213566
spe30,pre,20180718,4,50,2,1,1,0.86930942800142,0.685362823614373,0.402090220640186,0.352928559235078
spe30,pre,20180718,4,51,1,1,1,2.29618297252328,0.304069060809348,0.466025929857352,0.40676642381592
spe30,pre,20180718,4,52,1,1,1,10.4235473013621,0.291223063381465,0.546051320007479,0.501449337355363
spe30,pre,20180718,4,53,1,1,1,2.59856377392085,0.517848620249,0.539452990094921,0.523960460634298
spe30,pre,20180718,4,54,1,1,1,1.57899353697159,1.05800699053361,0.672568314805329,0.827107423181253
spe30,pre,20180718,4,55,1,1,1,1.75332329890277,0.294163685083369,0.382261987167684,0.309181179463289
spe30,pre,20180718,4,56,1,1,1,1.59582945816008,0.123120553794202,0.317442250279325,0.274972662504586
spe30,pre,20180718,4,57,1,1,1,1.9363977581376,1.86127289232871,0.873150481493622,0.719108545352253
spe30,pre,20180718,4,58,1,1,1,1.53953558770467,0.344784341656304,0.343320289328945,0.327673493564782
spe30,pre,20180718,4,59,1,1,1,7.04719566832272,0.716254320522447,0.717694425307841,0.760159732221027
spe30,pre,20180718,4,60,1,1,1,1.95281454027488,0.464892798683648,0.678455306404125,0.550015520330842
spe30,pre,20180718,4,61,2,1,1,1.36807298988482,0.342053303525061,0.430099824807478,0.343144237571914
spe30,pre,20180718,4,62,2,1,1,12.6784865326474,0.797819923884334,0.503664207545966,0.399596709049037
spe30,pre,20180718,4,63,1,1,1,3.90636564170779,0.329045869849905,0.706586479007388,0.498817400505403
spe30,pre,20180718,4,64,1,1,1,1.10406879614559,0.267350997579835,0.41302073936754,0.426872497596105
spe30,pre,20180718,4,65,2,1,1,1.56220421312293,0.385202599875234,0.516200316105484,0.358403198005566
spe30,pre,20180718,4,66,2,1,1,4.5683428575383,0.586567812865972,0.600146032105467,0.509248586446278
spe30,pre,20180718,4,67,2,1,1,1.28994811516882,0.497866121832568,0.554646775795831,0.555148281668456
spe30,pre,20180718,4,68,1,1,1,1.05332930229118,0.538913325165016,0.586850053818379,0.66693608681351
spe30,pre,20180718,4,69,1,1,1,5.43856029287054,0.288753681869839,0.586536851423162,0.431875321321999
spe30,pre,20180718,4,70,2,1,1,5.74205035155347,1.26355024571916,0.590664615342638,0.701277713821529
spe30,pre,20180718,4,71,2,1,1,1.65177346490926,0.349349676178738,0.581436168452491,0.474814740118664
spe30,pre,20180718,4,72,1,1,1,1.79696839211708,0.210492393142124,0.364207052301821,0.365224927611385
spe30,pre,20180718,4,73,1,1,1,1.91811164180158,0.332358494337136,0.397396500938726,0.356100191873056
spe30,pre,20180718,4,74,1,1,1,1.84048049746847,0.323315133910175,0.601138554524344,0.380683941788311
spe30,pre,20180718,4,75,1,1,1,1.72333396308402,0.197952953022555,0.446873584136002,0.56658878238259
spe30,pre,20180718,4,76,2,1,1,0.970654090345559,0.568229580610893,0.489687280088277,0.556011264613276
spe30,pre,20180718,4,77,2,1,1,11.846642516431,1.64959251895729,0.688738502762853,0.854041370919581
spe30,pre,20180718,4,78,1,1,1,1.26345467613356,0.48622966848967,0.638865627334582,0.642078371656734
spe30,pre,20180718,4,79,1,1,1,0.877198980994884,0.48450987796641,0.258822722684548,0.29127867915653
spe30,pre,20180718,4,80,2,1,1,1.87607859890153,0.284734940797586,0.403719234697716,0.679690431615557
spe30,pre,20180718,4,81,1,1,1,1.35496065378976,0.757096791395472,0.530791434925844,0.543696641017178
spe30,pre,20180718,4,82,1,1,1,1.10783960398543,0.664207969835926,0.55159571650656,0.606493020663995
spe30,pre,20180718,4,83,1,1,1,5.18754251903739,0.729421658204045,0.488174000336704,0.570216483242846
spe30,pre,20180718,4,84,1,1,1,6.55486800015957,0.468929376681945,0.366282237525228,0.313266629809724
spe30,pre,20180718,4,85,1,1,1,3.02454320978795,1.87356168953967,0.802692761255413,0.932286386952289
spe30,pre,20180718,4,86,1,1,1,10.6110079875233,0.402449099875017,0.584377274255961,0.58326941268191
spe30,pre,20180718,4,87,2,1,1,7.60780782259058,0.561254915941379,0.550836901304583,0.42214335151639
spe30,pre,20180718,4,88,1,1,1,0.833828469342176,0.32292967512184,0.534205459497804,0.53055463557601
spe30,pre,20180718,4,89,1,1,1,0.752413939069574,0.826517238606274,0.676568239447973,0.685192393872982
spe30,pre,20180718,4,90,1,1,1,0.66998842341336,0.56704443713945,0.589086444576358,0.616621675391223
spe30,pre,20180718,4,91,1,1,1,2.43857463740643,0.774066610761879,0.308679148377234,0.308780948973084
spe30,pre,20180718,4,92,2,1,1,6.47085654435399,0.99168663161815,0.833572321850675,0.936324194912785
spe30,pre,20180718,4,93,1,1,1,2.79668935744898,0.315255617354664,0.327507255552825,0.367810575938149
spe30,pre,20180718,4,94,1,1,1,1.79476369322534,0.346919782121235,0.374682588132772,0.36172368589834
spe30,pre,20180718,4,95,1,1,1,5.74893529713576,0.848138368801638,0.487518654980471,0.491034284264618
spe30,pre,20180718,4,96,1,1,1,1.41505514817915,0.226910601274652,0.529801878331122,0.37344980518038
spe30,pre,20180718,4,97,1,1,1,1.8273820356618,0.246852359196778,0.53937456502548,0.38692979976439
spe30,pre,20180718,4,98,1,1,1,5.31165523078833,0.252233053706368,0.376724199001091,0.290590923961336
spe30,pre,20180718,4,99,1,1,1,9.73980117850665,0.66194602539684,0.830654630795735,0.64856514226237
spe30,pre,20180718,4,100,2,1,1,3.23599826139015,0.389644795451011,0.468382329485724,0.406608243197486
spe30,pre,20180718,4,101,NaN,0,0,NaN,NaN,NaN,NaN
spe30,pre,20180718,5,1,1,1,1,4.95645440671936,0.338320995023043,0.400723572818637,0.448037333217437
spe30,pre,20180718,5,2,1,1,1,4.09400690718388,0.628234395729019,0.537620272380581,0.494460480340593
spe30,pre,20180718,5,3,1,1,1,2.05843450897874,0.439055491015848,0.35636173447989,0.485528083649356
spe30,pre,20180718,5,4,1,1,1,1.86199535305568,0.584300492591242,0.387906395458079,0.462288898811777
spe30,pre,20180718,5,5,1,1,1,9.83361340557268,0.524953822023378,0.496808092892864,0.409217730394644
spe30,pre,20180718,5,6,1,1,1,1.09834517636409,0.229206633406796,0.713328743195261,0.433677444883161
spe30,pre,20180718,5,7,2,1,1,14.097122183086,0.690339311307067,0.522727204121244,0.932103181998818
spe30,pre,20180718,5,8,2,1,1,1.94920868952444,0.392693943563828,0.741591863267326,0.68905810888011
spe30,pre,20180718,5,9,1,1,1,8.04949512726034,0.383636837573552,0.401204941710674,0.548248445531929
spe30,pre,20180718,5,10,1,1,1,6.00316860870047,0.444205239499062,0.565480479161572,0.531090003594661
spe30,pre,20180718,5,11,1,1,1,12.7674449804031,0.472035107032436,0.541556879412365,0.43456203200075
spe30,pre,20180718,5,12,1,1,1,2.08658398411282,0.168280368435624,0.393273219251465,0.472464023737114
spe30,pre,20180718,5,13,1,1,1,1.36366481966493,0.563256680521819,0.469109501928602,0.550160832083793
spe30,pre,20180718,5,14,1,1,1,2.50815607176853,0.290173675758825,0.575721157149923,0.596527179754458
spe30,pre,20180718,5,15,1,1,1,1.60014613823084,0.547243769595603,0.64291556274121,0.56755830992977
spe30,pre,20180718,5,16,1,1,1,7.6253930564788,0.31037623864042,0.689457816808616,0.34516305570071
spe30,pre,20180718,5,17,2,1,1,2.64222677540814,1.59837748205942,0.679669507779721,0.847702312280336
spe30,pre,20180718,5,18,2,1,1,1.52657804948224,0.573341544101316,0.253026423468563,0.260440604101615
spe30,pre,20180718,5,19,1,1,1,6.64412487773569,0.45914024733077,0.691832619668043,0.767976025565344
spe30,pre,20180718,5,20,1,1,1,2.40260103950305,0.490472484511346,1.03875412187871,0.627162584102405
spe30,pre,20180718,5,21,1,1,1,3.36536226600641,0.298048217168319,0.474985314030307,0.311038807427963
spe30,pre,20180718,5,22,1,1,1,0.943195900278062,0.416488866340924,0.406109728545094,0.426306404957693
spe30,pre,20180718,5,23,1,1,1,2.64449359624916,0.737434533260534,0.489013893602335,0.473620200632512
spe30,pre,20180718,5,24,2,1,1,11.4279019184925,0.833371964412451,0.572865668325252,0.737157060550608
spe30,pre,20180718,5,25,2,1,1,0.764824048895002,0.395188820598194,0.493950450091305,0.544172282862633
spe30,pre,20180718,5,26,1,1,1,0.907737622715512,0.469933798689146,0.55872124995025,0.508314508314569
spe30,pre,20180718,5,27,1,1,1,2.645234458125,1.14604773251911,0.574188050611967,0.981171468929976
spe30,pre,20180718,5,28,2,1,1,13.4163247650866,0.489016179816982,0.682400226035703,0.63134135719949
spe30,pre,20180718,5,29,1,1,1,1.85358260576485,0.586573653618979,0.537208537681375,0.703785194153163
spe30,pre,20180718,5,30,1,1,1,2.63052544274399,0.26139090794522,0.455519675052681,0.455741641772629
spe30,pre,20180718,5,31,1,1,1,1.98148937704081,0.375443035245814,0.35755590207427,0.354256892667624
spe30,pre,20180718,5,32,1,1,1,2.0185623120829,0.342567112329721,0.270951632133948,0.418950795742333
spe30,pre,20180718,5,33,1,1,1,2.2559855542283,0.881258476270055,0.884553191244482,1.0583779801079
spe30,pre,20180718,5,34,2,1,1,6.29949484511651,0.605087907455276,0.553916989179478,0.554169727993292
spe30,pre,20180718,5,35,1,1,1,0.495767822825318,0.685843859955377,0.476671786449125,0.478613825415372
spe30,pre,20180718,5,36,1,1,1,2.71406443644702,0.943934137033519,0.788549003182686,0.59127121617157
spe30,pre,20180718,5,37,2,1,1,2.03173521963086,0.915216130464293,0.460133698333501,0.607155001902344
spe30,pre,20180718,5,38,2,1,1,3.30079565306918,0.795208851654186,0.605079280988104,0.678966364161122
spe30,pre,20180718,5,39,1,1,1,1.98322572133235,0.524368144226198,0.474670597223141,0.488866962705709
spe30,pre,20180718,5,40,1,1,1,2.55004120778893,0.223252726458153,0.425906150526719,0.460045724365516
spe30,pre,20180718,5,41,2,1,1,5.50786106036008,0.443226395089054,0.358447597127135,0.568755034832291
spe30,pre,20180718,5,42,1,1,1,1.24918711309029,1.08199235340176,0.505143359259819,0.380839851509756
spe30,pre,20180718,5,43,1,1,1,2.87126048002474,0.749092281689599,0.361700079123604,0.481613475337483
spe30,pre,20180718,5,44,1,1,1,0.828331440266771,0.279935503494495,0.41566742948979,0.415622954981968
spe30,pre,20180718,5,45,2,1,1,8.36140532915045,0.344045422454717,0.677390959110625,0.390566846765359
spe30,pre,20180718,5,46,1,1,1,2.34916302736361,0.595722575501821,0.846622556146479,0.926015575099339
spe30,pre,20180718,5,47,1,1,1,0.590298078185984,0.256847986398322,0.630628773995812,0.522452395826049
spe30,pre,20180718,5,48,1,1,1,1.20330885503788,0.2365062360026,0.306199792238924,0.340604947288825
spe30,pre,20180718,5,49,2,1,1,1.27934476584073,1.23913563663176,0.499602131829246,0.982072411963957
spe30,pre,20180718,5,50,1,1,1,5.14904937015388,0.712400023293601,0.479429663514068,0.419810362452959
spe30,pre,20180718,5,51,2,1,1,1.9825029525064,0.681039634550129,0.411541479757887,0.566848388786775
spe30,pre,20180718,5,52,2,1,1,6.02554548181942,0.523372169578682,0.47479813537201,0.479008605835355
spe30,pre,20180718,5,53,1,1,1,7.18054208212295,0.556944916909252,0.573475958836767,0.628301469840967
spe30,pre,20180718,5,54,1,1,1,0.974004171149525,0.260344447218388,0.485140391671839,0.482019076676655
spe30,pre,20180718,5,55,1,1,1,2.28346250447451,0.503097602276976,0.476576275542168,0.327459329170469
spe30,pre,20180718,5,56,1,1,1,0.615312106673313,0.367608450356571,0.419815650031182,0.41454015348175
spe30,pre,20180718,5,57,2,1,1,3.84266530348268,0.152798706551871,0.431449006122875,0.374309740026628
spe30,pre,20180718,5,58,1,1,1,2.87207255203954,0.311520364205888,0.25824924392478,0.888322844621672
spe30,pre,20180718,5,59,2,1,1,10.3145084882672,0.62956271848382,0.662783561678155,0.789774242182125
spe30,pre,20180718,5,60,2,1,1,2.46708434500553,0.587192234128437,0.58153561755034,0.595056848303286
spe30,pre,20180718,5,61,2,1,1,4.43134387435042,1.11381502274457,0.69693996474489,0.791034330301223
spe30,pre,20180718,5,62,1,1,1,9.21105260912943,0.206295435932932,0.629531577953306,0.46833214652243
spe30,pre,20180718,5,63,1,1,1,1.49419527657944,0.749115470993151,0.515598722540467,0.554642929013135
spe30,pre,20180718,5,64,2,1,1,2.69728842630241,0.670661451110655,0.467366937353917,0.458696579875107
spe30,pre,20180718,5,65,2,1,1,13.861869449635,0.32947578819436,0.510067477399575,0.557008479647164
spe30,pre,20180718,5,66,2,1,1,3.24077504020118,0.392663804832802,0.678003673344207,0.46518099883255
spe30,pre,20180718,5,67,1,1,1,1.2220224540378,0.324563052453847,0.689196456703053,0.656498214974449
spe30,pre,20180718,5,68,1,1,1,1.55000527832495,0.193691750522678,0.425760449997246,0.376057461181846
spe30,pre,20180718,5,69,1,1,1,0.732684909794577,0.819249972484704,0.583985381709354,0.614371470416733
spe30,pre,20180718,5,70,2,1,1,1.69756448813648,0.375815773363226,0.458823000723397,0.41711105317441
spe30,pre,20180718,5,71,1,1,1,2.0412434360828,0.4743759145388,0.376613166291091,0.385838088986989
spe30,pre,20180718,5,72,1,1,1,4.76386199535064,0.183574256358347,0.360502737584464,0.39186595952712
spe30,pre,20180718,5,73,1,1,1,6.35307019916154,0.208686858406544,0.524927506605653,0.337596833715343
spe30,pre,20180718,5,74,2,1,1,0.872123100337099,0.758144969327834,0.392410981254218,0.69218199316351
spe30,pre,20180718,5,75,1,1,1,0.381598991724604,0.342280554556667,0.474565864973497,0.592849290951124
spe30,pre,20180718,5,76,2,1,1,1.43597889654561,0.271079099954699,0.378727206506715,0.464903773103191
spe30,pre,20180718,5,77,2,1,1,2.13826000845567,1.1951197667555,0.511185133534834,1.41654881377017
spe30,pre,20180718,5,78,2,1,1,3.87157570180465,0.902206966261325,0.569894250020308,0.622050056833372
spe30,pre,20180718,5,79,2,1,1,8.63060371611856,0.722883914688654,0.604503304575569,0.377399993215229
spe30,pre,20180718,5,80,1,1,1,0.578649626289021,0.507026766883627,0.357026630321142,0.548199551068709
spe30,pre,20180718,5,81,1,1,1,2.01577485026894,1.48054120448669,0.861623047887197,0.638944261506951
spe30,pre,20180718,5,82,1,1,1,2.5751984497711,0.344803185619914,0.645425554013503,0.691372875800173
spe30,pre,20180718,5,83,1,1,1,2.06163823284547,0.404418343790525,0.343495796283244,0.421485077743588
spe30,pre,20180718,5,84,2,1,1,1.1992817419065,0.197213887926269,0.447453503578139,0.438108454802646
spe30,pre,20180718,5,85,2,1,1,2.741393518652,0.781857709255276,0.52695047290106,0.749516515154661
spe30,pre,20180718,5,86,2,1,1,7.32394263510158,0.885795337214125,0.597110102485545,1.38112046540452
spe30,pre,20180718,5,87,1,1,1,1.01530930137298,0.495735286338721,0.347494191154094,0.352600848328674
spe30,pre,20180718,5,88,1,1,1,0.671023767799849,0.613008175453939,0.378826959890146,0.339606672390094
spe30,pre,20180718,5,89,1,1,1,0.787807749318544,0.230315343488434,0.416321142316776,0.309399138531031
spe30,pre,20180718,5,90,2,1,1,11.8818885696091,0.668533383847612,0.632114667531304,0.618111544358841
spe30,pre,20180718,5,91,1,1,1,2.31322439752389,0.630539389104669,0.595065935507008,0.606526349870957
spe30,pre,20180718,5,92,1,1,1,4.96848279408693,0.380722407065586,0.249446070847561,0.33889296385131
spe30,pre,20180718,5,93,1,1,1,0.937952651161742,0.476891864633864,0.42986925832586,0.436059879554769
spe30,pre,20180718,5,94,1,1,1,3.50851450388566,0.619584111361113,0.394566254646372,0.558023095057549
spe30,pre,20180718,5,95,1,1,1,2.50758027209404,0.335944341897463,0.445972442369102,0.461665811546689
spe30,pre,20180718,5,96,2,1,1,1.94326474566908,0.748290812447336,0.752604631440776,0.77427074589532
spe30,pre,20180718,5,97,1,1,1,7.97863530747394,0.441693287479981,0.442105520605972,0.39768162849576
spe30,pre,20180718,5,98,1,1,1,3.15376529253643,0.431852390126131,0.708884471655437,0.670133789811045
spe30,pre,20180718,5,99,2,1,1,14.8555846408893,0.264791957099074,0.569692790889384,0.40567366497964
spe30,pre,20180718,5,100,1,1,1,1.04646450268727,0.675825474521369,0.622505682084957,0.520775800392218
spe30,pre,20180718,5,101,NaN,0,0,NaN,NaN,NaN,NaN
spe30,post,20180718,1,1,1,1,1,6.72836314725839,0.243959901924026,0.781841089884369,0.804100649724135
spe30,post,20180718,1,2,1,1,1,5.4480659586266,0.409047411852758,0.384127151906453,0.418455696451565
spe30,post,20180718,1,3,1,1,1,3.96508727709556,0.945534959860298,0.975629893084553,0.950313581162605
spe30,post,20180718,1,4,1,1,1,1.00459411490985,0.198358258657797,0.330913018639544,0.314154350456044
spe30,post,20180718,1,5,1,1,1,12.3037041188223,0.564851237024676,1.02779875659229,0.585671687787881
spe30,post,20180718,1,6,1,1,1,7.15855676465971,0.443067493051243,0.300658636232386,0.305762385976995
spe30,post,20180718,1,7,1,1,1,20.4156270006936,0.266905015870432,0.769674044298034,0.716163627612535
spe30,post,20180718,1,8,2,1,1,11.1107199162036,0.469367813958247,0.611739269361972,0.721725770105401
spe30,post,20180718,1,9,2,1,1,1.63500460684768,1.18557690889999,1.06694629834233,1.1703867698299
spe30,post,20180718,1,10,1,1,1,2.6040954582222,0.41614328143221,0.66307791163449,0.52372223908128
spe30,post,20180718,1,11,2,1,1,3.24018317909631,1.07991417287863,0.787387459588736,0.752295000112919
spe30,post,20180718,1,12,2,1,1,1.41554238156549,0.361326831588164,0.510521045035644,0.46422900126984
spe30,post,20180718,1,13,1,1,1,1.66729216368237,0.960709491130148,0.713516180322744,0.713490785729795
spe30,post,20180718,1,14,2,1,1,10.402900861009,0.353545367357208,0.343655341700176,0.429706803022263
spe30,post,20180718,1,15,1,1,1,1.27238739524433,0.203000844835943,0.432263020151283,0.430947706989
spe30,post,20180718,1,16,2,1,1,1.60632878143297,0.845902046799672,0.636565294117397,0.580023691836864
spe30,post,20180718,1,17,1,1,1,1.11201622265413,0.329229167098441,0.644303874783716,0.533941008971425
spe30,post,20180718,1,18,1,1,1,0.554710917575691,0.37554633468695,0.644670370026379,0.640290554898347
spe30,post,20180718,1,19,2,1,1,0.530651681823207,0.648011400666032,0.939739118470842,0.98743184253163
spe30,post,20180718,1,20,1,1,1,1.44128652917137,0.437166013685852,0.386487669736738,0.414864441893901
spe30,post,20180718,1,21,1,1,1,6.23633847155435,0.584749310747226,0.918858728435377,0.551149005527747
spe30,post,20180718,1,22,1,1,1,3.19802197464095,0.510670516288122,0.818013975751938,0.677917670819373
spe30,post,20180718,1,23,2,1,1,4.11603053152216,0.581174615899064,0.471864387861199,0.685964178228896
spe30,post,20180718,1,24,2,1,1,1.16711919579687,0.780900748246113,0.324405260109328,0.351602721400354
spe30,post,20180718,1,25,1,1,1,2.33727665899147,0.593702770315805,0.624170751898099,0.414717130789986
spe30,post,20180718,1,26,1,1,1,0.358169728718524,0.422448502349217,0.491143671382461,0.48320420587167
spe30,post,20180718,1,27,2,1,1,6.33369827875474,0.286641369255496,0.556233846694761,0.428954173751144
spe30,post,20180718,1,28,2,1,1,1.45618527780382,0.782867639033227,0.378806124823795,0.375634586588832
spe30,post,20180718,1,29,2,1,1,1.19090043350231,0.329089457346678,0.38842333392145,0.40630053790782
spe30,post,20180718,1,30,1,1,1,4.98361345730911,0.292057497636754,0.644747852734843,0.631903291767988
spe30,post,20180718,1,31,1,1,1,6.67073637946484,1.15226904121435,0.78544374744254,1.05747006770134
spe30,post,20180718,1,32,1,1,1,1.56149535547512,0.787996243776444,0.592729951638995,0.751859930219495
spe30,post,20180718,1,33,1,1,1,6.78219677423932,1.11150168085706,0.512832180750933,0.779274880046729
spe30,post,20180718,1,34,2,1,1,3.25810832930833,1.06407171946088,0.693777221520265,0.813581714854875
spe30,post,20180718,1,35,2,1,1,4.3972671295615,0.585160768493651,0.783876884400645,0.630706928415405
spe30,post,20180718,1,36,1,1,1,2.47924537849748,0.572881463444379,0.414680582476068,0.459732156645232
spe30,post,20180718,1,37,1,1,1,7.46426655853058,0.430439379405794,0.435365966515223,0.477744249725297
spe30,post,20180718,1,38,1,1,1,0.514633897401712,0.43407193333138,0.377916645425079,0.391391742071276
spe30,post,20180718,1,39,1,1,1,0.52300583408902,0.867197509168671,0.535321054840309,0.515573349665185
spe30,post,20180718,1,40,1,1,1,5.87640961018613,0.418220126344682,0.478892382109054,0.414034441367806
spe30,post,20180718,1,41,2,1,1,6.6510966028699,1.35633239444095,0.628791655239577,1.02398345006156
spe30,post,20180718,1,42,2,1,1,2.16826399367251,0.589096573388436,0.506951841522269,0.542032519295037
spe30,post,20180718,1,43,1,1,1,2.40646831400277,0.679365353423959,0.489183504149215,0.461105371462526
spe30,post,20180718,1,44,2,1,1,6.4301825451362,0.4954716801766,0.611671365110051,0.451407988446864
spe30,post,20180718,1,45,2,1,1,4.70281340864249,0.797112815881355,0.414784392700991,0.380235737840449
spe30,post,20180718,1,46,1,1,1,6.95242784093231,0.34268532689473,0.545013800468208,0.679559835280312
spe30,post,20180718,1,47,2,1,1,5.57006923760755,1.09569696531223,0.613762570271454,0.603411967550137
spe30,post,20180718,1,48,2,1,1,7.27099210070806,0.711939869884717,0.559292387631622,0.447206285458699
spe30,post,20180718,1,49,2,1,1,2.32292971728192,0.55617675887494,0.559070884151472,0.610909515827228
spe30,post,20180718,1,50,1,1,1,18.1680749365571,0.250054991580558,0.47326802557311,0.438609643744305
spe30,post,20180718,1,51,1,1,1,5.20473347821751,0.60445792176494,0.458423485747665,0.560641405608146
spe30,post,20180718,1,52,1,1,1,1.55499043371889,0.655039323486498,0.756803463290372,0.835257275914538
spe30,post,20180718,1,53,1,1,1,8.609083660473,0.410258706731445,0.384615780263528,0.694355697385904
spe30,post,20180718,1,54,1,1,1,2.07581789217448,1.11961353977802,0.568916920232715,0.768494591888684
spe30,post,20180718,1,55,2,1,1,1.82221118014213,0.391849134084957,0.697400765359661,0.691682655660348
spe30,post,20180718,1,56,2,1,1,1.34736387844628,0.512710688413012,0.336732866072967,0.332857706454181
spe30,post,20180718,1,57,2,1,1,1.84246078056716,0.427599634942588,0.804281844624411,0.427612692186248
spe30,post,20180718,1,58,2,1,1,1.16567213235156,0.986281408155038,0.686654533529235,0.744757182563601
spe30,post,20180718,1,59,1,1,1,1.20610844245694,0.529566705421524,0.528024456325064,0.62623769424685
spe30,post,20180718,1,60,2,1,1,0.487551811082266,0.479376601961071,0.849697062806972,0.958656124408835
spe30,post,20180718,1,61,1,1,1,2.69353869524895,0.842595504963546,0.472552367020357,0.728185896097333
spe30,post,20180718,1,62,1,1,1,10.0752318629712,0.422442064299486,0.579516443222333,0.470314063085588
spe30,post,20180718,1,63,1,1,1,2.27301064569822,1.0891817124224,0.719572215600895,0.965462518546422
spe30,post,20180718,1,64,1,1,1,2.48961939773353,1.32911743130812,1.0590358336003,0.937130059157741
spe30,post,20180718,1,65,1,1,1,2.26279879908135,0.600097324454786,0.630456905652,0.66399606607719
spe30,post,20180718,1,66,2,1,1,3.93898543066664,0.772520335615293,0.501867257506291,0.711542780100718
spe30,post,20180718,1,67,1,0,0,NaN,NaN,NaN,NaN
spe30,post,20180718,1,68,2,0,0,NaN,NaN,NaN,NaN
spe30,post,20180718,1,69,1,1,1,3.01786195795842,0.329854928589151,0.604604263900451,0.490847212747073
spe30,post,20180718,1,70,1,1,1,1.48381682490638,1.14915267022797,0.483817463020709,0.782440925297807
spe30,post,20180718,1,71,1,1,1,5.90560911839654,0.803209312035328,0.497804297223862,0.525357919635025
spe30,post,20180718,1,72,1,1,1,2.65307714746502,0.816243116282868,0.755265196188095,0.877133828878615
spe30,post,20180718,1,73,1,1,1,7.66455998936545,0.629938658495833,0.333753260210335,0.494267878503695
spe30,post,20180718,1,74,1,1,1,0.94404927249421,0.496243156753847,0.404259037386824,0.43172207047848
spe30,post,20180718,1,75,1,1,1,8.08933173006313,0.750452975229379,0.466027265344655,0.625421196859035
spe30,post,20180718,1,76,1,1,1,3.76878093307523,0.653169561856556,0.380000502808911,0.425463032185668
spe30,post,20180718,1,77,2,1,1,1.01482719632759,0.343277575681736,0.901085202646007,0.945717419204359
spe30,post,20180718,1,78,1,1,1,4.55876313709588,0.949222551938345,0.823284044833303,0.937623144625618
spe30,post,20180718,1,79,1,1,1,7.65125429218732,1.23329621894371,0.684793181300386,0.825258112815404
spe30,post,20180718,1,80,1,1,1,4.61674881832418,0.325141599939599,0.694657946950013,0.455900600010488
spe30,post,20180718,1,81,1,1,1,1.26848114820784,0.583226461479539,0.456999447649972,0.470186208285502
spe30,post,20180718,1,82,1,1,1,1.06931653869176,0.294852506801035,0.412963080753225,0.43517896425837
spe30,post,20180718,1,83,1,1,1,2.32661010674439,0.386276511893513,0.711311785860713,0.519409026280732
spe30,post,20180718,1,84,2,1,1,4.12970286141704,0.822876848627546,0.891072244789563,0.973377058345069
spe30,post,20180718,1,85,1,1,1,5.30845020810324,0.619074949760833,0.672976479594434,0.691394982218179
spe30,post,20180718,1,86,1,1,1,1.46826294421753,0.44151333619149,0.521946303769057,0.462223318883664
spe30,post,20180718,1,87,1,1,1,1.98183283792701,0.884035446312798,0.690198687096021,0.723652515457943
spe30,post,20180718,1,88,1,1,1,0.890597881190628,0.656008250335436,0.703497401910154,0.725737162040747
spe30,post,20180718,1,89,2,1,1,1.74175421739815,0.504928434904778,0.853516728314269,0.888903494076321
spe30,post,20180718,1,90,1,1,1,0.903024987270515,0.67503387115365,0.578964951723116,0.571285452668143
spe30,post,20180718,1,91,2,1,1,15.555139525758,0.422371961288833,0.745169053761139,0.912257400870851
spe30,post,20180718,1,92,1,1,1,0.729014575693465,0.486096456939537,0.485171600171535,0.492671203991163
spe30,post,20180718,1,93,1,1,1,2.21936955518973,0.451766719093436,0.626952553744699,0.809120597286944
spe30,post,20180718,1,94,1,1,1,7.2382049262104,1.14599388238742,0.805097768762325,0.899233524729515
spe30,post,20180718,1,95,2,1,1,11.1723544832647,0.349437356600654,0.411418296756333,0.610072643055556
spe30,post,20180718,1,96,1,1,1,1.42987775515747,0.621694714717305,0.431270614768997,0.471607837717082
spe30,post,20180718,1,97,1,1,1,0.848125819870266,0.772046022049357,0.57272023760818,0.583096806546118
spe30,post,20180718,1,98,2,1,1,5.4254224323791,0.603140839845364,0.739866607545201,0.979802512694278
spe30,post,20180718,1,99,1,1,1,1.90865830077009,0.551841492270553,0.387563798563,0.424447462214504
spe30,post,20180718,1,100,1,1,1,1.46454663541183,1.14441358499637,0.472415210374934,0.838370519644947
spe30,post,20180718,1,101,NaN,0,0,NaN,NaN,NaN,NaN
spe30,post,20180718,2,1,1,1,1,0.928569417963727,1.0411494702949,1.01630830993142,1.0343163464942
spe30,post,20180718,2,2,2,1,1,1.32541740753501,0.191583325110727,0.564091786692946,0.438016755899115
spe30,post,20180718,2,3,1,1,1,0.908798065781699,0.301264872003728,0.47733114460801,0.470316708373896
spe30,post,20180718,2,4,1,1,1,1.2103680171241,0.485901331302808,0.586386574569244,0.506820941810811
spe30,post,20180718,2,5,2,1,1,2.32183246405542,0.245232122808712,0.710639938540912,0.641294366733716
spe30,post,20180718,2,6,1,1,1,10.4938676058592,0.485886305309687,0.624894276881331,0.622457457841449
spe30,post,20180718,2,7,2,1,1,0.826241733251302,0.704732717703416,0.574729496775414,0.710195953945614
spe30,post,20180718,2,8,1,1,1,1.13127424838088,0.328323412331136,0.508508332864554,0.474270004017619
spe30,post,20180718,2,9,2,1,1,13.8665690476165,1.08424611692996,0.615218288938583,0.616499054624127
spe30,post,20180718,2,10,2,1,1,3.16292258408348,1.00035488802765,0.691310170911532,0.834983863754232
spe30,post,20180718,2,11,2,1,1,5.12596585892857,0.808015863863145,0.754024143391331,0.722508834661892
spe30,post,20180718,2,12,1,1,1,1.77606723047929,1.02833043213893,0.837580698310859,0.871385161815431
spe30,post,20180718,2,13,2,1,1,3.76976241405177,0.319581582107442,0.417397067333019,0.384210255039205
spe30,post,20180718,2,14,2,1,1,3.57773901620196,0.40057375219497,0.540069700025144,0.646940302145997
spe30,post,20180718,2,15,1,1,1,1.30420486214886,0.218383045930179,0.691830087834442,0.663656554827576
spe30,post,20180718,2,16,1,1,1,3.48962720013402,0.576632636234252,0.470690092290613,0.374867344885623
spe30,post,20180718,2,17,2,1,1,0.839154734041188,0.43208864854371,0.596438689174825,0.580705818090279
spe30,post,20180718,2,18,2,1,1,1.32090920688805,0.700764659438047,0.425078336059419,0.417118174059954
spe30,post,20180718,2,19,1,1,1,2.39475839643933,0.543868792185108,0.432128247821411,0.49354593304841
spe30,post,20180718,2,20,1,1,1,2.04930932472593,1.03250175588539,0.708847843361152,0.779273477828875
spe30,post,20180718,2,21,1,1,1,6.27677089707436,0.640730651480433,0.400425137682834,0.619027649351803
spe30,post,20180718,2,22,1,1,1,3.8411498520843,0.208847575982186,0.736990688977134,0.703264116553577
spe30,post,20180718,2,23,1,1,1,5.42392255437712,1.31256166652354,0.584106150095379,1.16566371477932
spe30,post,20180718,2,24,1,1,1,4.07128486219014,0.563232673935675,0.965493495165983,0.466488276783676
spe30,post,20180718,2,25,2,1,1,10.5454685107934,1.25350484494984,0.751857792011556,0.716393672371552
spe30,post,20180718,2,26,1,1,1,3.75757902008322,0.528562092009976,0.522150397508193,0.550629222824843
spe30,post,20180718,2,27,2,1,1,0.750082433707595,0.437688341577883,0.676534918063973,0.486595245820274
spe30,post,20180718,2,28,1,1,1,4.36528284261491,0.800647844559673,0.564419805516572,0.738641422697766
spe30,post,20180718,2,29,1,1,1,1.05149086553891,0.272897847989143,0.633709383808339,0.366343385484151
spe30,post,20180718,2,30,1,1,1,3.07731200389452,0.735594070948345,0.610555553603999,0.705493399404677
spe30,post,20180718,2,31,1,1,1,0.945866479049228,1.05129239199542,0.706931708793923,0.48405095115444
spe30,post,20180718,2,32,2,1,1,11.2810483214029,0.919166641271328,0.523861384847922,0.680753948939211
spe30,post,20180718,2,33,1,1,1,0.630826113831042,0.537461013070947,0.346630703471757,0.452312647331889
spe30,post,20180718,2,34,2,1,1,12.2640567154418,0.291755980947177,0.63189884603585,0.39853343037516
spe30,post,20180718,2,35,1,1,1,0.821238478414763,0.598353353269705,0.581050618700297,0.59619052630152
spe30,post,20180718,2,36,1,1,1,8.07986241792012,0.319023941754605,0.582247785792772,0.582531841566166
spe30,post,20180718,2,37,1,1,1,6.98636340735634,0.149073989072051,0.389316215648455,0.362490788976593
spe30,post,20180718,2,38,2,1,1,11.5446593254404,1.05045869950265,0.782174356949532,0.889240021100907
spe30,post,20180718,2,39,2,1,1,6.69061339988803,0.396567426897578,0.425129978407904,0.468648758421363
spe30,post,20180718,2,40,1,1,1,7.1969520811743,0.920504244772307,0.737827920953774,0.716773319614358
spe30,post,20180718,2,41,1,1,1,6.06607246457997,1.59987500243602,1.04436162310235,1.0907647168023
spe30,post,20180718,2,42,1,1,1,0.916832558293142,0.567061065681228,0.822069896827212,0.817589402245283
spe30,post,20180718,2,43,1,1,1,4.2452930073771,0.636276608865556,0.385001728266529,0.565741186035438
spe30,post,20180718,2,44,1,1,1,3.80896177264287,0.596238193696657,0.464434942734279,0.475709743215298
spe30,post,20180718,2,45,2,1,1,7.52045185737154,0.476820254375424,1.0766269515431,0.8149953102
spe30,post,20180718,2,46,1,1,1,10.4551437408861,0.495633673129751,0.849433225446423,0.63200911292155
spe30,post,20180718,2,47,1,1,1,8.92602109252288,0.74003293108565,0.558092473956134,0.524601810285845
spe30,post,20180718,2,48,1,1,1,3.97561894246506,0.640438699744844,0.509420625009207,0.481687953123669
spe30,post,20180718,2,49,2,1,1,2.2110285262654,1.46084479085081,0.668668088127612,0.661840817802293
spe30,post,20180718,2,50,1,1,1,0.668964325785304,0.199952680703514,0.613159608932912,0.433268811236516
spe30,post,20180718,2,51,1,1,1,2.97275520687052,0.426886920335625,0.72642669965376,0.69639683372553
spe30,post,20180718,2,52,1,1,1,1.81482580200139,0.331069358991771,0.415155124464914,0.415131901872701
spe30,post,20180718,2,53,1,1,1,6.19689403603239,0.671790069924446,0.638563439314908,0.587523645299376
spe30,post,20180718,2,54,1,1,1,1.20961717989012,1.26898744583921,0.959294915446353,0.922535861197159
spe30,post,20180718,2,55,1,1,1,10.9632982010305,0.291588827532579,0.876449933648797,0.415006635567374
spe30,post,20180718,2,56,2,1,1,8.16239868745959,0.346220521037846,0.586831218944045,0.317684869658918
spe30,post,20180718,2,57,1,1,1,1.50578239237077,0.203188407594024,0.589424775915456,0.585423804867733
spe30,post,20180718,2,58,1,1,1,1.45198784792123,0.286691566459007,0.396746713288589,0.603584167606215
spe30,post,20180718,2,59,1,1,1,1.00933720306681,0.237386312516316,0.467006844839646,0.465879423267758
spe30,post,20180718,2,60,1,1,1,5.26236861362045,0.273159232974973,0.395568487482528,0.389251102391597
spe30,post,20180718,2,61,1,1,1,2.60295406617808,1.14580973093911,0.752401211064847,0.97914650739428
spe30,post,20180718,2,62,2,1,1,4.43073869059728,0.303937503687746,0.582025835002171,0.58352966559588
spe30,post,20180718,2,63,2,1,1,9.46397099053824,0.211808744281693,0.598571114255698,0.454617574488881
spe30,post,20180718,2,64,1,1,1,3.93778421799761,0.515250925346119,0.41265661939542,0.481411972312566
spe30,post,20180718,2,65,1,1,1,3.24645045193066,0.439408017698754,0.574249356646197,0.461189927638254
spe30,post,20180718,2,66,1,1,1,1.36874933740395,0.706005321178016,0.523454291936897,0.642919094094992
spe30,post,20180718,2,67,2,1,1,1.09076553783606,0.675270323160299,0.510138602322943,0.446971316018686
spe30,post,20180718,2,68,1,1,1,1.43008217614365,0.77315786050367,1.00086462907934,0.747224894882221
spe30,post,20180718,2,69,2,1,1,4.92883896856649,0.739189513863284,0.543690221691898,0.684316843448539
spe30,post,20180718,2,70,1,1,1,1.79405771465029,0.306217699108069,0.638063555956033,0.519079688460744
spe30,post,20180718,2,71,2,1,1,1.08303377786604,0.191172170040491,0.521625776935267,0.680441959057964
spe30,post,20180718,2,72,1,1,1,6.54276673042231,0.498952254077093,0.505099894044394,0.502428087274985
spe30,post,20180718,2,73,2,1,1,1.32966677955055,0.326180786943173,0.546100592928986,0.535229096216679
spe30,post,20180718,2,74,1,1,1,3.49065372581775,0.424600900850676,0.546698928382344,0.742861699436202
spe30,post,20180718,2,75,1,1,1,10.6591112526017,0.385959531843296,0.555802784444268,0.627708917828103
spe30,post,20180718,2,76,1,1,1,1.56571831739863,1.29505820461574,0.647137130548388,1.03545153733978
spe30,post,20180718,2,77,2,1,1,1.22708510224304,0.450769616151585,0.489686462317478,0.634260207279769
spe30,post,20180718,2,78,1,1,1,1.91317290502898,0.310899973430056,0.495167728566227,0.529778070481643
spe30,post,20180718,2,79,1,1,1,1.37171009305795,0.991779721967975,0.633180192954764,0.589679326998451
spe30,post,20180718,2,80,2,1,1,0.758783242609483,0.793511888452881,0.390595218929568,0.472822599283059
spe30,post,20180718,2,81,1,1,1,0.660580900491032,0.558168541405395,0.345625895319644,0.345358750152299
spe30,post,20180718,2,82,1,1,1,6.750955530809,0.708875763691228,0.735695470232222,0.861275481847856
spe30,post,20180718,2,83,1,1,1,1.47131813143665,1.01645924397633,0.840339394709632,0.839177757018924
spe30,post,20180718,2,84,2,1,1,0.980449520647022,0.805006491298197,0.83714967900386,0.531693191007554
spe30,post,20180718,2,85,1,1,1,6.41970876537214,0.327867793607513,0.498610027220928,0.301024967991747
spe30,post,20180718,2,86,1,1,1,0.539616220252038,0.858473645388739,0.650998500106126,0.656863711661798
spe30,post,20180718,2,87,1,1,1,1.83040494631482,0.238347347343624,0.596815470023905,0.583594007474491
spe30,post,20180718,2,88,1,1,1,4.37281333649632,0.428341207459582,0.495149010984706,0.429448280501084
spe30,post,20180718,2,89,1,1,1,2.75968167379931,0.431798560515759,0.565959377701115,0.477804733138299
spe30,post,20180718,2,90,1,1,1,2.22837902742379,0.627922073803997,0.674845597699365,0.888944959505835
spe30,post,20180718,2,91,2,1,1,4.87277990005138,0.755287505546581,0.907285595468754,0.488929910017304
spe30,post,20180718,2,92,2,1,1,12.7338351869879,1.85300043143699,0.75215788464827,1.2519535604595
spe30,post,20180718,2,93,1,1,1,6.57463317755503,0.339054927550377,0.597753001115002,0.331959210161852
spe30,post,20180718,2,94,1,1,1,1.10728529551292,0.78945490793873,0.640494169366313,0.68700034138163
spe30,post,20180718,2,95,2,1,1,7.69986339883196,0.667271991420558,0.674046305354606,0.577208726769599
spe30,post,20180718,2,96,1,1,1,2.03854462618602,0.121967561200107,0.351326151371804,0.399864458497304
spe30,post,20180718,2,97,2,1,1,2.54124898062737,0.524998134834446,0.677718184829049,0.444312855208623
spe30,post,20180718,2,98,2,1,1,9.07317501654127,0.552910165949519,0.418422157739767,0.415487588173651
spe30,post,20180718,2,99,1,1,1,4.07431463053634,0.682006114826386,0.46748004962749,0.564233128604734
spe30,post,20180718,2,100,2,1,1,1.32723201304414,0.942734136690086,0.681020582024643,0.512216948999322
spe30,post,20180718,2,101,NaN,0,0,NaN,NaN,NaN,NaN
spe30,post,20180718,3,1,2,1,1,0.892458584395238,0.745431601264651,0.516749601496532,0.523600105857729
spe30,post,20180718,3,2,1,1,1,2.293693917277,0.563061776238727,0.603793944162768,0.493370336587424
spe30,post,20180718,3,3,2,1,1,1.8870821870512,0.136349525096184,0.881197902978816,0.699960517076951
spe30,post,20180718,3,4,1,1,1,5.38374620094299,0.205910665306487,0.461102739214428,0.481003597676201
spe30,post,20180718,3,5,1,1,1,4.25377526287903,0.327268763046604,0.746453882599596,0.392894900190902
spe30,post,20180718,3,6,1,1,1,1.179478047279,0.528743949575778,0.746135860530763,0.55950954726261
spe30,post,20180718,3,7,1,1,1,0.920709902914734,0.362902961071468,0.577712891521767,0.435602720248981
spe30,post,20180718,3,8,2,1,1,0.851584148995997,0.480896271276679,0.719985077983185,0.720574066994366
spe30,post,20180718,3,9,1,1,1,0.933774235663686,0.503706767712553,0.596041481625608,0.615698493004457
spe30,post,20180718,3,10,1,1,1,1.16893850641526,0.647389764964223,0.585003306670307,0.584337329575344
spe30,post,20180718,3,11,2,1,1,0.732323932264381,0.368555669358286,0.327996929303521,0.333420992230669
spe30,post,20180718,3,12,1,1,1,6.25661466288847,0.307498913142075,0.411353640405594,0.784996391107688
spe30,post,20180718,3,13,2,1,1,1.34341399648551,0.511268664461258,0.348196279684148,0.355240948898056
spe30,post,20180718,3,14,1,1,1,1.4637081027736,0.262465463886711,0.525586185324908,0.535646977133013
spe30,post,20180718,3,15,2,1,1,5.69724658452434,0.301163008101078,0.683099381465035,0.371312265346836
spe30,post,20180718,3,16,1,1,1,2.38883925892648,0.457078850357604,0.89484846080507,0.41450412902944
spe30,post,20180718,3,17,2,1,1,0.873807847107476,0.482838268097566,0.503087176615326,0.80150425421219
spe30,post,20180718,3,18,1,1,1,1.7084176098831,0.24437391718564,0.550379401735227,0.289576774187693
spe30,post,20180718,3,19,1,1,1,1.74055850953261,0.447321163630301,0.65396167920137,0.680207502513097
spe30,post,20180718,3,20,1,1,1,7.27224645090428,0.298820497350698,0.561147744418588,0.63756888567479
spe30,post,20180718,3,21,2,1,1,3.24550191858715,0.384769740940875,0.445911298669814,0.411283235957125
spe30,post,20180718,3,22,1,1,1,0.906648524631827,0.383755491888547,0.554587585706372,0.300435406726671
spe30,post,20180718,3,23,2,1,1,11.3150910255408,0.844352080798963,0.47558395568645,0.534251584813119
spe30,post,20180718,3,24,2,1,1,1.47855012200888,0.670949745981607,0.655408588957686,0.646936643176234
spe30,post,20180718,3,25,2,1,1,11.7181015039226,0.755376987815661,0.420990805761095,0.470531382911016
spe30,post,20180718,3,26,1,1,1,3.16720966999234,0.568687886918866,0.359730179966375,0.629508212112345
spe30,post,20180718,3,27,1,1,1,5.02311731738728,0.564339877467825,0.458714906055247,0.658818865592731
spe30,post,20180718,3,28,1,1,1,2.66934240743038,0.275167742363474,0.378878269727361,0.537068286804794
spe30,post,20180718,3,29,1,1,1,3.12899907954933,1.09793438427759,0.975336054966654,1.0417944459267
spe30,post,20180718,3,30,2,1,1,2.07943043724152,0.643541266957071,0.71090683761249,0.674368577404276
spe30,post,20180718,3,31,1,1,1,0.875828091825076,1.15882733821962,0.277433574504454,0.639231229304753
spe30,post,20180718,3,32,2,1,1,2.19126789532026,0.235793565061758,0.329309967498517,0.312293960330583
spe30,post,20180718,3,33,1,1,1,0.486883779003351,0.519060423408559,0.493194285351585,0.382860141971416
spe30,post,20180718,3,34,1,1,1,0.83681343518125,0.526180937521947,0.392415907327187,0.348086952344512
spe30,post,20180718,3,35,1,1,1,5.04548785564432,0.680627018305291,0.530204397549073,0.657936561935526
spe30,post,20180718,3,36,1,1,1,2.24312234246142,0.525237491687042,0.466866524953306,0.506528543496505
spe30,post,20180718,3,37,2,1,1,7.18003297591665,0.304896249885776,0.375216901823072,0.369214136923674
spe30,post,20180718,3,38,1,1,1,3.86593750966595,0.352034394041413,0.606303842695976,0.54941941293459
spe30,post,20180718,3,39,1,1,1,3.15490570256932,0.552421334577857,0.480118347977945,0.560492761981269
spe30,post,20180718,3,40,1,1,1,0.284654852352567,0.969383055114928,0.641327891508919,0.643775955768648
spe30,post,20180718,3,41,1,1,1,2.17545518148034,0.517907294360812,0.554725001863715,0.484931432888478
spe30,post,20180718,3,42,2,1,1,4.63332144907768,0.868183018798955,0.389405370107281,0.642728533734338
spe30,post,20180718,3,43,1,1,1,3.89972982254232,0.630679500477721,0.363818617274384,0.2994673535759
spe30,post,20180718,3,44,1,1,1,7.71471102271662,0.347124286878213,0.319113453687913,0.311804941470146
spe30,post,20180718,3,45,2,1,1,1.06302912883096,0.308123435589576,0.364474096077309,0.389569574883271
spe30,post,20180718,3,46,1,1,1,1.47894347401848,0.946384018713266,0.797557931263083,0.737903161540381
spe30,post,20180718,3,47,1,1,1,2.69315481457593,0.791498809487415,0.818795670084935,0.77819194295657
spe30,post,20180718,3,48,2,1,1,0.979504235233456,0.314054581935665,0.853355358826442,0.557797681329306
spe30,post,20180718,3,49,2,1,1,9.16458454247661,0.571432092620658,0.535779434711281,0.422413805232503
spe30,post,20180718,3,50,1,1,1,0.631997446086057,0.41788548856908,0.326977748749946,0.341188532565899
spe30,post,20180718,3,51,2,1,1,2.64006075839641,0.264901538993977,0.513082716209807,0.512475721667605
spe30,post,20180718,3,52,1,1,1,0.691073987096839,0.211854281719886,0.571928837260028,0.411100944641254
spe30,post,20180718,3,53,1,1,1,2.41893775409903,0.509605761843464,0.35051080342161,0.449182034676551
spe30,post,20180718,3,54,1,1,1,7.00634614723803,1.07156780104854,0.495695226830119,0.850175935615645
spe30,post,20180718,3,55,1,1,1,2.69631379887133,0.410501069301587,0.376469579878546,0.425291879727285
spe30,post,20180718,3,56,1,1,1,2.2940084687362,0.576864517052234,0.531400421851274,0.434897627521945
spe30,post,20180718,3,57,2,1,1,1.22017972781233,0.678614874887662,0.784776281784302,0.528886058809993
spe30,post,20180718,3,58,2,1,1,2.07420090150274,0.602386712682955,0.516716358650294,0.438242249979408
spe30,post,20180718,3,59,1,1,1,7.12541474182757,0.79037383889015,0.531998269135451,0.661516317008114
spe30,post,20180718,3,60,2,1,1,6.90833399919385,0.841868649188321,0.728802758071797,1.38596459210282
spe30,post,20180718,3,61,1,1,1,4.66896714888701,0.916065066529692,0.806409249465916,1.00530632647963
spe30,post,20180718,3,62,1,1,1,1.58272612708577,0.658455317110185,0.776866606890379,0.658574194525991
spe30,post,20180718,3,63,1,1,1,1.24483567326113,0.190513827247107,0.5317603640728,0.577036558414589
spe30,post,20180718,3,64,1,1,1,2.93429009765002,0.533399279307767,0.43658384233191,0.567838127227587
spe30,post,20180718,3,65,2,1,1,1.39784684097267,0.304995428269231,0.378990078180363,0.353629819672752
spe30,post,20180718,3,66,1,1,1,2.65877230629058,0.158271513967463,0.417241789893589,0.453878770852161
spe30,post,20180718,3,67,1,1,1,8.70351206963957,1.0300277175631,0.532832279806176,0.552853856543735
spe30,post,20180718,3,68,1,1,1,5.63191571054947,0.499340066214712,0.518972348273997,0.510695692759506
spe30,post,20180718,3,69,1,1,1,3.41294349654061,0.407999879335667,0.354542131119371,0.356358920913702
spe30,post,20180718,3,70,2,1,1,1.64532280240053,1.71999866321928,0.976474176323735,1.18005701640197
spe30,post,20180718,3,71,1,1,1,2.25239825119735,0.648328075829808,0.651665539128097,0.672998052369902
spe30,post,20180718,3,72,1,1,1,6.37780541673776,0.594213514940697,0.35893277425859,0.505942942369046
spe30,post,20180718,3,73,1,1,1,12.6161066007917,0.264499288605363,0.800727272597489,0.617133151817671
spe30,post,20180718,3,74,2,1,1,0.634311806925684,0.233544426433649,0.510934760951677,0.503674599636361
spe30,post,20180718,3,75,2,1,1,7.45546596155962,0.500323595237394,0.848539052154403,0.856121912676657
spe30,post,20180718,3,76,1,1,1,8.73635616211289,0.628379400680542,0.367304483073516,1.11361718051892
spe30,post,20180718,3,77,2,1,1,0.498129603300513,0.853840225089087,0.574222048189216,0.800478441631138
spe30,post,20180718,3,78,1,1,1,7.39784003858214,0.633829529685101,0.476181253279785,0.464134077305193
spe30,post,20180718,3,79,1,1,1,11.2684537092483,0.946493523012395,0.630902366630249,0.634842284868101
spe30,post,20180718,3,80,1,1,1,7.31585229689819,0.48828623027137,0.49417729682426,0.685550399499443
spe30,post,20180718,3,81,1,1,1,6.80821683739369,0.621177320790258,0.709979405046278,0.777642870721949
spe30,post,20180718,3,82,1,1,1,12.4082984066307,0.714889651519272,0.762133548885171,0.986477765845141
spe30,post,20180718,3,83,2,1,1,2.45476656667563,0.89929341669523,0.420838145789769,0.676790568141455
spe30,post,20180718,3,84,1,1,1,4.1235383587423,1.02686371062428,0.78464448852274,0.813586143636255
spe30,post,20180718,3,85,1,1,1,3.63275699294298,0.411200283535499,0.4755716692729,0.442576056998541
spe30,post,20180718,3,86,1,1,1,2.07071724458181,0.668131655994034,0.411734232069496,0.592563788856445
spe30,post,20180718,3,87,1,1,1,1.40477542607405,0.449692503525383,0.478829271858168,0.388344406771068
spe30,post,20180718,3,88,2,1,1,1.70745929276318,0.622606722071577,0.687275218263087,0.719366296439831
spe30,post,20180718,3,89,1,1,1,2.44512222396837,0.427587613647029,0.671577958876804,0.55955588419449
spe30,post,20180718,3,90,2,1,1,1.59691349891249,0.389639071942788,0.518003943365733,0.451741169996483
spe30,post,20180718,3,91,1,1,1,1.89510942687739,0.846851015418769,0.424861280991392,0.533156811025212
spe30,post,20180718,3,92,1,1,1,6.93508284866749,0.785485230930954,0.5195857491349,0.656931449255074
spe30,post,20180718,3,93,1,1,1,6.47112766816325,0.653664853180715,0.54367112993598,0.547276820626439
spe30,post,20180718,3,94,2,1,1,10.314733635041,1.06520042615713,0.4526458344685,0.845749544994589
spe30,post,20180718,3,95,1,1,1,10.2328454148813,0.460308431469328,0.676211268267846,0.500476733040096
spe30,post,20180718,3,96,1,1,1,2.89395161784376,0.669837095846779,0.615708866627124,0.722913391745247
spe30,post,20180718,3,97,2,1,1,2.94373550031965,0.55036291740058,0.856974612575415,0.641927825646553
spe30,post,20180718,3,98,1,1,1,1.15127130841352,0.571839307186943,0.675885379082973,0.39825242258272
spe30,post,20180718,3,99,2,1,1,4.50351230448253,0.366527256290959,0.477642544000407,0.440041564314657
spe30,post,20180718,3,100,2,1,1,1.80573493930688,0.664642235045535,0.593370420471416,0.649628680398652
spe30,post,20180718,3,101,NaN,0,0,NaN,NaN,NaN,NaN
spe30,post,20180718,4,1,2,1,1,7.01639254034624,0.878207874878367,0.713366231632391,0.757470992605273
spe30,post,20180718,4,2,1,1,1,0.813742568971453,0.564721639901615,0.513455184021625,0.511406429535901
spe30,post,20180718,4,3,2,1,1,1.19617423808673,0.643773602735839,0.442586042573406,0.446901109983734
spe30,post,20180718,4,4,2,1,1,5.19242651882951,0.203436636982556,0.457880089768028,0.203474182702076
spe30,post,20180718,4,5,1,1,1,1.33946740272091,0.200593660371664,0.754857322467031,0.313535405388597
spe30,post,20180718,4,6,2,1,1,0.358078534653306,0.368819874145616,0.567604778279454,0.440465368541964
spe30,post,20180718,4,7,1,1,1,4.90248704596473,0.248203153253712,0.400426281859214,0.483047549088265
spe30,post,20180718,4,8,2,1,1,0.759932080129638,0.332394973251538,0.331208883608091,0.336649874951331
spe30,post,20180718,4,9,1,1,1,2.26354150759894,0.219991853079657,0.336103331249919,0.379256593100596
spe30,post,20180718,4,10,1,1,1,11.791125015958,0.308667004934965,0.55430351918185,0.404956776556122
spe30,post,20180718,4,11,1,1,1,10.098248387136,0.26785299165608,0.764696146560166,0.461479030109558
spe30,post,20180718,4,12,1,1,1,1.96709994810029,0.831263198380346,0.462738179447746,0.526002473804409
spe30,post,20180718,4,13,1,1,1,0.48678072742311,0.787982742487953,0.27842758154065,0.438945397210548
spe30,post,20180718,4,14,2,1,1,2.59156062173929,0.70338410757362,0.525989371662445,0.298153065888868
spe30,post,20180718,4,15,2,1,1,6.68710326491471,0.692839678440406,0.515544139192385,0.521003714175419
spe30,post,20180718,4,16,1,1,1,5.73079040447741,0.652161909322849,0.382950542731201,0.431650611171629
spe30,post,20180718,4,17,1,1,1,5.12714884027142,0.436277439465036,0.362040214609949,0.493108395844263
spe30,post,20180718,4,18,1,1,1,5.36627896760139,0.716571619340447,0.564995929801361,0.652138171462614
spe30,post,20180718,4,19,1,1,1,9.81640007965187,0.673419832011254,0.432143084111986,0.483596551606101
spe30,post,20180718,4,20,2,1,1,6.54751206206954,0.587466995981702,0.384979330382375,0.39117164598425
spe30,post,20180718,4,21,2,1,1,2.7659079748218,0.282383798670793,0.734375508188216,0.574687162205313
spe30,post,20180718,4,22,1,1,1,1.13419295157759,0.889816217732643,0.442161932323191,0.634305564126997
spe30,post,20180718,4,23,1,1,1,3.52806750796541,0.350573429644632,0.616820936333715,0.576858880645098
spe30,post,20180718,4,24,1,1,1,2.8003091289187,0.155039574448334,0.433788782405643,0.370032789204828
spe30,post,20180718,4,25,2,1,1,1.83542687119979,0.207243003961536,0.730096149038875,0.676069111183022
spe30,post,20180718,4,26,2,1,1,6.02877708491145,0.567770598558555,0.410358972857467,0.641970722835046
spe30,post,20180718,4,27,1,1,1,2.96984576669177,0.236499000308164,0.346895975017448,0.554053085824444
spe30,post,20180718,4,28,1,1,1,2.03889207154162,0.410180239904202,0.408138749476304,0.451512899122379
spe30,post,20180718,4,29,1,1,1,1.9216025468755,0.820725027151022,0.71124051510055,0.86542704358931
spe30,post,20180718,4,30,1,1,1,2.55553821610761,0.650186959880179,0.503346026120338,0.511492917821852
spe30,post,20180718,4,31,1,1,1,1.26703839048059,0.776461728963683,0.591943106823033,0.42240083886653
spe30,post,20180718,4,32,1,1,1,4.77196134192855,0.571906437103783,0.604763481250085,0.955308941662562
spe30,post,20180718,4,33,1,1,1,5.77027446157179,0.866899312289684,0.795785304363781,0.812054402337568
spe30,post,20180718,4,34,2,1,1,6.06610944279514,0.981682722950355,0.94623826465134,0.927214026424943
spe30,post,20180718,4,35,1,1,1,7.39068007473139,0.292019799866772,0.318902942914049,0.467997089938166
spe30,post,20180718,4,36,1,1,1,0.968771891987842,0.76416207748043,0.550887226531757,0.66586317882558
spe30,post,20180718,4,37,2,1,1,0.72177222192369,0.231410731658306,0.37293875329202,0.26212002658734
spe30,post,20180718,4,38,1,1,1,5.6818954261135,0.29928444144397,0.362352298672687,0.31587268605025
spe30,post,20180718,4,39,1,1,1,1.63569832060421,0.42588673754394,0.566365487825236,0.616472228918778
spe30,post,20180718,4,40,1,1,1,1.37270311797328,0.557175750390296,0.442029933438172,0.443757204480076
spe30,post,20180718,4,41,1,1,1,6.58239519290627,0.334778777630252,0.472834852073314,0.424462631792267
spe30,post,20180718,4,42,1,1,1,0.549237308983958,0.958615805374026,0.590748236124956,0.631946622108524
spe30,post,20180718,4,43,1,1,1,2.26339769474712,0.401459913477726,0.475896588598154,0.476272204687164
spe30,post,20180718,4,44,1,1,1,4.04105462706824,0.347278609414404,0.47946977842242,0.610045210154365
spe30,post,20180718,4,45,1,1,1,9.60852423981167,0.585404745400912,0.57187616771366,0.558466352099446
spe30,post,20180718,4,46,1,1,1,0.839813075768189,0.253031431921388,0.383492940040464,0.388580256644803
spe30,post,20180718,4,47,1,1,1,1.76566276981088,0.56224243606149,0.814613226029393,0.840302170184231
spe30,post,20180718,4,48,2,1,1,5.71680710447875,0.293681469353025,0.413753200016138,0.36524662995735
spe30,post,20180718,4,49,1,1,1,15.3609526271993,0.239078442617722,0.337988722506845,0.348751659642307
spe30,post,20180718,4,50,1,1,1,13.4503796236327,0.797058963613054,0.404249124552818,0.609224222216131
spe30,post,20180718,4,51,2,1,1,0.643163493026366,0.64266911786633,0.528176147381495,0.489644537955608
spe30,post,20180718,4,52,1,1,1,1.89631492323559,0.994376063547333,0.783194374777537,0.777374180271424
spe30,post,20180718,4,53,1,1,1,12.8323363683306,1.28166383033821,0.93937293778804,0.96848188110169
spe30,post,20180718,4,54,1,1,1,6.25242897648475,0.298911167565183,0.506153213306978,0.434108340917058
spe30,post,20180718,4,55,1,1,1,1.44639824757752,0.378292978959465,0.613280684377027,0.517121230099816
spe30,post,20180718,4,56,1,1,1,3.51192694425769,1.4222092051892,0.652327441555212,0.446695116471062
spe30,post,20180718,4,57,1,1,1,4.55622081123547,0.801925211370404,0.451794666017167,0.496706335929698
spe30,post,20180718,4,58,1,1,1,8.15671894356517,0.691723078211066,0.381646983773737,0.611124351910417
spe30,post,20180718,4,59,1,1,1,0.718841707967456,0.642095895889966,0.359800079720255,0.364378720123259
spe30,post,20180718,4,60,1,1,1,0.842149873799908,0.238720481233932,0.543503397264502,0.563438461279799
spe30,post,20180718,4,61,1,1,1,4.6988613998549,1.05385978545985,0.431655454780776,0.74643031537096
spe30,post,20180718,4,62,1,1,1,1.8562308074377,0.429365963762249,0.489695545618798,0.518046204756693
spe30,post,20180718,4,63,2,1,1,2.63978127623213,1.30716630812601,1.13087053608711,1.19407453561041
spe30,post,20180718,4,64,1,1,1,7.88666140966474,0.912305386388002,0.511749346859712,0.469086194434271
spe30,post,20180718,4,65,2,1,1,3.46847244509002,0.41339004203822,0.629041914908327,0.518233248198589
spe30,post,20180718,4,66,2,1,1,0.558371586351727,0.550347751983649,0.536865384007283,0.542843068688948
spe30,post,20180718,4,67,1,1,1,4.28486487340427,0.652503725520748,0.432613349454935,0.562485453760482
spe30,post,20180718,4,68,2,1,1,6.48339319058837,0.765676655786692,0.912555341583543,0.779939021501078
spe30,post,20180718,4,69,1,1,1,5.11083203785387,2.33308986737855,1.23320651936448,1.31170084930167
spe30,post,20180718,4,70,1,1,1,1.03458230535786,0.445230360531908,0.436279283348074,0.361438897181707
spe30,post,20180718,4,71,1,1,1,9.64011729047663,0.618764512338522,0.294616083104886,0.452230188710071
spe30,post,20180718,4,72,2,1,1,2.4636309619842,0.664611776498565,0.431171229662108,0.475697644755669
spe30,post,20180718,4,73,2,1,1,1.17759322070982,0.540126146346898,0.310779139607512,0.304472451579252
spe30,post,20180718,4,74,1,1,1,5.56643288570856,0.758695436864427,0.885122229838973,0.889112069445266
spe30,post,20180718,4,75,2,1,1,0.834142816974392,0.144321798990172,0.317773920566362,0.303755207025761
spe30,post,20180718,4,76,1,1,1,0.262615263368642,0.209027090382827,0.44271637276278,0.400526393252672
spe30,post,20180718,4,77,1,1,1,2.86450586906681,0.549189841555793,0.681114975201281,0.703221476650787
spe30,post,20180718,4,78,1,1,1,1.98147557562064,0.705565432150458,0.493367781300324,0.586216494817087
spe30,post,20180718,4,79,1,1,1,1.44376173732045,0.543169193211274,0.427918138168851,0.443582943574408
spe30,post,20180718,4,80,2,1,1,1.33477034209572,0.755337144241856,0.67254573284403,0.685027893961317
spe30,post,20180718,4,81,2,1,1,1.06605161692173,1.01589754481281,0.730777598982825,0.667374720688776
spe30,post,20180718,4,82,2,1,1,4.08909826301627,0.437171089472372,0.614092663381622,0.804735446068109
spe30,post,20180718,4,83,2,1,1,4.4302450744962,0.332011075655139,0.593018051615726,0.474344793254365
spe30,post,20180718,4,84,2,1,1,0.508716108968708,0.38746856139727,0.465998171063144,0.56057085374428
spe30,post,20180718,4,85,2,1,1,1.30996567405959,0.395294661649992,0.339755119818847,0.374221294585941
spe30,post,20180718,4,86,1,1,1,3.13424662040436,0.426128415310497,0.542616457629173,0.395680809840562
spe30,post,20180718,4,87,2,1,1,0.592881672928971,0.596621974531959,0.483412853192504,0.468097556155654
spe30,post,20180718,4,88,2,1,1,4.71412285521488,1.07904614398266,0.427481409120157,0.471717032667513
spe30,post,20180718,4,89,2,1,1,1.6363403331024,0.626803427174705,0.474528387926246,0.594658189974322
spe30,post,20180718,4,90,2,1,1,8.33918288739807,0.235822636422239,0.578389919791775,0.361929839127557
spe30,post,20180718,4,91,1,1,1,5.16262361541128,1.49388592872235,0.789002599146372,1.24428309186474
spe30,post,20180718,4,92,1,1,1,4.97656421424335,0.684227918609656,0.623529060292097,0.760948517784515
spe30,post,20180718,4,93,2,1,1,2.1627514389937,0.752880521966016,0.749200333688992,0.578418047543745
spe30,post,20180718,4,94,2,1,1,1.05408448271186,0.395944533430082,0.461148772824522,0.494215163237747
spe30,post,20180718,4,95,1,1,1,0.493464128317795,0.865931648961468,0.747842035686092,0.689515181071127
spe30,post,20180718,4,96,1,1,1,1.52793192816439,0.699593242621937,0.666029652880743,0.671135375010155
spe30,post,20180718,4,97,1,1,1,0.520819305175984,0.281172713177878,0.363467304653065,0.356162352185496
spe30,post,20180718,4,98,1,1,1,0.585134543121391,0.786052873907394,0.380997490971822,0.390303760334247
spe30,post,20180718,4,99,1,1,1,2.57438202068824,0.771364594051271,0.559627786227118,0.457095277469772
spe30,post,20180718,4,100,1,1,1,5.30327019660598,0.354841454998102,0.391152302872244,0.358783767000555
spe30,post,20180718,4,101,NaN,0,0,NaN,NaN,NaN,NaN
spe30,post,20180718,5,1,2,1,1,4.81016068267358,0.555569835416696,0.647586310370541,0.653644596232921
spe30,post,20180718,5,2,1,1,1,2.86313724468578,0.322726568490487,0.528925355005837,0.522398804987591
spe30,post,20180718,5,3,2,1,1,2.5423196392414,0.670788418774711,0.339989314040021,0.380044359407391
spe30,post,20180718,5,4,1,1,1,2.48227010473164,1.57446423674499,0.65059468150182,0.934981587725066
spe30,post,20180718,5,5,1,1,1,10.2142017898747,0.932734163907988,0.8740002200918,0.525642377201684
spe30,post,20180718,5,6,2,1,1,3.95495210902458,0.797588991418785,0.687525067434521,0.714093088191787
spe30,post,20180718,5,7,1,1,1,14.7326599470526,0.368366743937873,0.545348126189146,0.486035158027256
spe30,post,20180718,5,8,2,1,1,6.74930599465147,0.368709487945458,0.437022285236645,0.762489480585554
spe30,post,20180718,5,9,2,1,1,3.20753662548123,0.88810938998237,0.657275555085019,0.371599146082116
spe30,post,20180718,5,10,1,1,1,8.97153362793432,1.19918932104611,0.585018133009838,0.742312340873909
spe30,post,20180718,5,11,2,1,1,0.859931983779779,0.410844781822715,0.43971000137213,0.465069716936845
spe30,post,20180718,5,12,1,1,1,3.37932664095141,0.433047818033002,0.400949307160343,0.41937269474301
spe30,post,20180718,5,13,2,1,1,7.68043410535419,0.360675920908268,0.441550788017889,0.473251121849398
spe30,post,20180718,5,14,1,1,1,1.70049087809963,0.585802831935716,0.529620764046893,0.500414564650196
spe30,post,20180718,5,15,2,1,1,2.35217619210022,0.335641919395224,0.343526177137168,0.382019298168051
spe30,post,20180718,5,16,1,1,1,1.782191115841,0.73024182641349,0.429430278961214,0.683883529739694
spe30,post,20180718,5,17,1,1,1,6.27662749420814,0.925168337949106,0.364651994545901,0.677429556341824
spe30,post,20180718,5,18,1,1,1,7.67716664533611,1.15195320915618,1.02676101968748,0.966871298765599
spe30,post,20180718,5,19,1,1,1,1.9248446361078,0.380098480843875,0.530063476661008,0.845216598807316
spe30,post,20180718,5,20,2,1,1,0.745229179170734,0.649306469089094,0.505352869467849,0.404120341278451
spe30,post,20180718,5,21,1,1,1,0.982592785851022,0.154392091680375,0.384150617823709,0.266184105279054
spe30,post,20180718,5,22,2,1,1,1.2240808210079,0.161808592081281,0.355067701640707,0.27282969979378
spe30,post,20180718,5,23,2,1,1,0.192936174612462,0.281742330451849,0.307253232462105,0.305493692828167
spe30,post,20180718,5,24,1,1,1,0.764153824134999,0.273373770204941,0.886054626348007,0.79515659298998
spe30,post,20180718,5,25,1,1,1,0.82155507748253,0.298682463332138,0.404324990953911,0.285405024506723
spe30,post,20180718,5,26,1,1,1,3.14332394121298,0.801300739700547,0.53786228392324,0.714689692578527
spe30,post,20180718,5,27,1,1,1,6.02162252495255,0.31534768732738,0.504652201110126,0.455378209797982
spe30,post,20180718,5,28,2,1,1,7.10144231648871,1.37424885136693,0.844300337447123,0.879138414961829
spe30,post,20180718,5,29,1,1,1,9.42311378910283,0.400323544956571,0.347207355666467,0.401369239629264
spe30,post,20180718,5,30,1,1,1,1.47256614397511,0.322111083204638,0.562499075864801,0.550496688636351
spe30,post,20180718,5,31,1,1,1,0.934202184702566,0.584093691063156,0.534944314978005,0.553139637392209
spe30,post,20180718,5,32,1,1,1,3.95982217024814,0.907944568757565,0.532333839665355,0.462979708174055
spe30,post,20180718,5,33,1,1,1,4.35977153219922,1.30333525357739,1.03971197263099,0.937232202483502
spe30,post,20180718,5,34,1,1,1,4.17797903922833,0.574963279621836,0.35353401489192,0.599564204207217
spe30,post,20180718,5,35,1,1,1,0.716612574699157,0.271636461281006,0.504260929670252,0.499541776073841
spe30,post,20180718,5,36,2,1,1,0.205957858547597,0.527648907107969,0.558313134243419,0.611369346207218
spe30,post,20180718,5,37,2,1,1,2.49408239064866,0.266184896371507,0.514682526746389,0.517498050347131
spe30,post,20180718,5,38,2,1,1,3.95712620098198,0.579489609946956,0.503425051678415,0.544322709135413
spe30,post,20180718,5,39,1,1,1,1.56802078668132,0.871725161309698,0.366032457786132,0.409397867237801
spe30,post,20180718,5,40,2,1,1,3.4988263810308,0.525163741016517,0.380149029796773,0.31412789015577
spe30,post,20180718,5,41,2,1,1,5.20781663071538,0.700478517839905,0.624959860053696,0.462624874244548
spe30,post,20180718,5,42,2,1,1,0.558597549125776,0.280282644170587,0.505307568578885,0.475163809236934
spe30,post,20180718,5,43,1,1,1,0.474617439392176,0.301349990842309,0.533846176513779,0.533976249373019
spe30,post,20180718,5,44,2,1,1,0.747320357457609,0.273199625340703,0.519318729245794,0.517779689685053
spe30,post,20180718,5,45,1,1,1,17.8327925075234,0.423288269393963,0.749433925653303,0.58230301158585
spe30,post,20180718,5,46,1,1,1,7.34198516395115,0.409375025069618,0.554953873086953,0.44584792272064
spe30,post,20180718,5,47,1,1,1,5.08459333662465,0.350564232617559,0.508688277195791,0.397051415910145
spe30,post,20180718,5,48,1,1,1,2.28725270903239,0.690937813299753,0.2656346590818,0.744166277221953
spe30,post,20180718,5,49,2,1,1,6.54505212462855,0.568087418575519,0.742104808790366,0.643739769772259
spe30,post,20180718,5,50,1,1,1,8.07286243421462,0.408865658875174,0.566781506049659,0.525175776565304
spe30,post,20180718,5,51,2,1,1,1.3360097861845,0.554815942826385,0.583839792708007,0.599316258198467
spe30,post,20180718,5,52,1,1,1,1.58511445692008,0.307859624116538,0.524007631773838,0.528271831046143
spe30,post,20180718,5,53,1,1,1,1.07402941259237,0.411486684762734,0.433580192149867,0.574373624144214
spe30,post,20180718,5,54,1,1,1,7.73436768818082,0.881752300821412,0.458739244572613,0.667912550545475
spe30,post,20180718,5,55,1,1,1,10.8055505045269,0.952228645563835,0.462822887513847,0.497000550703106
spe30,post,20180718,5,56,1,1,1,0.750459010911822,0.410985112000478,0.436469108545411,0.440891918706617
spe30,post,20180718,5,57,2,1,1,2.54436108325759,0.493461319616458,0.589050818862067,0.619973215551187
spe30,post,20180718,5,58,1,1,1,2.66865869228226,1.12538835288227,1.31907926860324,1.0370472568089
spe30,post,20180718,5,59,1,1,1,1.9033590291489,0.733999339780924,0.623902738832738,0.687601223911415
spe30,post,20180718,5,60,1,1,1,6.09585753088326,1.27240202416349,0.344893567463106,0.894737131662595
spe30,post,20180718,5,61,1,1,1,2.17445825674338,0.695361724413762,0.381576200083763,0.544738897438742
spe30,post,20180718,5,62,2,1,1,4.97248148872096,0.430981742852333,0.819103500589698,0.820915107127699
spe30,post,20180718,5,63,1,1,1,9.25846839327592,0.626295768351575,0.388352017555395,0.476609083528686
spe30,post,20180718,5,64,2,1,1,6.26254462907031,0.269393899781633,0.566572397945027,0.676060601763094
spe30,post,20180718,5,65,2,1,1,5.42989758899411,0.550760297409584,0.477414554283495,0.401163983580165
spe30,post,20180718,5,66,1,1,1,1.83219722352597,0.577333220268982,0.551313205423516,0.581717557244527
spe30,post,20180718,5,67,1,1,1,1.31402776125631,0.223092753229054,0.426358017613952,0.487555354334145
spe30,post,20180718,5,68,1,1,1,12.462985879579,1.08150408500806,0.422036951246915,0.884966857323132
spe30,post,20180718,5,69,2,1,1,0.617741554230289,0.851293271152812,0.662429981483288,0.76449125545776
spe30,post,20180718,5,70,1,1,1,2.20621886733471,0.975356607608742,1.02944823761174,1.04163516223327
spe30,post,20180718,5,71,1,1,1,1.63648531894774,0.285945251228415,0.345931108007659,0.57395965790582
spe30,post,20180718,5,72,1,1,1,2.74367236563776,0.807277138222199,0.754498986075003,0.569307309828584
spe30,post,20180718,5,73,2,1,1,1.96854158933155,0.316145703899962,0.390335175105696,0.39575615093774
spe30,post,20180718,5,74,1,1,1,7.41884390775667,0.977395047647782,0.432055254268929,0.572346455560303
spe30,post,20180718,5,75,1,1,1,2.88409939977268,0.140480605176023,0.346185306774575,0.352138087951289
spe30,post,20180718,5,76,1,1,1,13.8662223749699,1.28785076648871,1.06540841639723,1.13867919995681
spe30,post,20180718,5,77,1,1,1,1.80120103132802,0.511914991828067,0.452055397166029,0.49546571120846
spe30,post,20180718,5,78,1,1,1,4.3729550476794,0.16843613098278,0.475792518655927,0.673493486430047
spe30,post,20180718,5,79,1,1,1,2.4041011414775,0.544867603609612,0.545218563652071,0.302695773110919
spe30,post,20180718,5,80,1,1,1,6.16744751407679,0.368476403474164,0.821251311038819,0.321997579085084
spe30,post,20180718,5,81,1,1,1,3.17159589011872,0.189876517571184,0.461980473905917,0.484197274931293
spe30,post,20180718,5,82,1,1,1,2.92705145593688,0.80015462806881,0.738587006972651,0.69054963106807
spe30,post,20180718,5,83,2,1,1,10.8817260512247,0.923055494074034,0.637654545551048,0.426138627631224
spe30,post,20180718,5,84,1,1,1,0.733251450868223,0.17601876411686,0.550756192226683,0.271009583425413
spe30,post,20180718,5,85,2,1,1,1.06642971731832,0.232888911418997,0.35499581454709,0.299796153326719
spe30,post,20180718,5,86,1,1,1,1.79549217517597,0.457152300889617,0.340587396568018,0.309597388429599
spe30,post,20180718,5,87,1,1,1,3.98444814846224,0.516830255015669,0.415788762952451,0.651727101718512
spe30,post,20180718,5,88,1,1,1,1.11053409229937,0.243524884161048,0.485195038259825,0.480841261765202
spe30,post,20180718,5,89,1,1,1,1.42984511348915,0.581204264504948,0.382775932419994,0.374997046507149
spe30,post,20180718,5,90,1,1,1,1.06240727111526,0.264534201727757,0.385341835704398,0.36201509745894
spe30,post,20180718,5,91,2,1,1,0.994396766388249,0.644867023365363,0.59343658422144,0.723265300964612
spe30,post,20180718,5,92,2,1,1,3.70207468334041,0.284630270254445,0.489629577352818,0.411713120209672
spe30,post,20180718,5,93,1,1,1,4.84645891285272,0.317956676384291,0.356270065885034,0.481494941786713
spe30,post,20180718,5,94,1,1,1,0.853153321373206,0.196822977819789,0.397260289847454,0.27901465697827
spe30,post,20180718,5,95,2,1,1,2.08705904747215,0.702765195570352,0.478633095278821,0.565220035120901
spe30,post,20180718,5,96,1,1,1,2.49530045919633,0.499660136854192,0.584926102245129,0.683153457919897
spe30,post,20180718,5,97,1,1,1,1.00096375455875,0.479429460776173,0.666532196066112,0.665013013369326
spe30,post,20180718,5,98,2,1,1,0.828595825116356,0.378477589080026,0.541073596137007,0.332890054265255
spe30,post,20180718,5,99,2,1,1,12.2420075524772,1.70579585026936,1.16184149399529,1.37232278035164
spe30,post,20180718,5,100,1,1,1,1.92914765148838,0.647677126932728,0.355095113855111,0.363089843173351
spe30,post,20180718,5,101,NaN,0,0,NaN,NaN,NaN,NaN
spe30,retest,20180719,1,1,1,1,1,2.56719029876486,0.297274638915928,0.693218040747229,0.65280973477583
spe30,retest,20180719,1,2,2,1,1,0.498419656332252,0.837375778420179,0.525136043347399,0.379221811179739
spe30,retest,20180719,1,3,2,1,1,8.5941838187187,0.588109770208776,0.501590866985949,0.389176170486412
spe30,retest,20180719,1,4,1,1,1,2.85409135011081,0.338161520603303,0.947229331086716,0.494622465611968
spe30,retest,20180719,1,5,1,1,1,2.66746895379587,0.4037143325359,0.655171370995878,0.647791475507471
spe30,retest,20180719,1,6,1,1,1,2.01228543932823,0.938955073376315,0.89145363062114,0.783035393915774
spe30,retest,20180719,1,7,1,1,1,0.681174917324036,0.599331308129337,0.557153920671106,0.534477951165066
spe30,retest,20180719,1,8,2,1,1,1.03459032251393,0.576192308890997,0.936792016198504,0.927550272869053
spe30,retest,20180719,1,9,1,1,1,0.651508591764835,1.34913780829426,1.22232139819421,1.19592965671432
spe30,retest,20180719,1,10,2,1,1,2.03435851587209,1.25612559243421,1.21567270456525,0.999962500295247
spe30,retest,20180719,1,11,2,1,1,9.26622564745822,0.421827437361146,0.384750985325897,0.503975026798976
spe30,retest,20180719,1,12,1,1,1,1.3674543632095,0.476630111636462,0.604165917325238,0.605665360425227
spe30,retest,20180719,1,13,2,1,1,1.66369397698453,0.416373025109603,0.599536622380841,0.683804557308917
spe30,retest,20180719,1,14,2,1,1,5.13029367013485,0.288822184062836,0.472513487433591,0.424482854817143
spe30,retest,20180719,1,15,2,1,1,2.22953204149062,0.939391455733139,1.31181906161686,1.38392322248678
spe30,retest,20180719,1,16,1,1,1,10.7324717854496,0.756600930551127,0.693925465599995,1.05784090575383
spe30,retest,20180719,1,17,2,1,1,4.22859914219977,0.768579941249294,0.753541546392229,0.662059610605439
spe30,retest,20180719,1,18,1,1,1,0.532310594042412,0.630505423620276,0.84190285058823,0.841559583209784
spe30,retest,20180719,1,19,1,1,1,6.48488434884118,1.2796711836012,1.25015848397333,1.55745665151437
spe30,retest,20180719,1,20,2,1,1,2.59877278453544,0.730686853710249,0.831897796233858,0.781386898014561
spe30,retest,20180719,1,21,1,1,1,3.42828962827071,1.2459410504009,0.494380348532179,0.886682510449945
spe30,retest,20180719,1,22,2,1,1,7.0599546478296,0.224505991904106,0.711537227091414,0.529714274403296
spe30,retest,20180719,1,23,1,1,1,0.491534974543571,0.744753085651677,1.06552811454727,0.565611647389243
spe30,retest,20180719,1,24,1,1,1,9.02182566360787,0.460245882040849,0.907201415449752,0.99266376445184
spe30,retest,20180719,1,25,1,1,1,2.62686370178053,0.357686123409843,0.464516188168655,0.364649769551439
spe30,retest,20180719,1,26,1,1,1,3.51744099692841,1.29778016637739,0.55915763405433,0.733754516940278
spe30,retest,20180719,1,27,1,1,1,13.673923465581,0.682901008369331,0.752786507166524,0.550405169677359
spe30,retest,20180719,1,28,1,1,1,1.23180593190309,0.145415089157119,0.380775620792056,0.377761596546071
spe30,retest,20180719,1,29,1,1,1,8.29154246853662,0.200432700716286,0.488626994063482,0.473659127657721
spe30,retest,20180719,1,30,1,1,1,4.28860480449451,0.420018067656425,0.455895381959344,0.403198815426847
spe30,retest,20180719,1,31,1,1,1,0.941333035186473,0.757287586829571,0.655671961139726,0.596565123340764
spe30,retest,20180719,1,32,1,1,1,2.70006492899917,0.899616723437157,0.737475506220012,0.846870503040541
spe30,retest,20180719,1,33,1,1,1,0.950244689900662,0.513672292272177,0.544981567815145,0.566749064805996
spe30,retest,20180719,1,34,1,1,1,2.84058223262804,0.563204018244225,0.534836034584911,0.537174937533998
spe30,retest,20180719,1,35,1,1,1,2.83650344019998,1.4823770287245,0.937577773748154,0.932697285886324
spe30,retest,20180719,1,36,1,1,1,2.91075734652188,1.10671188973776,0.912317706947759,0.958707116684751
spe30,retest,20180719,1,37,2,1,1,13.8378124115571,0.889993362481745,0.656374774159441,0.678513058874018
spe30,retest,20180719,1,38,1,1,1,0.321415045946644,0.333458819951735,0.665650392635287,0.67522554464705
spe30,retest,20180719,1,39,2,1,1,1.98515118979217,0.579449920870504,0.726904000267251,0.896374495677939
spe30,retest,20180719,1,40,2,1,1,3.25035265421713,0.300902686902418,0.615943953345175,0.394593779074564
spe30,retest,20180719,1,41,1,1,1,7.82545585217191,1.06204913200645,0.944628902144013,0.72348087951548
spe30,retest,20180719,1,42,1,1,1,3.11370142101675,0.349850030766832,0.422651504174875,0.363496204729312
spe30,retest,20180719,1,43,1,1,1,1.61704135881669,0.717669688127231,0.758134060835688,0.818332468963182
spe30,retest,20180719,1,44,1,1,1,3.9503418655784,0.97961350994054,1.05952444467663,1.08337275575794
spe30,retest,20180719,1,45,1,1,1,0.955206943245763,0.768671571359178,0.820453008514246,0.663608340694143
spe30,retest,20180719,1,46,2,1,1,9.21957650573043,1.40898552691192,1.18618316142312,1.30733452241821
spe30,retest,20180719,1,47,1,1,1,9.79949731154001,0.264373213948803,0.413697695099268,0.438580618828823
spe30,retest,20180719,1,48,1,1,1,2.67662808938394,0.403318835583597,0.680718963626919,0.707402536240072
spe30,retest,20180719,1,49,2,1,1,1.42346904098152,0.654070601213304,0.608708671686104,0.702756432250776
spe30,retest,20180719,1,50,2,1,1,13.2594651115336,0.342183730862128,0.83215900690252,0.586731041793568
spe30,retest,20180719,1,51,1,1,1,6.06786474426289,0.472472788327452,0.59132536741958,0.591489314938596
spe30,retest,20180719,1,52,1,1,1,0.789331122264683,0.520359961936822,0.692202537626947,0.640406652597934
spe30,retest,20180719,1,53,1,1,1,5.50050613932974,0.843214796447778,0.881544590846254,1.11174024713984
spe30,retest,20180719,1,54,1,1,1,9.67342500264956,0.59062680664405,0.385480260944675,0.498753476307665
spe30,retest,20180719,1,55,2,1,1,3.96077967231611,0.902880711551823,0.543170515059216,0.885148768190227
spe30,retest,20180719,1,56,2,1,1,1.68461293833522,0.354986178010586,0.707252704573719,0.672860965178087
spe30,retest,20180719,1,57,2,1,1,7.52111361559743,0.425165245833657,0.955284469455878,0.827512721566108
spe30,retest,20180719,1,58,1,1,1,3.09452872920647,0.388072324637847,0.9408980905135,1.07471891888077
spe30,retest,20180719,1,59,2,1,1,10.9462399698097,1.31408764029719,0.618256018856939,0.780751756577678
spe30,retest,20180719,1,60,1,1,1,1.83477113198592,0.305162738743592,0.997514868634407,0.979770513565589
spe30,retest,20180719,1,61,1,1,1,1.96594081971629,0.687484854701283,0.635768273542578,0.691834132941358
spe30,retest,20180719,1,62,1,1,1,3.02710026853391,0.846594075258221,0.437957461047016,0.69270284175572
spe30,retest,20180719,1,63,1,1,1,1.95921767883798,0.533617587622679,0.979355590489035,0.507502399241178
spe30,retest,20180719,1,64,1,1,1,6.79878057367073,1.63032234000123,0.924007108854001,1.03724534421825
spe30,retest,20180719,1,65,1,1,1,2.80676530223692,1.19936745412773,0.715482588082581,0.827117253650167
spe30,retest,20180719,1,66,1,1,1,1.07943372362985,0.206974856190971,0.862803175376804,0.567229250672373
spe30,retest,20180719,1,67,1,1,1,16.48811356166,1.22335073184843,0.793372817801468,0.956566247876672
spe30,retest,20180719,1,68,2,1,1,1.38752281755772,0.290982315199899,0.748877911262767,0.605377026026741
spe30,retest,20180719,1,69,2,1,1,4.57582647331011,0.806329357626454,0.438686009428367,0.360979725902646
spe30,retest,20180719,1,70,1,1,1,10.9433556270616,1.30894227559107,0.562673505858661,0.882883138412999
spe30,retest,20180719,1,71,1,1,1,3.26522868262973,0.805042507116211,1.04728619438504,1.04683677465201
spe30,retest,20180719,1,72,1,1,1,1.62108784843949,0.590146739475286,0.638870000624737,0.491721440145114
spe30,retest,20180719,1,73,1,1,1,3.00277922634156,1.57470364576134,1.23160960480754,1.40684053173601
spe30,retest,20180719,1,74,1,1,1,3.29519708475426,1.01350566396088,0.726300397198063,0.708221121434526
spe30,retest,20180719,1,75,1,1,1,4.71600280912983,0.735138810731598,1.03278520908648,1.11908752205154
spe30,retest,20180719,1,76,2,1,1,6.85981338487346,0.513034562413206,0.404793697302092,0.631961271974415
spe30,retest,20180719,1,77,1,1,1,5.64036994674823,0.688184826797924,0.816674631641799,0.656624784926911
spe30,retest,20180719,1,78,1,1,1,9.59785452440521,1.03288820392539,0.99373155656798,0.906679868199551
spe30,retest,20180719,1,79,2,1,1,7.40892333029315,0.33644038449812,0.516417279770034,0.510401108899122
spe30,retest,20180719,1,80,1,1,1,3.88960878762212,0.373444309486564,0.627550945882083,0.518336992799983
spe30,retest,20180719,1,81,2,1,1,8.07031015859259,0.671556373954417,0.654120018738088,0.620149210966425
spe30,retest,20180719,1,82,2,1,1,6.4569793720111,0.432279182730304,0.512761512218493,0.444452127333413
spe30,retest,20180719,1,83,1,1,1,2.03880039860399,0.498692560225586,0.549994257423405,0.655089555107164
spe30,retest,20180719,1,84,1,1,1,8.66229816873049,0.389350691316838,1.01527984186797,0.520573772108651
spe30,retest,20180719,1,85,2,1,1,3.40413877560501,0.882018955476947,0.611387175521651,0.553374501601155
spe30,retest,20180719,1,86,1,1,1,8.16655023004711,0.918447050214569,0.971385279785138,0.939994947712704
spe30,retest,20180719,1,87,2,1,1,2.94558236888581,1.99196269181633,1.14978583717762,1.25931835669922
spe30,retest,20180719,1,88,2,1,1,4.3518977189932,0.127397391964741,1.10566406929675,0.892328121193953
spe30,retest,20180719,1,89,1,1,1,6.14012131465203,0.628684372032009,0.659834109571523,0.616773822559201
spe30,retest,20180719,1,90,2,1,1,3.14313559830091,0.0629694377628507,0.536734668506854,0.473404353518818
spe30,retest,20180719,1,91,1,1,1,1.63435893995738,0.727459152885845,0.674657187011427,0.665055230205577
spe30,retest,20180719,1,92,2,1,1,5.04623881233195,0.601592704553255,0.85401861207442,0.603084389229438
spe30,retest,20180719,1,93,1,1,1,6.37722096025846,0.340932336816282,0.561907536180431,0.520668327996522
spe30,retest,20180719,1,94,1,1,1,17.5694370507628,0.243450238292581,0.633292837520419,0.37154469541282
spe30,retest,20180719,1,95,2,1,1,0.447062515196199,0.894968343151345,0.544055335609518,0.419315673650649
spe30,retest,20180719,1,96,2,0,0,NaN,NaN,NaN,NaN
spe30,retest,20180719,1,97,1,1,1,1.99881486934843,2.13038761563462,1.09538038913351,1.10941378073517
spe30,retest,20180719,1,98,1,1,1,1.47300765696432,0.3694390880744,0.403693569689723,0.408742075329313
spe30,retest,20180719,1,99,1,1,1,12.2346302970113,0.535894824722995,0.609775823027828,0.648142565628273
spe30,retest,20180719,1,100,1,1,1,1.79340831326042,0.921128187179604,0.773387057344086,0.79461919543323
spe30,retest,20180719,1,101,NaN,0,0,NaN,NaN,NaN,NaN
spe30,retest,20180719,3,1,1,1,1,4.02740498774383,2.19430471122325,1.43137863318903,1.39693591445283
spe30,retest,20180719,3,2,1,1,1,13.163684967905,0.420129830679691,0.651473372649944,0.552576884222371
spe30,retest,20180719,3,3,1,1,1,0.827089463254596,1.0036146025714,0.552052062654455,0.559402997117102
spe30,retest,20180719,3,4,1,1,1,3.48353467549947,1.10238730612377,1.15750146283948,1.24696688886838
spe30,retest,20180719,3,5,2,1,1,0.378075177043526,0.752783861081678,0.705525944190417,0.855697421169514
spe30,retest,20180719,3,6,2,1,1,4.60740817429454,0.378866966029506,0.882985314171143,0.705298673752259
spe30,retest,20180719,3,7,2,1,1,6.45497128190863,0.682294417391591,1.06780756939623,0.711514863771843
spe30,retest,20180719,3,8,1,1,1,5.8382271207324,0.451215003782269,0.423542355738575,0.634684060486977
spe30,retest,20180719,3,9,1,1,1,17.7426805360442,0.995420945228625,0.972433955312439,1.03364734096824
spe30,retest,20180719,3,10,1,1,1,2.79841465342142,0.857631261079,0.621661051164442,0.746991696494751
spe30,retest,20180719,3,11,2,1,1,4.70343186149316,1.1102319364378,0.696892266475375,0.772278748677724
spe30,retest,20180719,3,12,2,1,1,1.65206406352269,1.25069887713546,1.25687533056088,0.648842278672559
spe30,retest,20180719,3,13,1,1,1,8.50793843244768,0.471234483217445,1.05643950067367,0.514065910016515
spe30,retest,20180719,3,14,1,1,1,2.93899026984872,0.966503445321393,0.649165499053019,0.91595919046789
spe30,retest,20180719,3,15,1,1,1,2.10626185638299,0.558063579999423,0.845505226825318,0.841327357984907
spe30,retest,20180719,3,16,1,1,1,6.71454598434788,0.552183196378807,1.14789707131774,0.575482846675075
spe30,retest,20180719,3,17,1,1,1,0.878761510575506,0.687085524340008,0.535636877737684,0.534218577508133
spe30,retest,20180719,3,18,1,1,1,0.59569070773286,0.861728987110984,0.435443248856086,0.700756609874524
spe30,retest,20180719,3,19,1,1,1,0.542866191429856,0.224011502222639,0.54404439405778,0.436688524344514
spe30,retest,20180719,3,20,1,1,1,0.592200112274704,1.52246470289022,0.548234525028854,0.626588905707565
spe30,retest,20180719,3,21,1,1,1,3.97111082204987,0.446387717401237,0.79383861280841,0.742207864268162
spe30,retest,20180719,3,22,2,1,1,3.00618469287338,0.47733526663417,0.519179750471008,0.547010104463179
spe30,retest,20180719,3,23,2,1,1,19.7860991851462,1.21482515367151,0.610194747203301,1.19944677852876
spe30,retest,20180719,3,24,1,1,1,3.52459898984623,0.778674121782228,0.91822361497821,0.712050570766454
spe30,retest,20180719,3,25,2,1,1,4.81495929383217,0.95800529387897,0.751627413389518,0.806109672547899
spe30,retest,20180719,3,26,1,1,1,3.79029066015866,1.32861683439756,0.986068726573203,0.898102245484275
spe30,retest,20180719,3,27,1,1,1,20.3423298280135,0.501714517494353,0.74288867378587,0.488510714348259
spe30,retest,20180719,3,28,1,1,1,3.69061531328178,0.344795377039953,0.349463786587792,0.462322228009794
spe30,retest,20180719,3,29,2,1,1,4.21083850822851,0.824144530582682,0.996025699570314,0.82142949952997
spe30,retest,20180719,3,30,2,1,1,8.78686227879799,1.32198285273715,1.17152965590662,2.02118466211976
spe30,retest,20180719,3,31,2,1,1,3.5697617163975,0.685254938750735,0.77145071831075,0.803659978770176
spe30,retest,20180719,3,32,1,1,1,4.08869929804339,0.939641255267615,0.704555590966632,0.823281906949485
spe30,retest,20180719,3,33,1,0,0,NaN,NaN,NaN,NaN
spe30,retest,20180719,3,34,1,0,0,NaN,NaN,NaN,NaN
spe30,retest,20180719,3,35,1,1,1,6.37363265485173,0.732114310459084,0.785510862211007,0.576956596423394
spe30,retest,20180719,3,36,1,1,1,12.3477352959217,0.604053764745798,0.861922879419548,0.779688373377381
spe30,retest,20180719,3,37,1,1,1,10.3756483476938,1.65466064786732,1.3422050011871,1.67288594982541
spe30,retest,20180719,3,38,1,1,1,1.8999747455639,0.588795012533154,1.33883565920701,0.470917333107227
spe30,retest,20180719,3,39,1,1,1,2.38563148574838,0.471944775187412,0.64896322287948,0.759382976383789
spe30,retest,20180719,3,40,2,1,1,8.2614089316952,0.945502155614302,1.02418358171787,0.920017490945472
spe30,retest,20180719,3,41,2,1,1,21.6622779784534,1.17977548237763,1.29777064853319,1.1743425594014
spe30,retest,20180719,3,42,1,1,1,5.03696062084345,1.11357957600667,0.630124562844863,1.14524131532393
spe30,retest,20180719,3,43,1,1,1,2.01102796370067,0.704622389711792,0.660399407325363,0.836316727006925
spe30,retest,20180719,3,44,2,1,1,8.27983255881799,0.650260612084409,1.28293184492292,0.833851089797507
spe30,retest,20180719,3,45,2,1,1,16.5774996437443,0.585761779660662,0.570480243437297,0.374002780342141
spe30,retest,20180719,3,46,1,1,1,2.06266625088131,1.32405298349994,1.22840643463788,1.22832404770937
spe30,retest,20180719,3,47,1,1,1,2.05691817893909,0.787386482789387,0.71392002193855,1.33828277654749
spe30,retest,20180719,3,48,1,1,1,4.88007333283561,1.12187846426494,0.763518231033299,1.24360091700989
spe30,retest,20180719,3,49,1,1,1,3.77968754982682,2.28000640062371,1.56112100199261,1.85365097535855
spe30,retest,20180719,3,50,2,1,1,3.29715684558164,1.12643376984721,1.07496167346643,1.08572055492465
spe30,retest,20180719,3,51,1,1,1,8.37208832943631,0.770721523671472,0.773605615179938,0.829093768631113
spe30,retest,20180719,3,52,1,1,1,3.25004714643579,1.28077334349566,1.02237314381074,0.813298603024073
spe30,retest,20180719,3,53,1,1,1,10.1413483980873,0.989387088636985,1.71875635301519,0.379653705203236
spe30,retest,20180719,3,54,1,1,1,7.49849706437845,1.43360285735194,1.42672249803099,1.52765303620252
spe30,retest,20180719,3,55,2,1,1,7.49837185913816,0.720200638386512,1.05525334317357,0.551626791153988
spe30,retest,20180719,3,56,2,1,1,2.52082295575601,0.859878908089954,0.936198845455808,1.01431952485069
spe30,retest,20180719,3,57,2,1,1,3.72180742852759,0.643718537959591,1.13718916149284,0.68580247162413
spe30,retest,20180719,3,58,1,1,1,1.86800233977054,0.642610323505387,0.889126287240171,1.02191703237168
spe30,retest,20180719,3,59,1,1,1,2.21798085960837,0.382900486143381,0.864950803789279,0.667893611927456
spe30,retest,20180719,3,60,1,1,1,3.49010302931598,0.901166863572577,0.79918772112968,1.17877200116566
spe30,retest,20180719,3,61,1,1,1,4.68569911584875,0.743612761707421,1.28325881888625,0.984921907897787
spe30,retest,20180719,3,62,2,1,1,6.88766920420604,1.37226288247471,0.780530181978706,1.078330972737
spe30,retest,20180719,3,63,1,1,1,1.87876152126931,0.329215896715382,0.815741780746419,0.293814280825766
spe30,retest,20180719,3,64,2,1,1,1.8170233157689,0.503196884611263,0.827922550135803,0.46538150529011
spe30,retest,20180719,3,65,1,1,1,3.30877036611579,0.219159123903383,0.940782905885322,0.553010776546983
spe30,retest,20180719,3,66,2,1,1,6.84082811718812,0.944172901832129,1.12618102806994,0.792862820490527
spe30,retest,20180719,3,67,1,1,1,2.80567274777297,0.681704427522156,0.637612624898015,0.425172966646108
spe30,retest,20180719,3,68,1,1,1,15.6188595523725,0.907711555270096,0.908303110144748,1.05203628770626
spe30,retest,20180719,3,69,1,1,1,3.79364151892426,0.949656803942341,0.853914299441844,1.01647125060634
spe30,retest,20180719,3,70,2,1,1,18.5105971304412,0.71006918287377,1.16929491258402,0.74777524916315
spe30,retest,20180719,3,71,1,1,1,2.19657028123476,0.809595056433729,0.421837720191386,0.473860195656342
spe30,retest,20180719,3,72,1,1,1,6.72165406780563,1.15115206590097,1.11110512396554,0.871116406220372
spe30,retest,20180719,3,73,1,1,1,4.23463726612698,0.800021451970569,1.16755016390153,1.10391175330319
spe30,retest,20180719,3,74,2,1,1,3.87909228211145,0.484875828077801,0.811210749754979,1.00047293930709
spe30,retest,20180719,3,75,1,1,1,6.38897352716916,1.27408685855927,1.65007534023081,1.61110920654659
spe30,retest,20180719,3,76,1,1,1,2.27177619526092,1.05494576016742,0.828912830709913,0.959002006897671
spe30,retest,20180719,3,77,1,1,1,13.8615408885669,0.684629264419964,0.885603142027202,1.14083051159313
spe30,retest,20180719,3,78,1,1,1,2.85321018102828,0.279675262948597,0.937388953833093,0.72393776375862
spe30,retest,20180719,3,79,1,1,1,1.59462231242071,0.39395450958644,0.569961519167554,0.568464253634844
spe30,retest,20180719,3,80,2,1,1,8.47490763845223,0.573653749355047,0.998239480091794,0.750794751303116
spe30,retest,20180719,3,81,1,1,1,4.45599050746422,2.17413637720825,1.42022547347606,1.21861842553452
spe30,retest,20180719,3,82,1,1,1,12.1857953538585,0.469138775558035,0.771945362678807,0.491081570481772
spe30,retest,20180719,3,83,1,1,1,14.6028535652375,0.497702827023737,0.613749084646523,0.398926154060803
spe30,retest,20180719,3,84,2,1,1,6.56907205026508,1.34155272356335,1.74434089146969,1.34933760831187
spe30,retest,20180719,3,85,2,1,1,7.71640238493108,1.45272270901564,1.63794410658781,1.23125794712288
spe30,retest,20180719,3,86,2,1,1,5.57070614631015,0.550008375272446,1.66279863931124,0.905094277209702
spe30,retest,20180719,3,87,1,1,1,5.10819278341522,0.740805633900701,0.966638652769178,0.497754546126616
spe30,retest,20180719,3,88,2,1,1,8.85443960992412,0.805293622067374,0.750671530616894,1.12129576539348
spe30,retest,20180719,3,89,1,1,1,4.60387771544279,1.52789167378809,1.02227626563664,0.865127904215087
spe30,retest,20180719,3,90,1,1,1,1.58071327913541,0.477885038226966,0.979189948207424,0.396908498661531
spe30,retest,20180719,3,91,1,1,1,2.31178590399836,0.498511824317589,0.750688912653099,0.396243922455656
spe30,retest,20180719,3,92,2,1,1,3.66315785780615,0.542552352024989,0.773287568291901,0.628487480084281
spe30,retest,20180719,3,93,2,1,1,10.2023859534231,0.672498096127637,0.845646292745948,0.645452103752246
spe30,retest,20180719,3,94,1,1,1,1.69206767147606,1.02404344844627,0.91476014731775,0.991523064921604
spe30,retest,20180719,3,95,1,1,1,2.52875091315713,1.05183255221888,0.954586570686644,0.498159662981347
spe30,retest,20180719,3,96,1,1,1,10.42277642755,1.0475416200894,0.736054858891998,1.16982298547297
spe30,retest,20180719,3,97,2,1,1,9.08899937948221,1.07436447487398,0.467916138559595,0.775533141680232
spe30,retest,20180719,3,98,1,1,1,4.158468962259,0.77392711156296,0.778588035587598,0.895588223089844
spe30,retest,20180719,3,99,2,1,1,11.4995444930228,0.981863027161875,0.776461112221956,1.04925193345824
spe30,retest,20180719,3,100,2,1,1,1.42197281705911,1.17320137935766,0.761680575474229,0.853572779384892
spe30,retest,20180719,3,101,NaN,0,0,NaN,NaN,NaN,NaN
spe30,retest,20180719,4,1,1,1,1,10.1243250022185,0.327781380077893,1.05382601935409,0.297808187805587
spe30,retest,20180719,4,2,1,1,1,1.5519937195248,0.148224028940265,0.747398888711867,0.235298114387786
spe30,retest,20180719,4,3,2,1,1,0.792770589316846,0.938661418703107,0.853033395312313,0.868861531976378
spe30,retest,20180719,4,4,2,1,1,1.7042593275691,1.08321380876968,0.551087999855291,0.637922477525123
spe30,retest,20180719,4,5,1,1,1,17.9060788135464,0.678262721329734,0.591910223765755,1.4163051441104
spe30,retest,20180719,4,6,2,1,1,5.1968891940859,0.932280946604138,0.562367261189002,1.6065143076089
spe30,retest,20180719,4,7,1,1,1,4.71004621491155,0.540637088746758,0.932545594084251,0.759975167707283
spe30,retest,20180719,4,8,1,1,1,0.777083786169417,0.444030028739343,0.574779463108851,0.61179217821897
spe30,retest,20180719,4,9,1,1,1,12.0493364647125,0.431223052048856,0.583965472211827,0.559383916504352
spe30,retest,20180719,4,10,2,1,1,4.72928741893316,0.713333804150536,0.816803510937486,0.626253319731324
spe30,retest,20180719,4,11,1,1,1,6.10438460099632,0.660998979818657,0.590613932554314,0.840668293116117
spe30,retest,20180719,4,12,1,1,1,3.99334127772473,0.792735122691663,0.620598455338124,0.885608614843856
spe30,retest,20180719,4,13,1,1,1,0.894959745363646,1.02443595012699,1.46037303809421,0.961561687103872
spe30,retest,20180719,4,14,1,1,1,3.45080996356111,0.694846208397982,1.09919309130133,0.932939808165465
spe30,retest,20180719,4,15,1,1,1,1.71736986257591,0.629663580422816,0.918414793594732,0.764967652175769
spe30,retest,20180719,4,16,2,1,1,2.59084901498092,0.440167394645902,0.905846825915844,0.660745512603984
spe30,retest,20180719,4,17,1,1,1,2.18754786087065,0.924286331170062,1.10016018369941,0.524746452828085
spe30,retest,20180719,4,18,1,1,1,3.60390748356123,0.935714890203657,0.891429195311031,0.87844134355279
spe30,retest,20180719,4,19,2,1,1,4.63378182209711,1.00865498506097,0.545444680483201,0.921959658406242
spe30,retest,20180719,4,20,2,1,1,2.1145292813119,0.770144668076933,0.843571602278065,0.693444783100337
spe30,retest,20180719,4,21,1,1,1,1.93425324848023,0.760105597122458,0.806041633309651,0.511849129895472
spe30,retest,20180719,4,22,1,1,1,5.47759560533298,1.07714076774015,1.11968821501013,1.3063739161949
spe30,retest,20180719,4,23,1,1,1,4.38768046606976,0.798911483751354,1.12392659003291,0.767966419172394
spe30,retest,20180719,4,24,2,1,1,5.5848085576015,1.16229293267634,1.53716947498589,1.54818727800133
spe30,retest,20180719,4,25,1,1,1,0.414519990339099,0.769914894553644,0.874374546113598,0.631291909629551
spe30,retest,20180719,4,26,1,1,1,0.812795001443014,0.784655055487047,0.857205242819629,0.864821503498349
spe30,retest,20180719,4,27,1,1,1,3.24346576830523,0.632595528569579,1.38714991563915,0.644755454615183
spe30,retest,20180719,4,28,1,1,1,4.49295821679888,1.48084056558728,1.93622003377513,1.10303645731999
spe30,retest,20180719,4,29,1,1,1,3.00326989747815,1.06801327969344,0.511154923465593,0.613518943484063
spe30,retest,20180719,4,30,2,1,1,2.41666583188665,1.0178678624284,1.03910518266587,0.790000148013979
spe30,retest,20180719,4,31,2,1,1,18.7421896394286,1.1101649077438,0.796355716822617,1.27646856807597
spe30,retest,20180719,4,32,2,1,1,1.68295879528044,0.418632867392875,1.12531666163403,0.395523591872802
spe30,retest,20180719,4,33,2,1,1,1.24040162974557,0.617060229066041,1.02319427568834,0.65614807650681
spe30,retest,20180719,4,34,2,1,1,2.69952355659931,0.598765406464434,0.511738166062822,0.552148970812771
spe30,retest,20180719,4,35,1,1,1,6.12360834110514,0.532414335383296,0.909198636458076,0.886617750384629
spe30,retest,20180719,4,36,1,1,1,3.01069211673957,0.738497081067301,0.439567260709756,0.416700711700125
spe30,retest,20180719,4,37,1,1,1,5.85495148593029,0.920424032374905,1.34658289085701,0.888005794669637
spe30,retest,20180719,4,38,1,1,1,1.41326529244696,0.977921646580194,0.834979645555388,0.987046056156388
spe30,retest,20180719,4,39,1,1,1,11.0019295706711,0.241572295693992,0.896057905519233,0.290705160281233
spe30,retest,20180719,4,40,1,1,1,15.5723718041698,1.05442265165181,0.80344356512317,1.30302745189249
spe30,retest,20180719,4,41,1,1,1,4.61693039505225,0.466430046742017,0.671996777890141,0.336227173942146
spe30,retest,20180719,4,42,2,1,1,1.13972363251929,1.42764723974205,0.752586551377439,0.686633429923823
spe30,retest,20180719,4,43,1,1,1,11.3863178683198,0.570018312909428,0.980719830508634,0.994811681811752
spe30,retest,20180719,4,44,2,1,1,1.38283323882439,0.911871344809185,0.901221972644666,0.919297774116335
spe30,retest,20180719,4,45,1,1,1,20.4474587585078,1.11900874116364,0.949201278788714,1.45089450526052
spe30,retest,20180719,4,46,1,1,1,3.85559700936361,0.467866920462261,0.874410974748764,0.463722309637941
spe30,retest,20180719,4,47,1,1,1,10.3267425581796,0.960676675972169,0.928505389724736,0.938424883035276
spe30,retest,20180719,4,48,1,1,1,1.50160655307799,1.14812299110016,0.7137210635933,0.70095376279458
spe30,retest,20180719,4,49,1,1,1,1.0570431436394,0.55866203958463,1.07701651507531,0.637196654793529
spe30,retest,20180719,4,50,2,1,1,1.2781421989136,0.201368960031661,0.778174034116382,0.431425085772125
spe30,retest,20180719,4,51,1,1,1,2.89538600701094,0.768652830896891,0.362282943340851,0.352408041751867
spe30,retest,20180719,4,52,1,1,1,13.290344944166,0.909041298484842,0.905442098345989,1.0495295215639
spe30,retest,20180719,4,53,2,1,1,1.7317742105813,0.527302288130313,0.87274622883035,0.767916391305241
spe30,retest,20180719,4,54,1,1,1,5.9152939371806,0.651466123936043,0.940743792707344,1.0365434059815
spe30,retest,20180719,4,55,2,1,1,2.51308721324226,0.620160726154351,0.904548618539634,0.946342422849818
spe30,retest,20180719,4,56,2,1,1,3.48739273365977,1.53308996102762,1.0623634244937,0.952826848849674
spe30,retest,20180719,4,57,1,1,1,0.91695341455678,0.335959566569501,0.8206871487856,0.555026203242327
spe30,retest,20180719,4,58,1,1,1,1.90187799855781,0.565118817586857,0.6018024850699,0.600112783653718
spe30,retest,20180719,4,59,1,1,1,11.155235814626,0.226792516265648,0.604270952819783,0.612307646407207
spe30,retest,20180719,4,60,2,1,1,6.182381051511,1.06489937885456,0.751732766305725,1.02516538184362
spe30,retest,20180719,4,61,2,1,1,5.81276791039572,1.06229803518005,1.35287565564401,1.06296699723732
spe30,retest,20180719,4,62,1,1,1,5.23131920790784,1.45798303088111,1.58485299236904,1.41922468589499
spe30,retest,20180719,4,63,1,1,1,1.21774723658971,1.18403652835143,0.988894178591379,1.27271886199015
spe30,retest,20180719,4,64,1,1,1,1.35850870021941,0.474361531877125,0.777711744798845,0.495842145655398
spe30,retest,20180719,4,65,2,1,1,14.1502613744712,1.1026758596517,1.38101867647258,1.12178191589038
spe30,retest,20180719,4,66,1,1,1,1.67611432969408,0.322904464832966,0.796011759296736,0.626243341912629
spe30,retest,20180719,4,67,1,1,1,2.00324050550318,1.32502225984449,1.23830583740678,1.28040531267961
spe30,retest,20180719,4,68,1,1,1,0.54297152352676,0.716542806426254,1.05522602680132,1.0183864562466
spe30,retest,20180719,4,69,1,1,1,2.7211599715272,1.51516220041415,0.878761024398029,0.99227614343951
spe30,retest,20180719,4,70,2,1,1,2.84146698332773,1.70473863882786,1.04938671447638,1.07684599130096
spe30,retest,20180719,4,71,2,1,1,6.18643884105661,1.01894891706177,0.901048044155226,1.11704029309499
spe30,retest,20180719,4,72,1,1,1,1.5841579111661,0.459274424499886,0.773521002058755,0.530140228685734
spe30,retest,20180719,4,73,1,1,1,13.1324118322711,1.01445953730856,0.617434601489666,0.341450387841534
spe30,retest,20180719,4,74,1,1,1,2.27337764575989,1.64628212380745,1.130403104128,1.21206953709568
spe30,retest,20180719,4,75,2,1,1,7.78886705467232,0.981523459778339,0.890021276293795,0.585719675832204
spe30,retest,20180719,4,76,2,1,1,2.01142169272188,0.765825157294731,1.08565302693128,1.12769724257911
spe30,retest,20180719,4,77,1,1,1,17.9197111670291,0.240512248954891,0.523315744865665,0.478230146605874
spe30,retest,20180719,4,78,2,1,1,4.90917411537325,0.331449978154817,0.55539054398237,0.516261142384608
spe30,retest,20180719,4,79,1,1,1,2.79954924531221,1.03036425935221,0.638102057324271,0.637689524772643
spe30,retest,20180719,4,80,1,1,1,0.895059669540005,1.32354517206858,0.856725622971765,1.04284311219445
spe30,retest,20180719,4,81,1,1,1,2.34309663964344,0.313888368708088,0.941984637392434,0.364586822194039
spe30,retest,20180719,4,82,1,1,1,6.0846083426999,0.312891205952792,1.24201648776887,0.627213633947816
spe30,retest,20180719,4,83,1,1,1,4.04523324705545,1.41969693530923,0.773967194917917,0.910146798896222
spe30,retest,20180719,4,84,2,1,1,2.49006866644115,0.987714075403716,1.20224492270913,0.861058106996387
spe30,retest,20180719,4,85,2,1,1,10.4249835180556,1.03564835922025,0.724240083837604,1.12873797304778
spe30,retest,20180719,4,86,1,1,1,2.24647169409566,0.242849506602832,0.440324631987894,0.438901988184085
spe30,retest,20180719,4,87,2,1,1,1.69709923918645,0.567374554953396,0.543433950388758,0.522527974795947
spe30,retest,20180719,4,88,1,1,1,0.856179726652243,1.4362201043965,0.965651327456452,1.0457179829853
spe30,retest,20180719,4,89,1,1,1,2.63115692835695,0.444667258024761,0.77680606353442,0.825738323533599
spe30,retest,20180719,4,90,1,1,1,4.19387057102569,0.349055400388212,0.632887823232417,0.438389465318292
spe30,retest,20180719,4,91,1,1,1,9.64661065839057,1.55383618599932,0.834024033774363,0.781391674749234
spe30,retest,20180719,4,92,2,1,1,8.6433706222052,0.792674098334403,0.652849603345534,0.676992015730602
spe30,retest,20180719,4,93,1,1,1,1.27717958875314,0.875976636207104,1.13625025521383,1.18442951085624
spe30,retest,20180719,4,94,1,1,1,5.16407625595968,0.454687791629875,0.404647207050569,0.397867672925992
spe30,retest,20180719,4,95,1,1,1,3.84627147850066,0.344528613449537,0.518278669997132,0.539212734964436
spe30,retest,20180719,4,96,1,1,1,1.45453940969127,0.304995766172615,0.278116438740515,0.338094265175059
spe30,retest,20180719,4,97,1,1,1,1.29255772201381,0.271047985056267,0.945439422242057,0.285887125868359
spe30,retest,20180719,4,98,2,1,1,3.5304831700474,0.298914466015916,1.14308703087654,0.797724196279907
spe30,retest,20180719,4,99,2,1,1,4.63525196850011,0.29507896320351,0.684046639417933,0.295710660319372
spe30,retest,20180719,4,100,2,1,1,12.6738931457122,0.935590333722642,1.26082510692003,0.771533288366254
spe30,retest,20180719,4,101,NaN,0,0,NaN,NaN,NaN,NaN
spe30,retest,20180719,5,1,1,1,1,13.336807537752,0.692193201946601,1.98243358180904,1.09721286946738
spe30,retest,20180719,5,2,1,1,1,4.17165622702952,1.50408942434476,0.907453125224718,0.738415971957034
spe30,retest,20180719,5,3,2,1,1,9.3617395739982,1.52177517097763,1.38747532293923,1.37824103592743
spe30,retest,20180719,5,4,2,1,1,4.11263677047257,1.50673719116538,1.34396063582901,1.21170955178542
spe30,retest,20180719,5,5,2,1,1,4.18767136817017,1.08939634905499,1.23594765230758,0.820551545232481
spe30,retest,20180719,5,6,1,1,1,4.72743515614005,1.56550034897676,0.737720806860795,1.1656424607889
spe30,retest,20180719,5,7,1,1,1,0.885018215240418,0.732973703443287,1.01970848628314,0.664172067863806
spe30,retest,20180719,5,8,2,1,1,3.34125129072799,1.61122965989396,1.25372586874343,1.22605473346422
spe30,retest,20180719,5,9,2,1,1,1.35776159327616,0.372093499378735,0.498350105569947,0.5418249444087
spe30,retest,20180719,5,10,1,1,1,8.79294920657005,0.650811346425805,0.998317497416821,0.912100904467848
spe30,retest,20180719,5,11,1,1,1,1.33265720084628,0.526432429337319,0.4585196314013,0.44156291161862
spe30,retest,20180719,5,12,1,1,1,5.66112926141555,1.09049213372781,0.717471807269857,0.718468376859471
spe30,retest,20180719,5,13,1,1,1,2.1948367562663,1.15345405502962,1.0637558230908,0.829753552720928
spe30,retest,20180719,5,14,1,1,1,3.87052231956292,0.292515737955492,0.64733574909146,0.5963536927165
spe30,retest,20180719,5,15,1,1,1,3.7031587478921,0.671434783302358,0.92933200363971,1.09906417347545
spe30,retest,20180719,5,16,1,1,1,10.8621113393617,0.471893823603679,0.37452043245676,0.722036034922196
spe30,retest,20180719,5,17,1,1,1,2.02463753186034,0.492274001527227,1.09203289494828,0.618752015780674
spe30,retest,20180719,5,18,2,1,1,0.576828214214382,0.634104712609626,0.52429746522504,0.66297063782497
spe30,retest,20180719,5,19,1,1,1,2.39598284263854,0.988189419340835,0.631969455464638,0.600560445393968
spe30,retest,20180719,5,20,1,1,1,11.7446195941025,0.49928235493752,0.618969957020666,0.544061312155662
spe30,retest,20180719,5,21,1,1,1,2.88033045467428,0.317531831543897,0.75769531533382,0.579929038988777
spe30,retest,20180719,5,22,1,1,1,2.27979903189275,0.841931506355629,0.747666745595068,0.63650839963929
spe30,retest,20180719,5,23,1,1,1,3.04678423176512,0.658910084888957,0.653204084574159,0.892378847223531
spe30,retest,20180719,5,24,1,1,1,3.33512079820358,0.303520090438732,0.582177272631009,0.57210419218898
spe30,retest,20180719,5,25,2,1,1,6.25334958366581,0.894775449169792,0.894722445098384,0.735612448774239
spe30,retest,20180719,5,26,2,1,1,6.59672610272022,0.850268173506566,0.736511501632142,0.680869346482042
spe30,retest,20180719,5,27,1,1,1,2.76397962085329,0.568944085599253,0.897920719345233,0.478701964383826
spe30,retest,20180719,5,28,1,1,1,2.10772366967842,0.666338473845217,1.08759885257662,1.01626252953573
spe30,retest,20180719,5,29,1,1,1,10.745980744676,1.14876994338949,0.732297794960725,0.882097846673963
spe30,retest,20180719,5,30,2,1,1,6.22050216964819,0.702529587998796,0.803299940299642,0.513600657854827
spe30,retest,20180719,5,31,1,1,1,0.543008912561496,0.361091192785922,0.35018919179115,0.592615050235767
spe30,retest,20180719,5,32,2,1,1,1.68467272174152,0.488750803588399,0.898325707310516,0.838359909526996
spe30,retest,20180719,5,33,1,1,1,1.10656021817655,0.693087585136887,0.730278178093881,0.907630034620385
spe30,retest,20180719,5,34,1,1,1,0.906552325112094,0.188421700649522,0.466984578658348,0.509756936794895
spe30,retest,20180719,5,35,2,1,1,5.2131557866422,0.246618250631878,0.452294998735943,0.667287621033232
spe30,retest,20180719,5,36,1,1,1,3.26914034113229,0.65285120680819,0.817344090457078,0.415645971594131
spe30,retest,20180719,5,37,1,1,1,3.59699836481467,1.16573993136679,1.00247296518103,0.811013159780974
spe30,retest,20180719,5,38,2,1,1,2.47064408002882,1.08146116946465,0.772485158625137,0.777662039091204
spe30,retest,20180719,5,39,1,1,1,6.24001290645068,0.897829582612122,0.369561806827361,0.60077062716822
spe30,retest,20180719,5,40,1,1,1,6.95604977180871,0.698290402047619,0.598930551021696,0.56159934914732
spe30,retest,20180719,5,41,2,1,1,1.69911077135481,0.657934558799628,0.730024883742305,0.739030226865209
spe30,retest,20180719,5,42,2,1,1,4.55293829788074,0.800234151160039,0.865716560603788,0.878809868796481
spe30,retest,20180719,5,43,1,1,1,0.408709947885203,0.660706150333134,0.492220890007049,0.494340900289667
spe30,retest,20180719,5,44,1,1,1,1.28905182804008,0.840658037181596,0.772759064961783,0.801040268906927
spe30,retest,20180719,5,45,2,1,1,1.51475428416821,0.493158728651213,0.430664039840623,0.425059848540914
spe30,retest,20180719,5,46,1,1,1,3.87896038722827,0.918400287249826,0.894941569401227,0.549165258663426
spe30,retest,20180719,5,47,2,1,1,8.88458961248375,0.559619818623692,0.58611397407212,0.637444187621135
spe30,retest,20180719,5,48,2,1,1,2.56413737779569,1.22559735817705,1.60893610063557,1.44059302561622
spe30,retest,20180719,5,49,1,1,1,1.76644623977452,0.748565662440761,0.620070646168914,0.653509301444879
spe30,retest,20180719,5,50,1,1,1,2.14071293495582,0.407201303855529,0.808401564716932,0.523420034817125
spe30,retest,20180719,5,51,2,1,1,1.87749399667659,0.36806528508669,0.437247450468491,0.446330316154004
spe30,retest,20180719,5,52,1,1,1,1.55460804713995,0.410408433019214,0.667135264139215,0.666600492576486
spe30,retest,20180719,5,53,1,1,1,3.36588543037131,1.22599265126763,0.894829081058178,0.928987626270462
spe30,retest,20180719,5,54,1,1,1,1.7392499471585,0.653860602268612,0.833494925129106,0.873677435511043
spe30,retest,20180719,5,55,1,1,1,7.55872345750916,0.463268842203269,0.57891547696829,0.505495193859839
spe30,retest,20180719,5,56,1,1,1,3.40458269685677,0.771294118484285,0.774560253402385,0.539881850859332
spe30,retest,20180719,5,57,1,1,1,3.01714338123037,1.17913307209509,0.703869088193621,0.746732485398191
spe30,retest,20180719,5,58,2,1,1,2.8670190504936,0.834910345314675,0.823144664378989,1.02237609903438
spe30,retest,20180719,5,59,2,1,1,1.38441252888294,0.446393847742637,0.7968933580813,0.551713358965106
spe30,retest,20180719,5,60,2,1,1,1.42614789356121,0.94626814014879,0.838155084524954,1.06888224238131
spe30,retest,20180719,5,61,1,1,1,4.93016831751784,0.626107140859355,1.08075564800664,1.08544275343122
spe30,retest,20180719,5,62,1,1,1,1.93138328419686,0.350121722974849,0.461614844032392,0.527578863577235
spe30,retest,20180719,5,63,1,1,1,3.00869654011062,0.569610499570915,1.08937768300339,1.07656257915204
spe30,retest,20180719,5,64,1,1,1,3.23085750972446,0.581511743458561,0.670884024010703,0.369228502451605
spe30,retest,20180719,5,65,1,1,1,0.796234375096438,0.575711803540466,0.599194611276995,0.651279782755292
spe30,retest,20180719,5,66,1,1,1,2.75266127637096,0.75071734588076,0.664585162705236,0.670079133327173
spe30,retest,20180719,5,67,1,1,1,2.17926242522338,0.354314216757041,1.18387345355996,0.382843124260081
spe30,retest,20180719,5,68,1,1,1,9.47243566172947,0.734703531240515,0.687808427904182,0.603709995718402
spe30,retest,20180719,5,69,2,1,1,2.91077556369892,1.00444261923709,0.777101697795245,0.594655798085424
spe30,retest,20180719,5,70,1,1,1,2.42155617696057,0.372444497939292,0.346094758496402,0.461594423966476
spe30,retest,20180719,5,71,1,1,1,0.80629974231233,0.625026671021023,0.953946061245811,0.908842215915545
spe30,retest,20180719,5,72,1,1,1,1.03238584763186,1.06592414882831,0.952532844154509,0.971849762319845
spe30,retest,20180719,5,73,1,1,1,8.37820529388969,1.43102498884002,0.962022382700945,0.987490571907085
spe30,retest,20180719,5,74,1,1,1,7.81612884197529,0.668624494824687,0.56784691230534,0.526311549916992
spe30,retest,20180719,5,75,1,1,1,1.32161813486955,0.2319282323904,0.391908437160471,0.331055507458482
spe30,retest,20180719,5,76,2,1,1,1.44225397059046,0.587200038392567,0.81435751456473,0.563928133694339
spe30,retest,20180719,5,77,2,1,1,2.32940163405389,1.05630915862628,0.497326621887939,0.751838095883563
spe30,retest,20180719,5,78,1,1,1,4.9423165008686,0.428100640143594,0.534729027477426,0.448464872153535
spe30,retest,20180719,5,79,2,1,1,1.63016487391826,1.12668454091069,0.697329870901811,0.725167491607075
spe30,retest,20180719,5,80,2,1,1,9.47298762218832,0.269760276428576,0.456482140976835,0.640545493632195
spe30,retest,20180719,5,81,2,1,1,11.6178007950566,1.4004230967378,0.938060810202201,1.38279974030204
spe30,retest,20180719,5,82,1,1,1,1.95696881156235,0.398089618584051,0.869310858397869,0.551785166277928
spe30,retest,20180719,5,83,1,1,1,12.7790219359711,0.420485360107429,0.53884796210813,0.60817231590483
spe30,retest,20180719,5,84,1,1,1,1.72960982340615,1.70435266993558,0.886920056949045,0.797816405807849
spe30,retest,20180719,5,85,1,1,1,1.76475151446335,1.12112316688833,0.842350354759066,1.00865969946852
spe30,retest,20180719,5,86,1,1,1,1.83407566605957,0.710619060939523,0.951899845295749,0.667368449211545
spe30,retest,20180719,5,87,2,1,1,7.11073315826983,0.616969146018505,0.50772322564147,0.599393771429586
spe30,retest,20180719,5,88,1,1,1,3.73088058057553,1.16992747392836,0.424026362494078,0.901909296981668
spe30,retest,20180719,5,89,2,1,1,1.519959447374,0.928226016993667,0.461555533999308,0.821667901200113
spe30,retest,20180719,5,90,1,1,1,8.9404016014998,0.234044571935603,0.440024558119504,0.301979743267403
spe30,retest,20180719,5,91,1,1,1,1.43213516069284,0.203980955901248,1.0718935701932,0.784222862536822
spe30,retest,20180719,5,92,2,1,1,3.65155711672591,0.448390194564865,0.517674736572052,0.33028738324334
spe30,retest,20180719,5,93,2,1,1,4.26760824384361,0.708994521694728,0.581707555204887,0.580261318102613
spe30,retest,20180719,5,94,1,1,1,7.25726076499217,0.828733830154193,0.819805248783777,0.958238700844091
spe30,retest,20180719,5,95,1,1,1,5.79147615901828,1.29649032307523,1.15283725509056,1.08541503191618
spe30,retest,20180719,5,96,2,1,1,1.7302605829844,1.96651497621327,1.32489550056876,1.41413827220669
spe30,retest,20180719,5,97,2,0,0,NaN,NaN,NaN,NaN
spe30,retest,20180719,5,98,1,0,0,NaN,NaN,NaN,NaN
spe30,retest,20180719,5,99,2,0,0,NaN,NaN,NaN,NaN
spe30,retest,20180719,5,100,1,1,1,3.24917415800273,1.06174434960299,0.826851885689523,0.850813680170892
spe30,retest,20180719,5,101,NaN,0,0,NaN,NaN,NaN,NaN
mle01,pre,20181112,1,1,1,1,1,26.2007136588928,0.266668109839319,0.198216124940416,0.390867937094282
mle01,pre,20181112,1,2,2,1,1,15.5478349397436,0.677026681045133,0.456105723112074,0.602292375610887
mle01,pre,20181112,1,3,1,1,1,16.2031718815768,1.72615871090403,0.956061222902498,0.97487813625522
mle01,pre,20181112,1,4,1,1,1,2.34304091165375,0.504118722628034,0.481739848149783,0.379797193809555
mle01,pre,20181112,1,5,2,1,1,0.48128327109308,0.413972222745883,0.538518965566619,0.457706467860944
mle01,pre,20181112,1,6,1,1,1,4.28621552716039,0.581080124105998,0.623214347163586,0.47862829860368
mle01,pre,20181112,1,7,1,1,1,5.11056640081961,0.764138319474797,0.797469292438881,0.678451486099418
mle01,pre,20181112,1,8,2,1,1,11.809779319964,0.625134564405649,0.652925755318561,0.707833009967786
mle01,pre,20181112,1,9,1,1,1,5.82592064683542,0.140864652499584,0.590297835974842,0.244962035810771
mle01,pre,20181112,1,10,1,1,1,3.53054694329798,0.427047985013221,0.434614130967482,0.287820363967199
mle01,pre,20181112,1,11,1,0,0,NaN,NaN,NaN,NaN
mle01,pre,20181112,1,12,2,1,1,18.7658545359832,0.156153540744519,1.4617090249695,0.503998948434408
mle01,pre,20181112,1,13,2,1,1,27.6255025553723,0.388323956739118,0.56725793381524,0.505792158483228
mle01,pre,20181112,1,14,1,1,1,6.75563968793202,0.539236474582687,0.600935333497736,0.716102444618393
mle01,pre,20181112,1,15,1,1,1,3.81867523323832,0.386623097116442,0.377894989126638,0.294389762425419
mle01,pre,20181112,1,16,1,1,1,4.83401189457369,0.0678698930795747,0.443150183977753,0.423450403878595
mle01,pre,20181112,1,17,2,1,1,12.1442529712517,0.431422433853539,0.542341499144777,0.558170849795399
mle01,pre,20181112,1,18,2,1,1,7.19450177210462,0.191432038392442,0.308330271081398,0.342652663834901
mle01,pre,20181112,1,19,1,1,1,23.6054331959224,1.33161486957874,0.897820009037965,1.29132126685761
mle01,pre,20181112,1,20,1,1,1,18.2398549484836,0.629978225636522,0.851426357512604,0.395621927680879
mle01,pre,20181112,1,21,1,1,1,9.06786337536321,0.295087801796869,0.479604189315927,0.515457574367946
mle01,pre,20181112,1,22,2,1,1,7.72242914088685,1.40749219450921,0.582178841846154,0.960943429492517
mle01,pre,20181112,1,23,1,1,1,14.0967457817904,1.00829341138154,0.838932740583978,1.04547326657599
mle01,pre,20181112,1,24,2,1,1,10.4960995865028,0.285316710464124,0.363128350467995,0.367868144707821
mle01,pre,20181112,1,25,2,1,1,2.06296794799384,0.190239493419248,0.969515469184756,0.93965782139812
mle01,pre,20181112,1,26,2,1,1,28.1732332449481,0.729803028243055,0.650392835298636,0.978769348765732
mle01,pre,20181112,1,27,1,1,1,12.5776549007449,0.515298345026197,0.519226521257666,0.526071046547592
mle01,pre,20181112,1,28,2,1,1,2.0496565631079,0.184556786835786,0.713973942100055,0.352127979662393
mle01,pre,20181112,1,29,1,1,1,10.9668318920261,0.583842716486351,0.515455932075096,0.552230743837861
mle01,pre,20181112,1,30,2,1,1,3.15006880595614,0.52486628396812,0.513332176263181,0.561671882437373
mle01,pre,20181112,1,31,2,1,1,4.02781097282581,0.490351592949656,0.345170442538238,0.359027585146411
mle01,pre,20181112,1,32,1,1,1,5.06881532743189,0.172745946335858,0.482577285521835,0.686154766851187
mle01,pre,20181112,1,33,1,1,1,14.2377731995047,0.286053270944359,0.476606999154929,0.524286057949987
mle01,pre,20181112,1,34,2,1,1,2.21125491242184,0.376690279302242,0.325518162151071,0.337695379307669
mle01,pre,20181112,1,35,2,1,1,5.4084989995504,0.139936015130146,0.436994119968342,0.411260368463522
mle01,pre,20181112,1,36,1,1,1,8.33861725820304,0.292478823444836,0.678503872904318,0.823390946787834
mle01,pre,20181112,1,37,2,1,1,0.653296229689532,0.650310619717267,0.718941504276058,0.615611903337133
mle01,pre,20181112,1,38,2,1,1,4.3916440265443,1.03311772835188,1.04844761457296,0.904511438149188
mle01,pre,20181112,1,39,1,1,1,1.13770547457663,0.457277231207906,0.574561899701814,0.518166822741607
mle01,pre,20181112,1,40,1,1,1,0.752508636149578,2.07428797202041,1.35678012370126,1.26096705431251
mle01,pre,20181112,1,41,1,1,1,8.00131966889901,1.45063479920257,0.982099648673793,1.02346920773292
mle01,pre,20181112,1,42,2,1,1,7.17277982204736,0.178124546722048,0.708328117168847,0.836900931472783
mle01,pre,20181112,1,43,2,1,1,1.04300568161868,0.230121006406759,0.370877438584313,0.347773289372464
mle01,pre,20181112,1,44,1,1,1,3.3728897277117,0.422860769746277,1.16640055014471,1.16272361134734
mle01,pre,20181112,1,45,1,1,1,2.86321864183052,0.412551845449672,0.706400044333814,0.632441294722942
mle01,pre,20181112,1,46,1,1,1,3.36239567578477,0.697500475703409,0.764340931085799,0.704402440560947
mle01,pre,20181112,1,47,2,1,1,7.57435131902429,0.348083928232201,0.394868846102836,0.223490088359155
mle01,pre,20181112,1,48,1,1,1,1.40177532076637,0.919752667401558,0.435060685072648,0.361167443170182
mle01,pre,20181112,1,49,1,1,1,1.50658205402003,0.462616575881963,0.300719770400709,0.194215935699289
mle01,pre,20181112,1,50,2,1,1,9.31692400075202,0.591786082151598,0.400066871403872,0.703149034204037
mle01,pre,20181112,1,51,1,1,1,10.5341820150044,0.161401072557171,0.563283115637749,0.254794221760136
mle01,pre,20181112,1,52,1,1,1,1.94373490202596,0.253561602930802,0.419522521801118,0.148563991494072
mle01,pre,20181112,1,53,1,1,1,8.96784675797361,0.153306851684592,0.273970090346738,0.268951327734894
mle01,pre,20181112,1,54,1,1,1,4.27113570024776,0.423490520758093,0.345022618165672,0.537449971154528
mle01,pre,20181112,1,55,1,1,1,14.6126827789722,0.287056728332388,1.12061353114167,0.649338703943666
mle01,pre,20181112,1,56,1,1,1,6.74512959886681,0.404759884656954,0.570490530433994,0.326200373802555
mle01,pre,20181112,1,57,1,1,1,4.64500343428266,0.786139129160853,0.533246683499691,0.650757976425169
mle01,pre,20181112,1,58,2,1,1,22.5402252453795,1.11098745629804,1.60982488348813,1.00369984395344
mle01,pre,20181112,1,59,2,1,1,6.56233976295571,0.305415825039496,0.43520788793225,0.424173552554524
mle01,pre,20181112,1,60,2,1,1,23.081247731519,0.562201308845957,0.779132343800367,0.62709512117532
mle01,pre,20181112,1,61,2,1,1,1.98512045130693,0.680881245936773,0.440584258124208,0.36595853028101
mle01,pre,20181112,1,62,1,1,1,3.95882283162221,0.219054473819723,0.525026035481406,0.358734218054015
mle01,pre,20181112,1,63,1,1,1,10.821110001147,0.493608332473197,0.713620430204138,0.638913660486032
mle01,pre,20181112,1,64,2,1,1,3.38058366529546,0.357898379082449,0.579992468686089,0.439870410306825
mle01,pre,20181112,1,65,1,1,1,21.72045113658,0.996413123234802,1.09475903555999,1.8650258397382
mle01,pre,20181112,1,66,2,1,1,1.49459960296201,0.245670997199329,0.387406618340291,0.291771839200261
mle01,pre,20181112,1,67,1,1,1,12.1189963282516,0.0872952978200199,0.445604478800574,0.174604981692303
mle01,pre,20181112,1,68,1,1,1,1.99653180054427,0.142812351852977,0.846126345308548,0.446870461585765
mle01,pre,20181112,1,69,1,1,1,42.524913313667,1.39911417082294,0.991956144385458,1.30075532730908
mle01,pre,20181112,1,70,1,1,1,3.06505468097949,1.7741556338734,0.78077870634427,1.14658063872964
mle01,pre,20181112,1,71,1,1,1,1.55470581492094,0.196875977859851,0.398478422308042,0.323051683918091
mle01,pre,20181112,1,72,1,1,1,4.76520645684537,0.574218343018703,0.363914778345912,0.242919499027425
mle01,pre,20181112,1,73,2,1,1,1.16799776872103,0.108085722360935,0.508379103394796,0.436110418189713
mle01,pre,20181112,1,74,1,1,1,0.936441679524412,0.608067301958807,0.386243781823261,0.534770419706518
mle01,pre,20181112,1,75,1,1,1,2.44060993605795,1.01995986035803,0.505222522744472,0.6189595565997
mle01,pre,20181112,1,76,2,1,1,1.72700350304998,0.879216277056988,0.606860529745868,0.650324403115739
mle01,pre,20181112,1,77,1,1,1,4.41790414430804,1.60865698273017,0.5086332188799,0.438927733740269
mle01,pre,20181112,1,78,1,1,1,1.41567661352009,0.756515481769368,0.510874574536707,0.702784952960337
mle01,pre,20181112,1,79,1,1,1,0.82470941372344,0.223178405340137,0.324008960379708,0.304484880776523
mle01,pre,20181112,1,80,1,1,1,33.6256658914074,2.15030583511089,2.11168320371795,1.6805757270838
mle01,pre,20181112,1,81,1,1,1,7.3263948533491,0.542627807370824,0.460717150472346,0.536204089556399
mle01,pre,20181112,1,82,2,1,1,2.06510926591465,0.794988750297369,0.264144259255921,0.521573297794913
mle01,pre,20181112,1,83,2,1,1,1.30964792003585,1.0975907937893,1.07910459047532,0.781858397287539
mle01,pre,20181112,1,84,1,1,1,13.3694520534745,0.275471925411296,0.460945668713384,0.45198760329507
mle01,pre,20181112,1,85,1,1,1,5.11699573355899,1.028430492812,0.949427864032614,0.892557020364167
mle01,pre,20181112,1,86,2,1,1,3.25116840105568,0.0883246720771922,0.277504146128143,0.242146552026631
mle01,pre,20181112,1,87,1,1,1,9.5211148054885,1.08396069831904,1.12352576810002,0.824529536911051
mle01,pre,20181112,1,88,1,1,1,7.62910130854335,1.04113544969952,0.359511260555261,0.478128713775559
mle01,pre,20181112,1,89,1,1,1,1.34386115518448,0.0692753553451695,0.279552109410423,0.163834256543697
mle01,pre,20181112,1,90,1,1,1,1.14842282657739,0.191471394042266,0.225754871224643,0.586765213305916
mle01,pre,20181112,1,91,1,1,1,2.50372785806659,0.653984555461708,0.247506294521986,0.261184073410997
mle01,pre,20181112,1,92,1,1,1,0.949485223891189,1.04470787601896,0.757962197107368,0.581380634359757
mle01,pre,20181112,1,93,1,1,1,0.959257584828973,0.167851301256227,0.41780132206382,0.310170272184091
mle01,pre,20181112,1,94,2,1,1,12.6372710605507,0.851911643606035,0.467197930317117,0.492338113091982
mle01,pre,20181112,1,95,1,1,1,2.46230860713676,0.261724522752843,0.494969732981033,0.546898540802744
mle01,pre,20181112,1,96,1,1,1,0.23057365984674,0.0963058612092875,0.25047693133596,0.250940008754159
mle01,pre,20181112,1,97,1,1,1,3.92344741171801,1.83604996927296,0.534608393672327,0.533130041724188
mle01,pre,20181112,1,98,1,1,1,0.290130356112066,0.162791059466095,0.302895709032651,0.319374418529867
mle01,pre,20181112,1,99,1,1,1,0.601243307704941,0.415277285647929,0.199646381801259,0.188462765216842
mle01,pre,20181112,1,100,NaN,0,0,NaN,NaN,NaN,NaN
mle01,pre,20181112,1,101,NaN,0,0,NaN,NaN,NaN,NaN
mle01,pre,20181112,2,1,1,0,0,NaN,NaN,NaN,NaN
mle01,pre,20181112,2,2,1,0,0,NaN,NaN,NaN,NaN
mle01,pre,20181112,2,3,1,1,1,5.03997616410239,0.820671596250499,0.442673166698335,0.371870598306549
mle01,pre,20181112,2,4,2,1,1,0.235376642337217,0.106113231044169,0.418596139363401,0.175458374012112
mle01,pre,20181112,2,5,1,1,1,6.34560034695456,0.25182368836107,0.289558774640819,0.321982185571518
mle01,pre,20181112,2,6,2,1,1,1.12702630356817,0.191790235275693,0.438322592209152,0.47471696001193
mle01,pre,20181112,2,7,2,1,1,15.3979554604585,0.39903098707912,0.531485397434203,0.225226591687436
mle01,pre,20181112,2,8,1,1,1,8.80396221096424,0.779910992437229,0.138948305786271,0.611666260163537
mle01,pre,20181112,2,9,2,1,1,1.2477745110223,0.343837503973041,0.258886996074263,0.314483836122319
mle01,pre,20181112,2,10,1,1,1,0.834423713635109,0.343799740009793,0.282831777057716,0.312335675581299
mle01,pre,20181112,2,11,1,1,1,2.23359953784158,1.19378863926694,0.435542830639677,0.555325324538247
mle01,pre,20181112,2,12,1,1,1,1.29038290309037,0.153730820760056,0.320038347178295,0.16896126658572
mle01,pre,20181112,2,13,1,1,1,2.77248705863328,0.191067038634126,0.492785484583929,0.348863017586343
mle01,pre,20181112,2,14,2,1,1,0.966773176379398,0.399606206362055,0.281852118828618,0.293896418591882
mle01,pre,20181112,2,15,1,1,1,5.60399742607311,0.225518465871877,0.560942703097422,0.853173727318116
mle01,pre,20181112,2,16,2,1,1,1.34054120954911,0.386523267514049,0.325585349920688,0.275843818449806
mle01,pre,20181112,2,17,1,1,1,3.55375803543527,0.280470681968756,0.512103523234367,0.419444166943931
mle01,pre,20181112,2,18,1,1,1,0.103915662736453,0.489937439885964,0.617020133675904,0.58275784561279
mle01,pre,20181112,2,19,2,1,1,1.90499612077083,0.480594109780606,0.374780136238863,0.492929955914085
mle01,pre,20181112,2,20,1,1,1,0.893230109722527,0.423921194749721,0.364742233990921,0.274550330393006
mle01,pre,20181112,2,21,1,1,1,0.809100647694966,0.186737410105186,0.498714941682498,0.401028946385339
mle01,pre,20181112,2,22,2,1,1,1.73489863241823,0.224146466806594,0.473953146444621,0.508095718556061
mle01,pre,20181112,2,23,2,1,1,0.483616498359053,0.219758251075991,0.296197230156492,0.236379963070437
mle01,pre,20181112,2,24,1,1,1,2.17887985515597,1.09517845066159,0.455390702670551,0.413853104079425
mle01,pre,20181112,2,25,1,1,1,0.819128282369556,1.95569715279441,0.540252442305558,0.526183981495156
mle01,pre,20181112,2,26,1,1,1,0.431981859739816,1.13681635444579,0.529240164413295,0.569424196162053
mle01,pre,20181112,2,27,2,1,1,0.438056275674105,0.122676856253122,0.544840663143502,0.482490926167812
mle01,pre,20181112,2,28,2,1,1,7.72414956580376,0.104755902657631,0.481461453986367,0.346384167919026
mle01,pre,20181112,2,29,1,1,1,2.26898942682211,0.353564524794191,0.222428853639756,0.176672327997578
mle01,pre,20181112,2,30,1,1,1,2.72295543400843,0.35285189178736,0.4842054156885,0.466602201384398
mle01,pre,20181112,2,31,2,1,1,4.85447222337421,0.889135685367464,0.697845909078868,1.10170451425355
mle01,pre,20181112,2,32,1,1,1,0.697560613542819,0.841678231106957,0.171882273910337,0.218327325413199
mle01,pre,20181112,2,33,1,1,1,4.23160266958419,0.77803967041435,0.491543203252496,0.615840798606127
mle01,pre,20181112,2,34,1,1,1,2.16147246135955,0.588172355523547,0.441131961395964,0.477242864670702
mle01,pre,20181112,2,35,1,1,1,2.08425491318039,0.108610368813142,0.322497617259456,0.364864330478666
mle01,pre,20181112,2,36,2,1,1,2.4813487684921,0.339500406139591,0.826797460103628,0.763464739358655
mle01,pre,20181112,2,37,1,1,1,0.220950790049184,0.46819941812868,0.564085944994914,0.611215129051603
mle01,pre,20181112,2,38,1,1,1,0.279535242067064,0.138223057359327,0.357915138795575,0.352520085399915
mle01,pre,20181112,2,39,1,1,1,1.41335188519046,1.02794800375219,0.503482420984291,0.522655574212999
mle01,pre,20181112,2,40,1,1,1,0.732849538172925,0.269117513368123,0.619309519684772,0.632699077330941
mle01,pre,20181112,2,41,1,1,1,2.44148643157015,0.79288643701641,0.535586663358035,0.562244318904613
mle01,pre,20181112,2,42,NaN,0,0,NaN,NaN,NaN,NaN
mle01,pre,20181112,2,43,1,1,1,0.749655724779909,0.106265940824912,0.657531771051857,0.32594602806196
mle01,pre,20181112,2,44,1,1,1,1.88595625357583,0.337360245042771,0.463567976095096,0.353033484037909
mle01,pre,20181112,2,45,2,1,1,2.6022723166507,0.37624047582249,0.867997232093739,0.521152142278323
mle01,pre,20181112,2,46,2,1,1,1.13413560023351,0.812514649319489,0.687913179959396,0.775794229403684
mle01,pre,20181112,2,47,1,1,1,1.15091554058821,0.12568164627142,0.628319257321402,0.636192222942044
mle01,pre,20181112,2,48,1,1,1,3.51661867458265,0.800034324592859,0.750357323622215,0.825617271185866
mle01,pre,20181112,2,49,1,1,1,4.46827385221486,0.0885973787013257,0.448738390581554,0.836593455540349
mle01,pre,20181112,2,50,2,1,1,0.251788559307924,0.670765129688677,0.541883992424757,0.541891252587295
mle01,pre,20181112,2,51,1,1,1,3.8139685450221,0.566433332698996,0.356833076258354,0.65838671108407
mle01,pre,20181112,2,52,2,1,1,0.189132128052382,0.699492218382984,0.958171093050844,0.779892651652088
mle01,pre,20181112,2,53,1,1,1,9.42021183060421,0.669427093563369,0.154998938984207,0.706628363788155
mle01,pre,20181112,2,54,2,1,1,1.59241234882215,0.718128384980844,0.437084293035926,0.521656458148601
mle01,pre,20181112,2,55,1,1,1,2.75788834693577,0.324802471194127,0.599864033079349,0.601487817662892
mle01,pre,20181112,2,56,1,1,1,0.320490020320877,0.620228696977497,0.456601638139098,0.460983972041383
mle01,pre,20181112,2,57,1,1,1,0.276654723660892,0.109443312164859,0.247075636163828,0.144322706033932
mle01,pre,20181112,2,58,1,1,1,3.84618595157147,0.190643238029353,0.436605903458898,0.393580071292699
mle01,pre,20181112,2,59,2,1,1,1.52654590025993,0.0917214063760907,0.282857556701807,0.221964232274275
mle01,pre,20181112,2,60,2,1,1,11.0528598536931,0.15993077214111,0.270270647193668,0.150653697166164
mle01,pre,20181112,2,61,1,1,1,1.53329538460863,0.779693785825772,0.348035527471052,0.562345471183774
mle01,pre,20181112,2,62,2,1,1,1.72232772702241,0.631045424851845,0.542882558279983,0.566620831907759
mle01,pre,20181112,2,63,2,1,1,1.00714472204121,0.412034295880616,0.291584149484014,0.31518538789048
mle01,pre,20181112,2,64,2,0,0,NaN,NaN,NaN,NaN
mle01,pre,20181112,2,65,2,1,1,1.27244653340233,0.830214541204984,0.140415629095551,0.215618421529316
mle01,pre,20181112,2,66,2,1,1,5.28911616420816,0.317736496047287,0.526377616575443,0.444421208988544
mle01,pre,20181112,2,67,2,1,1,0.966032943723232,0.286696776929266,0.384004979238519,0.361645187970186
mle01,pre,20181112,2,68,1,1,1,0.545424397688411,0.0829914146576503,0.345587585199185,0.342998943490886
mle01,pre,20181112,2,69,1,1,1,1.47448729497129,0.269964223616221,0.351833955006603,0.536549045588156
mle01,pre,20181112,2,70,1,1,1,1.89677059991603,1.24182678864178,0.672242747410736,0.373499918207792
mle01,pre,20181112,2,71,1,1,1,9.7255049967188,0.093909736480693,0.390984918698183,0.458792898632429
mle01,pre,20181112,2,72,1,1,1,1.1108273700183,0.22386486177755,0.365514648850954,0.646219772731394
mle01,pre,20181112,2,73,1,1,1,0.572692524833203,0.310697462372392,0.445166264484037,0.455678849953649
mle01,pre,20181112,2,74,1,1,1,0.686377937264689,0.0871126134860782,0.226832714459712,0.400424776865516
mle01,pre,20181112,2,75,2,1,1,0.750568824348238,0.133648003895735,0.357229658795276,0.381832325676327
mle01,pre,20181112,2,76,1,1,1,6.58351461035539,0.355591407208092,0.206818498835981,0.446556871084594
mle01,pre,20181112,2,77,2,1,1,2.96728527797724,0.521609096447278,0.45648492197927,0.408800552343551
mle01,pre,20181112,2,78,1,1,1,1.08159265980122,0.2214176722142,0.194480041382719,0.273830694407493
mle01,pre,20181112,2,79,1,1,1,0.752311797102483,1.10446208579267,0.700842898289925,0.762421852845804
mle01,pre,20181112,2,80,1,1,1,3.80154953998143,1.20413554958046,0.563113411304869,0.654624915272399
mle01,pre,20181112,2,81,1,1,1,0.550424582965398,0.167771233208457,0.204447840171842,0.220775082802343
mle01,pre,20181112,2,82,1,1,1,0.351198132397171,0.32106503269005,0.234075640529717,0.216977058756917
mle01,pre,20181112,2,83,2,1,1,0.360551430720459,0.493691207945339,0.340967447816489,0.463619106079377
mle01,pre,20181112,2,84,1,1,1,8.2735559766633,1.73653215089329,0.4994325902182,0.691087039363093
mle01,pre,20181112,2,85,2,1,1,15.7119382691337,0.084016225356168,0.53108202738396,0.139575903535831
mle01,pre,20181112,2,86,1,1,1,0.811974834754679,0.134304683292228,0.148330895020929,0.19840167055913
mle01,pre,20181112,2,87,2,1,1,0.947272821414241,0.690797254601147,0.190387153657799,0.194566066613797
mle01,pre,20181112,2,88,1,1,1,0.554723714870569,0.546441408242571,0.277479129431995,0.323750678063457
mle01,pre,20181112,2,89,1,1,1,0.929668507913182,1.3105653839483,0.690723889102169,0.660633278039495
mle01,pre,20181112,2,90,1,1,1,0.34899724233197,1.02916422276861,0.951928860492429,1.05324812334165
mle01,pre,20181112,2,91,1,1,1,1.38772652506348,0.638504985895979,0.293519720576519,0.292462702578701
mle01,pre,20181112,2,92,2,1,1,0.880498899035697,0.149773615426731,0.452283272540039,0.432517572829511
mle01,pre,20181112,2,93,1,1,1,0.877562963249924,0.3977874775766,0.506740290463044,0.53445636405184
mle01,pre,20181112,2,94,1,1,1,0.613731663973914,1.85199101550994,0.485823388269269,0.65229936548045
mle01,pre,20181112,2,95,1,1,1,0.289100468539623,0.548841990534138,0.644690951270156,0.645319166638967
mle01,pre,20181112,2,96,2,1,1,0.321295686503825,1.90125093621092,0.667715756280401,0.587375481943225
mle01,pre,20181112,2,97,2,1,1,6.80238915516582,0.179205243475845,0.909140043131675,0.444504027557114
mle01,pre,20181112,2,98,1,1,1,2.39740292378584,0.541592493191803,0.4852018868124,0.576535343806083
mle01,pre,20181112,2,99,1,1,1,0.67111292637572,0.581817281958159,0.356849162780873,0.37382768136369
mle01,pre,20181112,2,100,NaN,0,0,NaN,NaN,NaN,NaN
mle01,pre,20181112,3,1,1,1,1,8.58521883937089,1.1201506705258,0.671439392452346,0.812200522380548
mle01,pre,20181112,3,2,1,0,0,NaN,NaN,NaN,NaN
mle01,pre,20181112,3,3,1,0,0,NaN,NaN,NaN,NaN
mle01,pre,20181112,3,4,2,1,1,1.60515475633845,1.36474872592349,0.823495058038696,1.09933745806797
mle01,pre,20181112,3,5,2,1,1,5.41283225976098,0.445693858212978,0.539682720844198,0.759415459674526
mle01,pre,20181112,3,6,1,1,1,15.2117324760286,0.677519052956233,0.69413869934596,0.613881290687554
mle01,pre,20181112,3,7,2,0,0,NaN,NaN,NaN,NaN
mle01,pre,20181112,3,8,1,0,0,NaN,NaN,NaN,NaN
mle01,pre,20181112,3,9,1,0,0,NaN,NaN,NaN,NaN
mle01,pre,20181112,3,10,2,0,0,NaN,NaN,NaN,NaN
mle01,pre,20181112,3,11,1,1,1,16.7820719205178,1.22072828340917,0.727027964454743,0.831871536078522
mle01,pre,20181112,3,12,1,1,1,0.812156415792342,0.37313835048793,0.560155988125497,0.524515361153423
mle01,pre,20181112,3,13,2,1,1,1.56076976358017,1.08285334624814,1.14480697769011,0.744781003295122
mle01,pre,20181112,3,14,1,1,1,1.15644233774716,0.257481941522115,0.577747402471047,0.507438807107778
mle01,pre,20181112,3,15,1,1,1,3.03704254214256,0.656509157924086,0.73727559214633,0.716568137388112
mle01,pre,20181112,3,16,1,1,1,13.0316002619315,1.09761934370423,0.712888654163569,1.2410580907309
mle01,pre,20181112,3,17,1,1,1,3.40404892746152,0.927033299320742,0.872020885305657,1.01161603179887
mle01,pre,20181112,3,18,1,1,1,8.40281742724687,0.408603676565119,0.466999534290081,0.430511295978759
mle01,pre,20181112,3,19,1,1,1,1.65713869016367,0.668430759140001,0.59931271970824,0.609435355223811
mle01,pre,20181112,3,20,2,1,1,2.69557300868036,0.967968708077823,0.599926902552899,0.874811217977984
mle01,pre,20181112,3,21,2,1,1,2.45097172016584,0.332970036994807,0.63913903187792,0.644085188037177
mle01,pre,20181112,3,22,2,1,1,4.69566981843283,0.652333449113421,0.931303423974051,0.699043005907564
mle01,pre,20181112,3,23,1,1,1,2.21710647724665,1.12872236376809,1.28179555164361,0.679530876993872
mle01,pre,20181112,3,24,2,1,1,5.26838890543917,1.01884650824549,0.684314996440889,0.703838759318761
mle01,pre,20181112,3,25,1,1,1,0.839088623385484,0.597667051216094,0.549232280344129,0.407531823980372
mle01,pre,20181112,3,26,1,1,1,1.90217795700469,1.05353571022938,0.827464357112275,0.819281604418585
mle01,pre,20181112,3,27,1,1,1,4.79115521534434,0.353149353212185,0.84425074361217,0.75968075052205
mle01,pre,20181112,3,28,1,1,1,2.88959000276541,0.7763758625813,0.801737682292559,0.812398285418166
mle01,pre,20181112,3,29,1,1,1,7.3004482964094,0.618218457167756,0.782289606568931,0.565469618162587
mle01,pre,20181112,3,30,1,1,1,4.29676116569531,0.170172609134097,0.511313620145219,0.397853605219312
mle01,pre,20181112,3,31,1,1,1,1.39275348321444,0.70062502435737,1.37119164701195,0.914235851218357
mle01,pre,20181112,3,32,2,1,1,1.8154756317591,0.243907700572509,0.786804357447898,0.430963302289005
mle01,pre,20181112,3,33,1,1,1,8.56553305847816,0.457657866103627,1.11304847519319,0.550139798188566
mle01,pre,20181112,3,34,1,1,1,0.950373610221412,0.252378106814006,0.469756622472774,0.613483918732111
mle01,pre,20181112,3,35,1,1,1,0.314616938751537,0.705965782573955,0.513026756053343,0.516469593025649
mle01,pre,20181112,3,36,1,1,1,1.61949027945683,0.226543291696146,0.609182664525977,0.565765607795012
mle01,pre,20181112,3,37,2,1,1,19.1212430768991,0.972306059111915,0.733192050941156,1.15116173603876
mle01,pre,20181112,3,38,2,1,1,2.74646775757014,0.901335370479778,0.798029195407663,0.890447907807342
mle01,pre,20181112,3,39,1,1,1,7.69609302658538,0.586061188265401,0.734689973569251,0.567855498811983
mle01,pre,20181112,3,40,2,1,1,2.10623608356265,1.0072130686759,0.409232374347345,0.461485644347416
mle01,pre,20181112,3,41,1,1,1,16.5014468610499,0.606557941389815,0.492964172306591,0.469383597700003
mle01,pre,20181112,3,42,1,1,1,7.0942979159597,1.1874027222097,0.969502446150576,0.891167736731956
mle01,pre,20181112,3,43,1,1,1,2.07079189857327,0.773955532540205,0.872123550494776,0.526077078790105
mle01,pre,20181112,3,44,1,1,1,2.21246306415348,0.617047246338345,0.616567685444882,0.757382403819416
mle01,pre,20181112,3,45,1,1,1,4.92970785629827,0.364474193329427,1.11014210984977,1.33381122728279
mle01,pre,20181112,3,46,2,1,1,1.45846072825912,0.81031358533976,0.575325003683385,0.455187611190755
mle01,pre,20181112,3,47,1,1,1,0.881663174553402,0.326360199054792,0.434293364130855,0.603172637269543
mle01,pre,20181112,3,48,2,1,1,0.952838497905161,0.785938619257241,0.612382338826859,0.601938190644934
mle01,pre,20181112,3,49,1,1,1,1.86634163399368,0.904565814351577,0.739004155552651,0.749568143905307
mle01,pre,20181112,3,50,1,1,1,3.06285605716632,0.684207257869799,0.690780361444882,0.885439990551806
mle01,pre,20181112,3,51,1,1,1,3.42976608452709,2.50241727086289,1.41503167836604,0.902145451920267
mle01,pre,20181112,3,52,2,1,1,2.48631648933188,0.799880875870432,0.569935129674783,0.543395470641941
mle01,pre,20181112,3,53,2,1,1,1.92246770651831,0.361747802923094,0.54532146161753,0.494521590543673
mle01,pre,20181112,3,54,1,1,1,1.78541386180859,1.19088497454783,0.542938373444917,0.560431721650482
mle01,pre,20181112,3,55,2,1,1,2.50388761671638,0.586735474098497,0.773057080108246,0.943589350512773
mle01,pre,20181112,3,56,1,1,1,12.7035747264432,1.30915656316697,0.625010053081517,0.728018960141631
mle01,pre,20181112,3,57,1,1,1,5.46641607123366,0.958746742545975,0.619687238043653,0.780272769080386
mle01,pre,20181112,3,58,2,1,1,2.03449956000582,0.765528361716293,0.560634864350634,0.5410176199336
mle01,pre,20181112,3,59,1,1,1,2.468923376366,0.474060599609876,0.572509172239904,0.378706481670731
mle01,pre,20181112,3,60,2,1,1,1.9739982756799,0.481911880459654,0.71348915374058,0.594429123387239
mle01,pre,20181112,3,61,1,1,1,1.53158096240159,0.63820581178022,0.465475030703265,0.680995179615456
mle01,pre,20181112,3,62,2,1,1,1.08377770296496,0.488512333825407,0.463314066043499,0.352870817241728
mle01,pre,20181112,3,63,1,1,1,0.921331267906744,0.506826267160456,0.637254749748848,0.530984859090909
mle01,pre,20181112,3,64,1,1,1,4.38367478957308,0.292342335894908,0.582766128637631,0.717265897413541
mle01,pre,20181112,3,65,1,1,1,5.02841800114983,0.490668438976697,0.464282318631166,0.598128361530394
mle01,pre,20181112,3,66,2,1,1,3.58308294368258,0.415491411826159,0.510363964738486,0.518663089755075
mle01,pre,20181112,3,67,1,1,1,2.17039763408666,0.35210209797612,0.532987261898816,0.537793093800832
mle01,pre,20181112,3,68,1,1,1,2.44760748703495,0.605582450953215,0.702323810578704,0.686472448761778
mle01,pre,20181112,3,69,2,1,1,3.2634713832901,0.725995122020699,0.865370700843986,0.812496506540701
mle01,pre,20181112,3,70,2,1,1,3.86041747877081,0.728606120322142,0.393812251835348,0.475199205596604
mle01,pre,20181112,3,71,1,1,1,3.74585149747654,1.04881523959628,0.910881895322436,0.932648539598425
mle01,pre,20181112,3,72,1,1,1,2.61929592468573,1.42545351510446,1.04367620678227,1.06540194469548
mle01,pre,20181112,3,73,2,1,1,2.3329896816365,1.11942142303314,0.996792176659125,1.04656701944437
mle01,pre,20181112,3,74,2,1,1,0.763399555219933,1.45835854566908,0.669733876942906,0.951320923896217
mle01,pre,20181112,3,75,1,1,1,2.14178035832871,0.605323845314522,0.643416033480477,0.619892222105639
mle01,pre,20181112,3,76,2,1,1,1.64076846557461,0.240400657279431,0.964813036781774,0.981317063231778
mle01,pre,20181112,3,77,1,1,1,8.23397911548453,0.807204552277669,0.651385359439248,0.640934696857691
mle01,pre,20181112,3,78,1,1,1,1.91531272619394,0.588808990557034,0.815495917403215,0.619311071697123
mle01,pre,20181112,3,79,1,1,1,1.5243144850133,0.979980188730081,0.755730789663683,0.77110795718853
mle01,pre,20181112,3,80,1,1,1,13.999707396551,0.628477730220094,0.48752686327679,0.526615165332548
mle01,pre,20181112,3,81,1,1,1,5.67626512881048,0.146987283406292,0.741228221594527,0.478430991090473
mle01,pre,20181112,3,82,2,1,1,7.45989481891691,0.873486493955676,0.51613873807787,0.781831663456106
mle01,pre,20181112,3,83,2,1,1,0.570995098641985,0.465000452535022,0.714383555640544,0.678575937981186
mle01,pre,20181112,3,84,2,1,1,0.66559766592295,0.450762582631863,0.546962710536484,0.554785435453156
mle01,pre,20181112,3,85,1,1,1,6.03415358225952,0.873970377933836,0.470506374515098,0.65683447973483
mle01,pre,20181112,3,86,1,1,1,3.66962756131637,0.651037950486585,0.642055839168506,0.485439060857211
mle01,pre,20181112,3,87,2,1,1,13.165201633231,1.68270118909902,0.834451820858814,1.04359411439016
mle01,pre,20181112,3,88,1,1,1,2.55328914909231,0.446113534042572,0.644066866375332,0.43715644861325
mle01,pre,20181112,3,89,1,1,1,3.4694809162158,0.98773469409313,0.841369101573364,0.772505650422978
mle01,pre,20181112,3,90,1,1,1,7.34090426621037,0.381529930251491,0.595219591472225,0.589050003079254
mle01,pre,20181112,3,91,1,1,1,7.00105169488787,0.645581041251644,0.650839368804148,0.5990944416951
mle01,pre,20181112,3,92,1,1,1,5.44132484515614,0.611081671316885,0.659600417391404,0.724771641155256
mle01,pre,20181112,3,93,1,1,1,1.99568874950561,0.473045970594532,0.428420200467782,0.35560178331203
mle01,pre,20181112,3,94,2,1,1,3.1046761888854,0.574017057664971,0.642634178270271,0.684930555945066
mle01,pre,20181112,3,95,1,1,1,3.04638314962158,1.0840108241563,0.702674015301062,1.02133300935419
mle01,pre,20181112,3,96,1,1,1,0.811562034608557,0.448859346988197,0.913032966535049,0.70672558232037
mle01,pre,20181112,3,97,2,1,1,1.96407438208849,1.25077022146599,0.885750753073264,0.982462514985799
mle01,pre,20181112,3,98,1,1,1,1.46997987555938,0.99741747255744,1.031525537307,0.873746869990443
mle01,pre,20181112,3,99,2,1,1,6.21664457518389,0.992554390870616,0.701727876809398,0.777789086127274
mle01,pre,20181112,3,100,NaN,0,0,NaN,NaN,NaN,NaN
mle01,pre,20181112,4,1,1,1,1,7.73869586973303,0.740672453748006,0.794303628947976,1.57721574136969
mle01,pre,20181112,4,2,1,1,1,0.569685217434896,0.516593450436599,0.811932773852186,0.526153298603585
mle01,pre,20181112,4,3,1,1,1,1.888721087727,0.705995424785113,0.496650318471703,0.68554599476655
mle01,pre,20181112,4,4,2,1,1,6.13322495223068,0.6510245274841,0.788086351433526,0.684082246083056
mle01,pre,20181112,4,5,2,1,1,2.37866949405722,0.406437207959778,0.539544790927434,0.462233413058972
mle01,pre,20181112,4,6,2,1,1,3.89180220735638,0.71784456158584,0.642775700056962,0.679938341467783
mle01,pre,20181112,4,7,1,1,1,1.09541194386438,1.09792214555583,0.574287559170757,0.644700894608729
mle01,pre,20181112,4,8,2,1,1,11.2542831511487,0.650195056816795,0.614739179026679,0.533598829358915
mle01,pre,20181112,4,9,2,1,1,1.50957600698538,0.919733975943846,0.756700826169825,0.705594364787061
mle01,pre,20181112,4,10,2,1,1,0.506716374258686,0.285606620724371,0.471839532946637,0.407896077880975
mle01,pre,20181112,4,11,2,1,1,3.34045653578953,0.881910686044758,1.43435616751069,0.872826967005855
mle01,pre,20181112,4,12,1,1,1,4.35304660327488,0.857616449167472,0.686775071411886,0.689362700848709
mle01,pre,20181112,4,13,1,1,1,9.27871765454055,0.632789808719972,0.575572085226558,0.651504688274983
mle01,pre,20181112,4,14,1,1,1,2.49241684367095,0.242335042141631,0.375411809612728,0.366349895750573
mle01,pre,20181112,4,15,1,1,1,7.97215370531507,1.05207376021212,0.621749582701622,0.717509497770546
mle01,pre,20181112,4,16,1,1,1,1.43495989209042,0.679043245529284,0.587857001890597,0.592622345899172
mle01,pre,20181112,4,17,1,1,1,1.07527496693774,0.481639809332889,0.649000424664995,0.489381272590911
mle01,pre,20181112,4,18,1,1,1,0.994237300931147,1.01009220322349,1.1170626701457,1.10044340268463
mle01,pre,20181112,4,19,1,1,1,0.571492148579862,0.882075673960369,0.833811581631881,0.772120862796197
mle01,pre,20181112,4,20,1,1,1,2.39362636764493,0.94540572157042,0.592542801078536,0.648601930712448
mle01,pre,20181112,4,21,1,1,1,1.58256781418027,0.768856200710998,0.917116366339997,0.675287627063326
mle01,pre,20181112,4,22,2,1,1,0.930661223757383,0.703848075637074,0.717705597721318,0.796541169505932
mle01,pre,20181112,4,23,2,1,1,3.20824799565669,1.02682402575781,0.999519179498626,0.619855086497006
mle01,pre,20181112,4,24,1,1,1,4.27634469342796,0.624539827953967,0.690717158151427,0.607890220310376
mle01,pre,20181112,4,25,1,1,1,3.81566746118221,0.787432260786309,0.58726438382392,0.42380848825102
mle01,pre,20181112,4,26,2,1,1,1.49828701480519,0.9047770082733,1.04412106856905,0.635813702720067
mle01,pre,20181112,4,27,1,1,1,11.38670888479,0.500593437182616,1.57138912672142,1.13563485729676
mle01,pre,20181112,4,28,1,1,1,4.48156383770854,2.04517407281465,1.00629609716743,1.02131737422515
mle01,pre,20181112,4,29,1,1,1,1.50754792423054,0.587123080212006,1.35037812611144,0.92614370625325
mle01,pre,20181112,4,30,1,1,1,5.23676802763881,0.354735272480121,0.586232370357941,0.406244280988661
mle01,pre,20181112,4,31,2,1,1,1.34694158929544,0.676185882969436,0.522028884020424,0.5502357384654
mle01,pre,20181112,4,32,2,1,1,0.842392376121742,0.314340906643565,0.787105502239161,0.676356440995238
mle01,pre,20181112,4,33,1,1,1,4.86445444116144,0.404564195660186,0.776409739444605,0.691665464744803
mle01,pre,20181112,4,34,1,1,1,6.20279298915298,0.997796642484837,1.07510170247495,1.09449837597483
mle01,pre,20181112,4,35,1,1,1,1.719796879452,0.991677984474554,0.647830625787246,0.649662368709386
mle01,pre,20181112,4,36,1,1,1,3.28601305714338,0.312489625353478,0.891188826313573,1.00512585056339
mle01,pre,20181112,4,37,1,1,1,5.31395711359329,1.0087478783775,1.13676474754752,1.13750361880317
mle01,pre,20181112,4,38,1,1,1,2.20402172771215,0.874366480957977,0.932343082241265,0.889581196505035
mle01,pre,20181112,4,39,1,1,1,1.33269248371809,0.684569681259009,0.883002624164479,0.918427927212317
mle01,pre,20181112,4,40,2,1,1,2.10065926345198,0.660100565109734,0.913363085866491,0.926722768451618
mle01,pre,20181112,4,41,2,1,1,1.31785497993236,0.928840342763005,0.844426508519676,0.871786591487503
mle01,pre,20181112,4,42,1,1,1,0.811869771981291,0.353587752395264,0.472984979923577,0.324982506412737
mle01,pre,20181112,4,43,1,1,1,0.908845045503689,0.726991104238662,0.576904979078332,0.690268949439241
mle01,pre,20181112,4,44,1,1,1,1.48590081433026,0.441031309106468,0.750993278035706,0.758651816809659
mle01,pre,20181112,4,45,1,1,1,6.88450168504254,0.742855868189277,0.958400988164851,0.739222219866352
mle01,pre,20181112,4,46,1,1,1,2.38856509307416,0.783222014347229,0.59234785012458,0.651145679116313
mle01,pre,20181112,4,47,2,1,1,2.97363938284387,1.22580372198933,0.880971411608606,0.981061322694772
mle01,pre,20181112,4,48,1,1,1,2.26412004308616,1.99491960052669,0.883160565511782,0.825484028034868
mle01,pre,20181112,4,49,1,1,1,0.853387765941479,0.373162949549884,0.502743545882164,0.465067160586962
mle01,pre,20181112,4,50,1,1,1,8.74833633254281,0.226402902954915,0.625917754196842,0.500610179862033
mle01,pre,20181112,4,51,2,1,1,1.74261004440411,0.221438677587588,0.448080690604218,0.444484103378672
mle01,pre,20181112,4,52,2,1,1,8.80475855272118,0.841269438434386,0.633676317191708,0.735752217087153
mle01,pre,20181112,4,53,2,1,1,7.1497117907331,0.70698444399927,0.821740931638976,0.668286016987302
mle01,pre,20181112,4,54,1,1,1,0.796340071500325,0.851294791479914,0.688185322912545,0.743534100028032
mle01,pre,20181112,4,55,1,1,1,3.58241266672189,2.29771771481878,1.42087502962637,1.47467940731875
mle01,pre,20181112,4,56,2,1,1,9.47017875020288,0.982247847198104,0.759541696144441,0.931670917220123
mle01,pre,20181112,4,57,2,1,1,9.20044444224951,1.00661063238136,0.609904816823207,0.965434051996288
mle01,pre,20181112,4,58,1,1,1,2.2404865821778,0.443054262579499,0.609874536431645,0.574800792405269
mle01,pre,20181112,4,59,1,1,1,4.74392096422247,2.68110353885872,0.716999825916585,1.01449687661134
mle01,pre,20181112,4,60,1,1,1,0.551645743302138,1.49625955696185,0.692114720457922,0.738028731784637
mle01,pre,20181112,4,61,1,1,1,1.29539954005233,0.307468516529068,0.413961602924906,0.707816982272505
mle01,pre,20181112,4,62,1,1,1,1.54410735970876,0.273520618892602,0.652707285225828,0.673667006366562
mle01,pre,20181112,4,63,2,1,1,15.2727208266966,1.9504652886177,1.04504625922685,1.28591260079008
mle01,pre,20181112,4,64,1,1,1,0.911446064988134,0.215060280547015,0.51378421561043,0.417949173945984
mle01,pre,20181112,4,65,2,1,1,5.8196181493029,0.851924451624316,0.994963370211566,0.782256789915106
mle01,pre,20181112,4,66,1,1,1,4.41022438685068,0.46913695558455,0.486732106051449,0.488612298714942
mle01,pre,20181112,4,67,1,1,1,1.37001965267885,1.180105381893,0.583173777712234,0.473182103129471
mle01,pre,20181112,4,68,2,1,1,1.55593264634448,0.679519525861921,0.750918060379091,0.756476353588661
mle01,pre,20181112,4,69,2,1,1,4.79965111352423,0.885305109456294,0.596825992346057,0.801714306769908
mle01,pre,20181112,4,70,1,1,1,3.33870619398634,0.648645744720127,0.741726823575745,0.740898032905456
mle01,pre,20181112,4,71,2,1,1,9.75916698169075,0.279945236237507,0.662006924483926,0.57388377689672
mle01,pre,20181112,4,72,1,1,1,0.777128195963346,0.661318166849694,0.656906422813611,0.680975876141661
mle01,pre,20181112,4,73,1,1,1,3.07368674229046,0.693328568615575,0.649243272227527,0.778484942745758
mle01,pre,20181112,4,74,1,1,1,3.94398599790937,0.720247680419018,0.348200616113951,0.462780206539034
mle01,pre,20181112,4,75,1,1,1,0.751253498393917,0.291420569766532,0.656081192608746,0.548011818444085
mle01,pre,20181112,4,76,1,1,1,1.6516611625776,0.897790404699506,0.720267087840398,0.832000957460719
mle01,pre,20181112,4,77,1,1,1,0.790795167746534,0.801944743763479,0.887759491735695,1.01178114941318
mle01,pre,20181112,4,78,1,1,1,4.13689076882199,0.854741341634152,1.19230743933564,1.34512292880842
mle01,pre,20181112,4,79,1,1,1,0.403350125341832,0.418485882021331,0.886242212904476,0.541537773022783
mle01,pre,20181112,4,80,2,1,1,7.58530555172468,2.77367904930602,0.97535469896349,1.05865339028835
mle01,pre,20181112,4,81,2,1,1,2.05521056224096,0.19737645387087,0.705633884041176,0.712778061842997
mle01,pre,20181112,4,82,1,1,1,8.44479149583229,0.407736648892398,0.546325293990793,0.662275021597403
mle01,pre,20181112,4,83,1,1,1,1.98686613089703,0.262338308626525,0.472378876908844,0.460225879788155
mle01,pre,20181112,4,84,2,1,1,5.46914711507024,1.31894590216924,0.905495409375345,0.826696608463012
mle01,pre,20181112,4,85,1,1,1,1.37871006142914,0.800729780062118,0.664635167196611,0.617570558568809
mle01,pre,20181112,4,86,1,1,1,8.20264940613252,0.781592808049559,0.462271573678937,0.475769042147451
mle01,pre,20181112,4,87,2,1,1,7.72667371974185,1.02808712721482,0.844840125634482,0.502039362573321
mle01,pre,20181112,4,88,2,1,1,1.47007416956141,0.629203719460367,0.727511872044636,0.703548224174768
mle01,pre,20181112,4,89,2,1,1,0.504934707893625,0.289732599131764,0.584061090545053,0.582153434939682
mle01,pre,20181112,4,90,2,1,1,5.66335208844266,0.326555370554806,0.66327641332301,0.432956889637481
mle01,pre,20181112,4,91,1,1,1,0.806818902607583,1.19553257890899,0.615632080563349,0.609189556481503
mle01,pre,20181112,4,92,2,1,1,3.80396558446663,1.31299192945423,0.955490445385401,0.704711544715246
mle01,pre,20181112,4,93,1,1,1,4.7558470771663,0.353307234820583,0.53274030248172,0.72127613634275
mle01,pre,20181112,4,94,2,1,1,1.40160321110194,0.799463859179721,0.691064862585482,0.714777078024136
mle01,pre,20181112,4,95,1,1,1,1.81525164112537,1.73751092661521,0.909045431513737,0.887927250310112
mle01,pre,20181112,4,96,1,1,1,7.23459711018038,0.560440386029111,0.775471107830786,1.03859796029907
mle01,pre,20181112,4,97,1,1,1,1.40484154637379,0.414063700228561,0.510823578254907,0.396012615832733
mle01,pre,20181112,4,98,1,1,1,7.24878768069171,0.417035665491835,0.880949928952739,0.941976864165244
mle01,pre,20181112,4,99,1,1,1,2.11012779974209,0.382505406053512,0.791972969267768,0.546856045908531
mle01,pre,20181112,4,100,NaN,0,0,NaN,NaN,NaN,NaN
mle01,pre,20181112,5,1,1,1,1,3.09983263092109,0.332266077974984,0.791794995786221,0.587730676503354
mle01,pre,20181112,5,2,1,1,1,4.41574815275913,0.698698907161534,0.789171574992412,0.768626366495659
mle01,pre,20181112,5,3,2,1,1,0.842297908589638,0.319513754730107,0.390927619959306,0.355008586698204
mle01,pre,20181112,5,4,1,1,1,0.739143253432419,0.616673338474364,0.366503160022711,0.353304219325603
mle01,pre,20181112,5,5,1,1,1,2.42499053344733,1.03009893397944,0.859688388786976,0.787080475773094
mle01,pre,20181112,5,6,1,1,1,1.08731636094862,0.5025453669314,0.45097901716524,0.51273930128173
mle01,pre,20181112,5,7,1,1,1,11.2533197070143,1.03644701602017,0.713182347584771,0.866325299174194
mle01,pre,20181112,5,8,1,1,1,3.77140481131834,1.30626790959305,0.948476419079822,0.949824889469904
mle01,pre,20181112,5,9,1,1,1,3.06093679400712,0.834471911185932,1.29071234290648,0.794852962906969
mle01,pre,20181112,5,10,1,1,1,1.9836180815372,1.18776465065343,0.962343026970624,0.488990871115778
mle01,pre,20181112,5,11,2,1,1,0.98468586351324,0.534915198576062,0.777398498422449,0.610098656115512
mle01,pre,20181112,5,12,1,1,1,6.94813075969258,0.768684124696207,0.629342234507857,0.70279448665701
mle01,pre,20181112,5,13,1,1,1,3.62261390961408,0.247010428215386,0.473236777907868,0.370583299148217
mle01,pre,20181112,5,14,2,1,1,0.537884707070438,0.70536684881497,0.511316943647774,0.501893264343351
mle01,pre,20181112,5,15,1,1,1,1.41718866138089,0.618441743129897,0.735421260312707,0.773543444877099
mle01,pre,20181112,5,16,2,1,1,2.49409741863963,0.574008848579349,0.621140508185842,0.535794310421475
mle01,pre,20181112,5,17,1,1,1,3.13563986505279,0.708412958706545,0.64596894609556,0.770036255098325
mle01,pre,20181112,5,18,1,1,1,2.73693268441422,0.700252730521505,0.770978635473207,0.71211529867589
mle01,pre,20181112,5,19,1,1,1,4.62146143006936,0.337938442680891,0.212398040186859,0.325215179049059
mle01,pre,20181112,5,20,2,1,1,1.76268450089743,0.662681621352053,0.548878755765528,0.643105016348676
mle01,pre,20181112,5,21,1,1,1,1.97981541894827,1.25883699614701,0.806881771502926,0.869170725415233
mle01,pre,20181112,5,22,1,1,1,2.00882421008716,1.12697946464978,0.936425539831262,0.964224453887782
mle01,pre,20181112,5,23,1,1,1,2.37603325417297,1.19782879538234,0.882186381775836,0.883178645883565
mle01,pre,20181112,5,24,1,1,1,4.83801377037343,0.728882737597053,0.769286827413662,0.575254997456465
mle01,pre,20181112,5,25,1,1,1,1.82224640827769,0.487369013379539,1.0665363667743,1.10505220073453
mle01,pre,20181112,5,26,1,1,1,4.7309471503045,0.850909914978365,0.554010170772571,0.605978516559137
mle01,pre,20181112,5,27,1,1,1,7.38021865599235,0.627649352210535,0.800910717394869,0.630258135875138
mle01,pre,20181112,5,28,2,1,1,7.18102659444452,0.581383718389372,0.702717208389894,0.529518307414087
mle01,pre,20181112,5,29,1,1,1,7.11115646597742,0.420380283390691,0.531175621220339,0.617177550235089
mle01,pre,20181112,5,30,2,1,1,2.2820599486088,0.493170330034831,0.617812323538708,0.47172805870592
mle01,pre,20181112,5,31,1,1,1,2.30878844996684,0.781234936786023,0.694467001696709,0.853423119467771
mle01,pre,20181112,5,32,1,1,1,4.10303582321158,0.840898460901339,1.03012184998738,0.866642598018557
mle01,pre,20181112,5,33,1,1,1,1.18319096547919,0.230955908205235,0.614579068591609,0.536211256231926
mle01,pre,20181112,5,34,1,1,1,0.786672384562885,0.925859772742051,0.641237862407125,0.646796680845288
mle01,pre,20181112,5,35,2,1,1,0.85817490602766,0.526748072777034,0.541839027095346,0.53929513108929
mle01,pre,20181112,5,36,2,1,1,0.632197846989738,0.865488914065509,0.581765408934518,0.898134176916901
mle01,pre,20181112,5,37,1,1,1,2.51825809124204,0.221210203454198,0.799079792406077,0.6221231247493
mle01,pre,20181112,5,38,2,1,1,1.02999189251263,0.570578200285172,0.451085041136455,0.451431244866239
mle01,pre,20181112,5,39,2,1,1,6.47482906503276,0.852508980685796,0.778248752855988,0.855075532673927
mle01,pre,20181112,5,40,2,1,1,0.356581578148926,0.266217890531874,0.501182258722114,0.496122690418812
mle01,pre,20181112,5,41,1,1,1,10.1502486713152,1.22307649800195,0.905666040277135,0.590226662340173
mle01,pre,20181112,5,42,2,1,1,13.0106515572406,0.276970043429008,0.404373068768405,0.4609977573854
mle01,pre,20181112,5,43,1,1,1,1.32240638550676,0.110584370344368,0.444802278336548,0.607962096416851
mle01,pre,20181112,5,44,2,1,1,7.32785258431815,1.08211320681396,0.818626841252796,0.801180930351643
mle01,pre,20181112,5,45,1,1,1,0.783130860956191,0.419400895649458,0.526489666030111,0.702483513677929
mle01,pre,20181112,5,46,1,1,1,1.01785998716248,0.650824343171335,0.554866220294131,0.564186415782377
mle01,pre,20181112,5,47,2,1,1,6.51951496432838,0.348582660988111,0.367386427765945,0.469884138787978
mle01,pre,20181112,5,48,1,1,1,1.53160971763048,0.426749182944349,0.508877479861408,0.563341441223436
mle01,pre,20181112,5,49,2,1,1,2.56824013271345,0.13817176549704,1.13864344810638,0.480060705644256
mle01,pre,20181112,5,50,1,1,1,3.69297944139648,0.27051511325662,0.870758073212252,0.572775755629399
mle01,pre,20181112,5,51,1,1,1,0.886330779840345,0.809378894555832,0.769621755123485,0.55627892712026
mle01,pre,20181112,5,52,2,1,1,12.0614003573356,0.98711997864091,1.02283327916209,1.14345365369886
mle01,pre,20181112,5,53,1,1,1,4.50197272298985,0.759454591731784,1.02472330542487,0.737097138625616
mle01,pre,20181112,5,54,2,1,1,3.13524757918083,0.307660081562443,0.702439257180842,0.776264428877312
mle01,pre,20181112,5,55,1,1,1,2.72232168812222,0.915888029963088,0.979947554263492,0.765036761943856
mle01,pre,20181112,5,56,1,1,1,9.52660440703425,0.27848735535448,0.819744142228828,0.707196162137771
mle01,pre,20181112,5,57,1,1,1,2.12073548464989,0.568170251832916,0.739473810174369,0.55736720276821
mle01,pre,20181112,5,58,1,1,1,0.916962422066415,0.916844491401442,0.77952478338567,0.724610285549855
mle01,pre,20181112,5,59,1,1,1,6.19996685675374,1.25627137562003,0.833086847075795,0.708842548669773
mle01,pre,20181112,5,60,1,1,1,3.78910451386681,0.610168202970154,0.390887098184602,0.562643390508192
mle01,pre,20181112,5,61,2,1,1,7.88800486157782,0.154348720116576,0.717870003724331,0.496427384136425
mle01,pre,20181112,5,62,2,1,1,1.33294560686613,0.727572486852939,0.649795645440507,0.736377754250565
mle01,pre,20181112,5,63,1,1,1,2.71793951087393,0.658233414164467,0.829500125545187,0.963151904414475
mle01,pre,20181112,5,64,1,1,1,1.13004870401106,0.850799278774438,0.690793430708695,0.684681782693524
mle01,pre,20181112,5,65,1,1,1,7.34317104177463,0.630608378376673,1.03231666098974,0.841594995078864
mle01,pre,20181112,5,66,2,1,1,2.55275622611761,1.27396085058352,0.845440409758055,0.91253614809049
mle01,pre,20181112,5,67,1,1,1,6.00060957810321,0.657960590090154,0.575769286908453,0.657286952173662
mle01,pre,20181112,5,68,2,1,1,3.3653701288304,0.470797627849617,0.781382819844489,0.84778448749529
mle01,pre,20181112,5,69,2,1,1,1.25433418181843,1.63855295699835,1.0044318891958,1.41002758155529
mle01,pre,20181112,5,70,1,1,1,15.3949231062561,0.913261895775404,1.07138264868392,1.03399079744198
mle01,pre,20181112,5,71,2,1,1,15.0500956836945,0.487756183964098,0.977368723156059,0.752037071416117
mle01,pre,20181112,5,72,2,1,1,16.2557217546869,1.06481426008087,0.89762826204317,0.695039790079166
mle01,pre,20181112,5,73,1,1,1,4.63148125595074,0.583194417225283,0.59835846635985,1.04191896272478
mle01,pre,20181112,5,74,1,1,1,1.72824613544314,0.136661640848834,0.738804266722379,0.886541053993968
mle01,pre,20181112,5,75,2,1,1,1.60833263362182,0.949018017054487,0.613397981388576,0.601037251265662
mle01,pre,20181112,5,76,1,1,1,7.0563371912316,0.682408861271667,0.584915517835533,0.653692688432689
mle01,pre,20181112,5,77,1,1,1,6.21155083566431,0.166401454578163,0.60497194284001,0.83236448516235
mle01,pre,20181112,5,78,2,1,1,3.66505222631121,0.821588128672287,0.598107463669229,0.673678609397612
mle01,pre,20181112,5,79,2,1,1,5.71422454213792,0.783999551734761,0.67043699278458,0.998762173961432
mle01,pre,20181112,5,80,1,1,1,1.72570701016116,0.509089211397273,0.863540899554746,0.456826984068906
mle01,pre,20181112,5,81,1,1,1,3.13914540926254,1.13804046399805,0.575633316468765,0.575053982060071
mle01,pre,20181112,5,82,1,1,1,2.71157587027864,0.636687225000105,0.773414196166753,0.901411769109349
mle01,pre,20181112,5,83,2,1,1,1.52175407661431,0.716071244462979,1.05969369229766,0.630819603695126
mle01,pre,20181112,5,84,1,1,1,1.26191168821891,1.04815078092467,0.799117152714737,0.823312914920062
mle01,pre,20181112,5,85,1,1,1,3.06732293636272,0.40981238086173,0.577051590260207,0.684940678160987
mle01,pre,20181112,5,86,1,1,1,6.04991464818242,1.73806192664876,0.705185165421725,0.879708805886108
mle01,pre,20181112,5,87,1,1,1,1.71463644750484,0.461779335487718,0.674492536926859,0.594010630420287
mle01,pre,20181112,5,88,2,1,1,8.00919524071317,0.730754157720526,0.404238481921048,0.416286633701459
mle01,pre,20181112,5,89,1,1,1,2.37406560082482,1.2184031522784,0.731277338594859,0.896079290320157
mle01,pre,20181112,5,90,1,1,1,2.77287425042494,0.760704018373736,0.872891805109466,0.762800268882896
mle01,pre,20181112,5,91,2,1,1,3.02848102292866,0.933327258930571,0.687272727814108,0.775714337072403
mle01,pre,20181112,5,92,1,1,1,2.98410710626278,0.349206464560791,0.678595533763414,0.580256762412633
mle01,pre,20181112,5,93,1,1,1,6.50231079741727,1.05155191168258,1.17335596367292,1.1900479940164
mle01,pre,20181112,5,94,1,1,1,9.49050979024651,0.243631273247212,0.41185761378776,0.41416633344859
mle01,pre,20181112,5,95,2,1,1,1.71376698202665,0.420749534329495,0.80362653296746,0.566619194926346
mle01,pre,20181112,5,96,2,1,1,4.63730261342996,0.543602483641448,0.77421205874741,0.644122454141449
mle01,pre,20181112,5,97,2,1,1,1.83476966068554,0.629375714675902,1.18913713784717,1.68954653562543
mle01,pre,20181112,5,98,1,1,1,1.86579689792465,0.972889337292095,1.09719111273046,0.902318483859809
mle01,pre,20181112,5,99,1,1,1,1.60402705477654,0.536296595049574,0.877776787849158,0.876715663189763
mle01,pre,20181112,5,100,NaN,0,0,NaN,NaN,NaN,NaN
mle01,post,20181112,1,1,1,1,1,1.36859132882156,0.333326117312718,0.723889852384729,0.625433825359125
mle01,post,20181112,1,2,1,1,1,0.12937946699119,0.250279609294994,0.274485880258157,0.281755747043894
mle01,post,20181112,1,3,1,1,1,2.31153966144182,1.77210528258898,1.14919336659982,1.16841902656201
mle01,post,20181112,1,4,1,1,1,1.39121910804788,0.243297669919556,0.515267702349386,0.493457803048533
mle01,post,20181112,1,5,2,1,1,10.8202664094414,0.176520491043726,0.502454158823651,0.323017804476614
mle01,post,20181112,1,6,1,1,1,1.23259629670345,0.080772356578791,0.301378225160906,0.40679414453169
mle01,post,20181112,1,7,2,1,1,3.38162266897301,0.544453858855965,0.423134738229659,0.463613774021473
mle01,post,20181112,1,8,1,1,1,8.41028537071498,0.236110259854678,0.387055066045722,0.314751694517125
mle01,post,20181112,1,9,2,1,1,0.626435527811491,0.419974387408155,0.400490394815875,0.333102745570153
mle01,post,20181112,1,10,1,1,1,2.43070130967076,0.315434419637143,0.648477585414118,0.568450645025694
mle01,post,20181112,1,11,2,1,1,1.32332804046312,0.293256560819314,0.482815017019159,0.556672968138783
mle01,post,20181112,1,12,1,1,1,0.772944002052475,0.351971391186302,0.376335392293261,0.376915958560501
mle01,post,20181112,1,13,1,1,1,2.00611608109745,0.355178862296132,0.295053925571639,0.289134073588475
mle01,post,20181112,1,14,2,1,1,4.30456466021896,0.645466195457719,0.611912849983245,0.645185927207289
mle01,post,20181112,1,15,2,1,1,8.68388387711033,0.157066418162878,0.921799504452791,0.676148836771787
mle01,post,20181112,1,16,1,1,1,2.00578744036113,1.13086054909181,0.774119709801682,0.881533280976355
mle01,post,20181112,1,17,2,1,1,0.982326689027439,0.395400493061152,0.458434111196486,0.460531921735805
mle01,post,20181112,1,18,1,1,1,1.47520433433782,0.317595521859732,0.343697154385892,0.400090832353257
mle01,post,20181112,1,19,1,1,1,1.09077070914992,0.39456656895018,0.480649884734369,0.485147205327816
mle01,post,20181112,1,20,1,1,1,5.74892388874215,0.427326845469372,0.328232520070393,0.345008789822077
mle01,post,20181112,1,21,1,0,0,NaN,NaN,NaN,NaN
mle01,post,20181112,1,22,1,1,1,2.23895519700858,1.44720554702373,0.463798782073388,0.558052898725444
mle01,post,20181112,1,23,2,1,1,8.22939293533447,1.23214398279896,0.656537138710133,0.98366456173389
mle01,post,20181112,1,24,2,1,1,5.80055010747964,0.314098021345941,1.01183268426955,0.432439823888683
mle01,post,20181112,1,25,1,1,1,2.5105727220634,0.455697345793483,0.522025752267016,0.512726849658152
mle01,post,20181112,1,26,1,1,1,7.45886737933839,0.50001044280633,0.508760219193092,0.462637947338876
mle01,post,20181112,1,27,1,1,1,0.690760593964438,0.306712908348379,0.802511239229838,0.760991073845568
mle01,post,20181112,1,28,1,1,1,4.31246946845193,0.396201893109868,1.36427184032768,0.410549479608285
mle01,post,20181112,1,29,1,1,1,6.76711245577233,0.52412818806053,0.895562623804357,0.562992399462171
mle01,post,20181112,1,30,2,1,1,0.304264645209374,0.358644459282377,0.336697769088779,0.395566676663261
mle01,post,20181112,1,31,1,1,1,8.57693994436941,1.64273955163073,0.528764552375122,0.776288663656092
mle01,post,20181112,1,32,1,1,1,3.31242966775723,0.595068402295063,0.762803602857154,0.396838948182376
mle01,post,20181112,1,33,2,1,1,1.17537285730158,0.432881298619688,0.335542260362874,0.48923275225181
mle01,post,20181112,1,34,1,1,1,5.89824046625178,0.874558153940719,0.793820958257747,0.523189685826303
mle01,post,20181112,1,35,1,1,1,0.707797265199922,1.36208472483475,0.836401193092738,0.783688423616323
mle01,post,20181112,1,36,1,1,1,6.05122582255705,0.167192069051891,0.55137762825893,0.423562125794854
mle01,post,20181112,1,37,2,1,1,5.90192579557972,2.51538847578942,0.754698401633407,1.17230451002663
mle01,post,20181112,1,38,1,1,1,3.83262791934195,0.610578558253642,0.382738304864255,0.411129576913494
mle01,post,20181112,1,39,2,1,1,1.1274043213566,0.225071691496831,0.530685582560823,0.575868446581361
mle01,post,20181112,1,40,1,1,1,6.97884469776802,0.374725441541392,0.43796103298462,0.386726354570149
mle01,post,20181112,1,41,1,1,1,1.06698591527889,0.147642817749754,0.27176666291816,0.60967664709223
mle01,post,20181112,1,42,1,1,1,0.5373614631721,0.492843834678285,0.476725534201383,0.509294280928354
mle01,post,20181112,1,43,2,1,1,1.2844700646845,1.01913192584223,0.374390262268878,0.477729098434515
mle01,post,20181112,1,44,1,1,1,1.47066160542531,0.793535245681342,0.616247537560354,0.626518809673482
mle01,post,20181112,1,45,1,1,1,1.17757506341889,0.615389134147455,0.645668362222062,0.469451454997549
mle01,post,20181112,1,46,1,1,1,2.86630828976213,0.570674459024874,0.707137024033631,0.602424223426797
mle01,post,20181112,1,47,2,1,1,2.44091690105373,0.529693500516185,0.943225176192239,1.07074904133224
mle01,post,20181112,1,48,1,1,1,0.843158181997874,0.83048841907442,0.637076641144871,0.439552811536556
mle01,post,20181112,1,49,1,1,1,1.28952984018772,0.923545708970398,0.725811763052807,0.686296240269859
mle01,post,20181112,1,50,2,1,1,0.999278503978027,0.181234128122655,0.59853540652769,0.311560166683295
mle01,post,20181112,1,51,1,1,1,1.7312246056727,0.453284719215585,0.324862679835585,0.461822776432359
mle01,post,20181112,1,52,2,1,1,0.464919937638403,1.22930553419076,0.629072354857359,0.62583805056994
mle01,post,20181112,1,53,1,1,1,6.99296708413354,0.61253152887685,0.84542761428319,0.460741767404501
mle01,post,20181112,1,54,2,1,1,0.54941101214923,0.670736839658929,0.588168607341921,0.576010705545716
mle01,post,20181112,1,55,1,1,1,0.995650111252792,0.795561357659246,0.567150816988294,0.569611652081135
mle01,post,20181112,1,56,2,1,1,0.525308241683171,0.525591108128179,0.570943945426107,0.560460233875464
mle01,post,20181112,1,57,1,1,1,0.673368834907544,1.66196219253101,0.56980369735809,0.61455162393383
mle01,post,20181112,1,58,1,1,1,1.05009387735521,0.571395898839124,0.449531090559421,0.441245958492522
mle01,post,20181112,1,59,1,1,1,0.979512686732477,1.00563385794565,0.634149721830533,0.615359203148611
mle01,post,20181112,1,60,1,1,1,2.39838933758525,0.448145323700036,0.443900070596006,0.450426526409727
mle01,post,20181112,1,61,2,1,1,1.92430394600723,0.291923996844409,0.488058565875526,0.427908868560587
mle01,post,20181112,1,62,2,1,1,0.885765815431347,0.704068386128384,0.696198684533491,0.800092594341938
mle01,post,20181112,1,63,2,1,1,0.681476743464639,0.176987496260312,0.529700938570595,0.529536182131669
mle01,post,20181112,1,64,2,1,1,1.61140084409833,0.603397814341007,0.587128873357327,0.640831734932293
mle01,post,20181112,1,65,2,1,1,0.900818745971868,0.62350126772652,0.28121219251822,0.339427817143738
mle01,post,20181112,1,66,1,1,1,6.76117438227437,0.292050839239863,0.370317118559039,0.347508947998845
mle01,post,20181112,1,67,1,1,1,0.871352578699905,0.516921908326964,0.568831323483888,0.571355121586536
mle01,post,20181112,1,68,1,1,1,1.63805195927812,0.277592349075983,0.599788316805091,0.750096067314617
mle01,post,20181112,1,69,1,1,1,2.45636639512114,0.385428419919051,0.865997841018215,0.660470214425275
mle01,post,20181112,1,70,1,1,1,2.27278097282937,0.17751034485902,0.391343691703937,0.378214052172309
mle01,post,20181112,1,71,2,1,1,0.611901286297501,0.25858518221974,0.559258335816806,0.540242635543869
mle01,post,20181112,1,72,2,1,1,1.28310500385747,0.537469518606105,0.514659722210648,0.497417653119022
mle01,post,20181112,1,73,1,1,1,4.93595508683211,0.650723376677597,0.488681760344321,0.48149608941762
mle01,post,20181112,1,74,1,1,1,3.18965864397427,0.431678211670409,0.581177460911198,0.583200997762476
mle01,post,20181112,1,75,2,1,1,1.93758954956853,0.93042988196342,0.515338074585607,0.591859903336102
mle01,post,20181112,1,76,1,1,1,5.18011027026457,0.352505987795347,0.421890396522936,0.433017865678281
mle01,post,20181112,1,77,2,1,1,0.869198512598853,0.141318587796404,0.603821593551239,0.439005453850767
mle01,post,20181112,1,78,1,1,1,6.07159136989824,0.156632187569333,0.535190769283434,0.436396305129629
mle01,post,20181112,1,79,1,1,1,1.36933171284524,0.945081078451804,0.722381746772427,0.806472302904478
mle01,post,20181112,1,80,1,1,1,10.4048216476982,0.449718998501343,0.515635760999635,0.61281785804705
mle01,post,20181112,1,81,1,1,1,9.50113861586793,0.236332012329572,0.916424102989287,0.369352855122013
mle01,post,20181112,1,82,2,1,1,1.23544251569782,0.38237645569823,0.41311562951805,0.348364469446213
mle01,post,20181112,1,83,1,1,1,0.225000893659942,0.174912313491564,0.387021976583176,0.338618509971193
mle01,post,20181112,1,84,1,1,1,3.07863503030146,0.298761225324051,0.344530485031099,0.308551066593563
mle01,post,20181112,1,85,2,1,1,3.97084301262413,0.465815225348891,0.592862096018117,0.590763634820044
mle01,post,20181112,1,86,2,1,1,0.336071402578654,0.641450439241094,0.573327372687234,0.55128284005955
mle01,post,20181112,1,87,1,1,1,3.36655465421136,0.585522391497596,0.358695473850598,0.634217445150181
mle01,post,20181112,1,88,1,1,1,3.35640166949069,0.770097178971561,0.479469359599485,0.589041483871232
mle01,post,20181112,1,89,2,1,1,2.179190775485,0.903271016860915,0.499330396170674,0.521527196959347
mle01,post,20181112,1,90,1,1,1,3.37377843193152,0.618279963523462,0.493837466715865,0.306328344246357
mle01,post,20181112,1,91,1,1,1,1.1303055036595,0.555865738485696,0.668680891503746,0.522608668459867
mle01,post,20181112,1,92,2,1,1,0.770816273216061,0.906438237444614,0.432087511654168,0.43700031338879
mle01,post,20181112,1,93,1,1,1,15.073649008118,2.1045362452309,1.11711725756904,1.57778328651755
mle01,post,20181112,1,94,1,1,1,3.11524913830839,0.425415062775947,0.791223900805941,0.987972129345686
mle01,post,20181112,1,95,2,1,1,3.27640604389154,0.592906738060242,0.777487637922141,0.982420884128196
mle01,post,20181112,1,96,1,1,1,4.77730362019331,0.427954063949411,0.382644416254498,0.450276874048771
mle01,post,20181112,1,97,1,1,1,4.60499218990344,0.60778016569731,0.559424620351882,0.47609742097094
mle01,post,20181112,1,98,1,1,1,0.361112665966272,1.02227001941934,0.49367603884322,0.544523896107188
mle01,post,20181112,1,99,1,1,1,3.56417837954846,0.475014260895629,0.635063990356195,0.594502722552481
mle01,post,20181112,1,100,NaN,0,0,NaN,NaN,NaN,NaN
mle01,post,20181112,2,1,1,1,1,5.94933644878346,0.286697590707954,0.457107435767821,0.425596005164093
mle01,post,20181112,2,2,1,1,1,3.35513109831272,0.361183336739421,0.510757067314805,0.343756711157191
mle01,post,20181112,2,3,1,1,1,3.19296790402,1.09518745840846,0.73930808489605,0.520514995887848
mle01,post,20181112,2,4,2,1,1,0.938427641775693,0.432886783511357,0.479898919199186,0.476034360902048
mle01,post,20181112,2,5,2,1,1,1.22042821501037,1.37977953480297,0.659644304138218,0.866973097121311
mle01,post,20181112,2,6,1,1,1,4.91223415022622,1.32801520240839,1.18555274648809,0.776105584290457
mle01,post,20181112,2,7,2,1,1,3.49282689852098,0.319426503633218,0.313933466426683,0.319599389712172
mle01,post,20181112,2,8,1,1,1,15.6791076227257,0.322552063266087,0.433784200693161,0.477021041999183
mle01,post,20181112,2,9,2,1,1,0.526433860267767,0.672463387863142,0.298485433743679,0.305659462080128
mle01,post,20181112,2,10,2,1,1,1.2398710630944,1.72182615318459,0.803082879677134,0.817096837262214
mle01,post,20181112,2,11,2,1,1,1.34312967310645,0.12090203403755,0.285715556920905,0.245227020771901
mle01,post,20181112,2,12,2,1,1,4.67029616687781,2.23456043869097,0.994507806697642,1.11153136805314
mle01,post,20181112,2,13,1,1,1,1.72244491539111,0.535611734408883,0.646621558728807,0.629591728790704
mle01,post,20181112,2,14,1,1,1,5.20906687242453,0.944901344291741,0.8215447139774,0.864610099889304
mle01,post,20181112,2,15,1,1,1,8.81028987993531,0.167325349688679,0.547808368658909,0.584633343471451
mle01,post,20181112,2,16,1,1,1,0.67829051836702,0.905285312784676,0.551486957311831,0.598829587713849
mle01,post,20181112,2,17,1,1,1,1.61467906627347,0.566800550875241,0.345912831468993,0.286997188832405
mle01,post,20181112,2,18,1,1,1,1.28374735057896,0.446670692910191,0.385748998744395,0.655222962635064
mle01,post,20181112,2,19,2,1,1,0.568071455859253,0.238619497188202,0.511087739059215,0.667549547146299
mle01,post,20181112,2,20,1,1,1,1.2482898062154,0.211630786801233,0.519736630277637,0.520261543305557
mle01,post,20181112,2,21,1,1,1,1.74577434092672,0.369486351731634,0.280265196791117,0.332200863677453
mle01,post,20181112,2,22,2,1,1,1.76481562261897,0.546999764862598,0.776507694363504,0.766686155353783
mle01,post,20181112,2,23,2,1,1,3.80314661172404,0.89811801513483,0.834837580343808,0.855414341260321
mle01,post,20181112,2,24,2,1,1,3.67546945448495,0.159304586699738,0.858028353336792,0.838165536436995
mle01,post,20181112,2,25,1,1,1,3.09365459677806,0.50124220618657,0.533235661390895,0.638134513928696
mle01,post,20181112,2,26,2,1,1,0.863774766930173,0.788674897147753,0.389196325748328,0.466617956298903
mle01,post,20181112,2,27,2,1,1,1.42045266242619,0.362646442004493,0.555137801241619,0.579630517708131
mle01,post,20181112,2,28,1,1,1,5.14518816114784,0.265979669984345,0.415716711722896,0.398867850442069
mle01,post,20181112,2,29,1,1,1,9.3452092603069,0.468130218911726,0.430739853501884,0.41860657053993
mle01,post,20181112,2,30,1,1,1,4.03396880222333,0.470892126924185,0.929087396389713,0.462618021929655
mle01,post,20181112,2,31,1,1,1,4.33043300717771,1.56983311527605,0.831602298751856,1.02603721136074
mle01,post,20181112,2,32,1,1,1,1.098708550199,0.505310021809331,0.459054891098509,0.463872869223236
mle01,post,20181112,2,33,1,1,1,0.645310929876796,0.516181064027259,0.563153522199072,0.604650734018025
mle01,post,20181112,2,34,2,1,1,0.438181502334526,1.96801671221218,1.26701996396508,1.24155664688967
mle01,post,20181112,2,35,2,1,1,6.07295239537689,0.678039445442668,0.672732303564283,0.601139118140178
mle01,post,20181112,2,36,2,1,1,10.432651399087,0.298045314010897,0.77614223473509,0.63086579249081
mle01,post,20181112,2,37,1,1,1,1.78701067903746,1.35220416407115,0.699020452426424,0.646343954390049
mle01,post,20181112,2,38,1,1,1,2.33977130748479,0.480585503948797,0.650910298399507,0.659067293735166
mle01,post,20181112,2,39,1,1,1,1.93764370063758,0.811402868239159,0.658181426776144,0.671692360906403
mle01,post,20181112,2,40,2,1,1,2.98429595415603,0.619182002429314,0.542201121378493,0.53629947651846
mle01,post,20181112,2,41,1,1,1,1.13894541717774,1.80923597542878,1.16468438402861,1.05906906262941
mle01,post,20181112,2,42,1,1,1,7.1703537834185,0.271286049160105,0.511464532578599,0.624068454610437
mle01,post,20181112,2,43,2,1,1,7.42269656334173,0.374058781937266,0.469406022831145,0.758990456473212
mle01,post,20181112,2,44,2,1,1,1.55971650637238,0.437628936572411,0.520421286513613,0.422913087182758
mle01,post,20181112,2,45,1,1,1,2.83825315059493,1.04920500370339,0.824374584778132,0.855609643985188
mle01,post,20181112,2,46,2,1,1,3.66740627912129,1.30265377357462,0.472455299292813,0.488498860189071
mle01,post,20181112,2,47,1,1,1,7.15324493614175,0.33977223012378,0.476799287710093,0.476872829558879
mle01,post,20181112,2,48,2,1,1,4.99977773353617,0.759049766655487,1.30646979702284,0.582454377008011
mle01,post,20181112,2,49,1,1,1,0.882189931376101,0.60241881851101,0.481138599321898,0.361438160265716
mle01,post,20181112,2,50,2,1,1,1.56330193319649,1.14337978109093,0.792809390743944,0.597738744829987
mle01,post,20181112,2,51,1,1,1,0.462061323228632,1.23347947155265,0.972513230559945,1.11558590344481
mle01,post,20181112,2,52,1,1,1,12.2151550798724,0.441900999720252,0.66637877937348,0.741987639625406
mle01,post,20181112,2,53,2,1,1,1.4237709127109,0.734122780236105,0.877534604958483,0.537086220312486
mle01,post,20181112,2,54,1,1,1,1.600784920618,0.206045128686569,0.441924817246771,0.462209292881165
mle01,post,20181112,2,55,1,1,1,1.70537887727941,0.650322330172505,0.664846281501915,0.701290388824731
mle01,post,20181112,2,56,2,1,1,15.3535361293285,0.465910711054467,0.731288000283618,0.457102799782514
mle01,post,20181112,2,57,1,1,1,3.97523379431845,0.798860897420809,1.51330409873464,0.966574717191748
mle01,post,20181112,2,58,2,1,1,4.4049127868934,0.995943201175423,0.909623068659126,0.520046837913762
mle01,post,20181112,2,59,2,1,1,0.930631253320199,0.296616334869078,0.291584101120256,0.309493929286706
mle01,post,20181112,2,60,1,1,1,4.14272827977904,0.288328081196293,0.612221162415302,0.290696888517546
mle01,post,20181112,2,61,2,1,1,0.510738717931708,0.170277183316805,0.215465542060424,0.225650345925329
mle01,post,20181112,2,62,1,1,1,4.52941722074063,0.330288375387992,0.506901950031927,0.507792262958634
mle01,post,20181112,2,63,1,1,1,0.892109895109471,0.645412618750588,0.627291773343375,0.626813895643819
mle01,post,20181112,2,64,1,1,1,1.05654664182436,1.49297451873459,0.76499659672643,0.753236507846524
mle01,post,20181112,2,65,1,1,1,1.34221723717784,0.341720005358249,0.421880467865792,0.412823337966622
mle01,post,20181112,2,66,2,1,1,4.1451959064445,0.711022984012195,0.440960192092554,0.30858218862665
mle01,post,20181112,2,67,1,1,1,1.04256398425656,1.22932709392057,0.740069976301404,0.750033103345515
mle01,post,20181112,2,68,2,1,1,0.753617675504489,0.493056018620496,0.372784799827879,0.373185433309648
mle01,post,20181112,2,69,1,1,1,0.651460065593029,0.619093930990818,0.532950515429724,0.528456410671659
mle01,post,20181112,2,70,1,1,1,13.962391885383,0.606150538973437,0.9979736922729,0.539751501606026
mle01,post,20181112,2,71,1,1,1,0.875286068108031,0.808278666645418,0.616555285549202,0.527244921503147
mle01,post,20181112,2,72,2,1,1,0.372111462745154,0.659930546944036,0.490040826769602,0.5040355372024
mle01,post,20181112,2,73,1,1,1,4.89837320529824,0.869579694683488,0.754128342456532,0.885397131290198
mle01,post,20181112,2,74,1,1,1,2.18660517498822,1.5331402732207,0.712196676445568,0.76372401707897
mle01,post,20181112,2,75,2,1,1,1.84377875899482,0.349362723471955,0.578936713855189,0.393800163849369
mle01,post,20181112,2,76,1,1,1,0.652664472560623,0.861776632614632,0.752839311881342,0.759957781064659
mle01,post,20181112,2,77,1,1,1,0.893303724785223,0.421771734164556,0.530839696720224,0.503805887045248
mle01,post,20181112,2,78,2,1,1,7.72078163736134,0.311593143118477,0.841205570583565,0.437885498724882
mle01,post,20181112,2,79,1,1,1,3.95808411466825,1.21788273181331,0.697728644500787,0.697607133140177
mle01,post,20181112,2,80,1,1,1,1.79961121957517,0.674715792931753,0.708637222908532,0.676726927370208
mle01,post,20181112,2,81,1,1,1,6.50524102195531,1.64181066540539,0.988614670973323,1.10748775032657
mle01,post,20181112,2,82,2,1,1,5.01640370578468,1.06569634482002,0.440388970977234,0.671745665090751
mle01,post,20181112,2,83,1,1,1,3.43016625511605,0.430753499845399,0.518019901310432,0.493202835399691
mle01,post,20181112,2,84,1,1,1,0.761580056882048,0.173328010015785,0.461913164616991,0.459544729153905
mle01,post,20181112,2,85,1,1,1,1.12497636005537,0.580497514394972,0.885294783902068,0.86171053726019
mle01,post,20181112,2,86,1,1,1,1.27234736175899,0.238091347993342,0.381724750628598,0.367816439591544
mle01,post,20181112,2,87,1,1,1,2.6836780731169,1.55777260883072,0.796775752165071,0.901770779103303
mle01,post,20181112,2,88,1,1,1,2.33266179099933,1.49984623833958,0.837386125996862,0.84476549900488
mle01,post,20181112,2,89,1,1,1,2.18558786220284,0.243106767898944,0.667235451828871,0.438580007010446
mle01,post,20181112,2,90,1,1,1,1.34414188850841,1.47397044554698,0.657449079949257,0.853945824739986
mle01,post,20181112,2,91,1,1,1,9.07635041205256,0.936816305784331,0.468230236882809,0.670111230967187
mle01,post,20181112,2,92,1,1,1,6.08829315895942,0.553633239904635,0.364307753240245,0.588301415819353
mle01,post,20181112,2,93,1,1,1,37.0460646074729,0.636320664726867,0.788940644396629,0.887336225362851
mle01,post,20181112,2,94,2,0,0,NaN,NaN,NaN,NaN
mle01,post,20181112,2,95,1,0,0,NaN,NaN,NaN,NaN
mle01,post,20181112,2,96,1,1,1,1.19448176456039,0.942699213806501,1.11054744056383,1.04431959129661
mle01,post,20181112,2,97,1,1,1,5.6632953335501,1.47975200562199,0.815941547147279,0.838593714020297
mle01,post,20181112,2,98,1,1,1,2.24140222265493,0.421392420998923,0.4809634060932,0.417446312210063
mle01,post,20181112,2,99,1,1,1,8.32065134351956,0.514738654800081,0.695036371515495,0.515488122134346
mle01,post,20181112,2,100,NaN,0,0,NaN,NaN,NaN,NaN
mle01,post,20181112,3,1,1,1,1,3.71753654740008,0.168936776834878,0.332468505086964,0.25456893082226
mle01,post,20181112,3,2,1,1,1,1.46753058995563,0.323038042122623,0.280101932954065,0.309411607131565
mle01,post,20181112,3,3,1,1,1,0.766307814043886,0.287896585927243,0.949228235173975,0.731730998434978
mle01,post,20181112,3,4,1,0,0,NaN,NaN,NaN,NaN
mle01,post,20181112,3,5,1,0,0,NaN,NaN,NaN,NaN
mle01,post,20181112,3,6,1,0,0,NaN,NaN,NaN,NaN
mle01,post,20181112,3,7,2,0,0,NaN,NaN,NaN,NaN
mle01,post,20181112,3,8,2,0,0,NaN,NaN,NaN,NaN
mle01,post,20181112,3,9,1,1,1,2.81184114058377,0.133531888962677,0.614879091252035,0.270230398503813
mle01,post,20181112,3,10,2,1,1,2.54851275530236,0.0610811488293326,0.204861955314359,0.364529887364815
mle01,post,20181112,3,11,2,0,0,NaN,NaN,NaN,NaN
mle01,post,20181112,3,12,1,0,0,NaN,NaN,NaN,NaN
mle01,post,20181112,3,13,1,0,0,NaN,NaN,NaN,NaN
mle01,post,20181112,3,14,1,1,1,9.58897233725347,1.75058424505609,0.921589532223816,0.889403823502575
mle01,post,20181112,3,15,1,1,1,0.7756496919855,0.404121903875342,0.373737646981477,0.394907340827379
mle01,post,20181112,3,16,1,1,1,2.19754951100966,0.842986822495799,0.967892822952467,1.11035743584968
mle01,post,20181112,3,17,1,1,1,3.76453391222042,2.04749081437205,0.781645933337161,0.923364960975362
mle01,post,20181112,3,18,2,1,1,0.98002652410235,0.146245669439262,0.539907174839843,0.375941732731162
mle01,post,20181112,3,19,1,1,1,3.03860817410534,0.664668742208372,0.382689671299937,0.537825718390243
mle01,post,20181112,3,20,1,1,1,6.68011948427605,0.795600327271965,0.588346862833621,0.393217228302941
mle01,post,20181112,3,21,2,0,0,NaN,NaN,NaN,NaN
mle01,post,20181112,3,22,2,0,0,NaN,NaN,NaN,NaN
mle01,post,20181112,3,23,1,1,1,4.07206894485743,0.295329367920178,0.391262858899455,0.503442330123523
mle01,post,20181112,3,24,1,1,1,0.804576794761496,0.405337507973999,0.393686723546822,0.423299278094355
mle01,post,20181112,3,25,2,0,0,NaN,NaN,NaN,NaN
mle01,post,20181112,3,26,1,0,0,NaN,NaN,NaN,NaN
mle01,post,20181112,3,27,2,1,1,1.60361019497724,0.53080430396887,0.586942861370875,0.935921394013255
mle01,post,20181112,3,28,1,1,1,14.529006358589,0.703161451227388,0.599785086125827,0.564813472179458
mle01,post,20181112,3,29,1,1,1,4.38789387486864,0.451940955486732,0.664504093706808,0.703681514867848
mle01,post,20181112,3,30,1,0,0,NaN,NaN,NaN,NaN
mle01,post,20181112,3,31,2,0,0,NaN,NaN,NaN,NaN
mle01,post,20181112,3,32,1,1,1,10.992372459395,0.444349427789797,0.412349771730161,0.549381289668752
mle01,post,20181112,3,33,2,0,0,NaN,NaN,NaN,NaN
mle01,post,20181112,3,34,1,0,0,NaN,NaN,NaN,NaN
mle01,post,20181112,3,35,2,1,1,10.1445382621938,0.908177940287891,0.410476324376107,0.717703575024386
mle01,post,20181112,3,36,1,1,1,1.23856241339715,0.394906889856893,0.29555364622839,0.279797069454644
mle01,post,20181112,3,37,1,1,1,0.562018815732464,0.49775598056751,0.389737502060634,0.399287886736362
mle01,post,20181112,3,38,1,1,1,7.15238630131711,0.574739595615693,0.538632932723481,0.885723882048324
mle01,post,20181112,3,39,1,1,1,1.28029394785304,0.608561288059095,0.61326222686451,0.525602572880322
mle01,post,20181112,3,40,1,1,1,7.97520743980859,0.356806051590744,0.737537927230493,0.580100797826512
mle01,post,20181112,3,41,1,1,1,0.489433981300301,0.970640919717836,0.374557206656446,0.583267271119469
mle01,post,20181112,3,42,1,1,1,3.54026912282974,0.90536856756434,0.539008365975496,0.678998691408356
mle01,post,20181112,3,43,1,1,1,0.910355121229807,0.331426897085647,0.393069935374994,0.391997518520221
mle01,post,20181112,3,44,1,1,1,1.57156925991609,0.209704167529301,0.825537386132245,0.787252062365083
mle01,post,20181112,3,45,1,1,1,1.88757320984612,0.600487662300979,0.616020312904527,0.655220340466941
mle01,post,20181112,3,46,1,1,1,1.16755486693189,0.665462584109211,0.835999489491127,0.818372736568476
mle01,post,20181112,3,47,1,1,1,1.43970606906617,0.360707826390048,0.68910048161738,0.382145306950161
mle01,post,20181112,3,48,2,1,1,7.63902684860587,0.504596183194945,0.481163834508211,0.501961640309869
mle01,post,20181112,3,49,1,1,1,1.00456709350731,0.396781505111886,0.81170783382972,0.743119650771714
mle01,post,20181112,3,50,1,1,1,5.66689278981184,0.675448253816216,0.754581330552581,0.754402158253237
mle01,post,20181112,3,51,1,1,1,1.33109002854638,0.466572518686814,0.471134477623713,0.423991730969861
mle01,post,20181112,3,52,2,1,1,1.39081880830453,0.677672104209182,0.404843347592119,0.394945166335956
mle01,post,20181112,3,53,2,1,1,1.48296213041823,0.612513893850426,0.373819056831549,0.403360471801197
mle01,post,20181112,3,54,2,1,1,5.9279296073502,1.42411457059324,0.656239514908511,0.854451476429182
mle01,post,20181112,3,55,1,0,0,NaN,NaN,NaN,NaN
mle01,post,20181112,3,56,2,0,0,NaN,NaN,NaN,NaN
mle01,post,20181112,3,57,1,1,1,12.3293604410769,0.381824476358349,0.588039950728873,0.739584547741937
mle01,post,20181112,3,58,1,0,0,NaN,NaN,NaN,NaN
mle01,post,20181112,3,59,1,0,0,NaN,NaN,NaN,NaN
mle01,post,20181112,3,60,2,0,0,NaN,NaN,NaN,NaN
mle01,post,20181112,3,61,1,0,0,NaN,NaN,NaN,NaN
mle01,post,20181112,3,62,1,0,0,NaN,NaN,NaN,NaN
mle01,post,20181112,3,63,2,0,0,NaN,NaN,NaN,NaN
mle01,post,20181112,3,64,1,0,0,NaN,NaN,NaN,NaN
mle01,post,20181112,3,65,2,0,0,NaN,NaN,NaN,NaN
mle01,post,20181112,3,66,1,1,1,6.37524924361151,0.293056588961951,0.518063881700496,0.372537608097402
mle01,post,20181112,3,67,2,1,1,1.049109589447,0.364466136118035,0.495925649806362,0.636117447370519
mle01,post,20181112,3,68,2,0,0,NaN,NaN,NaN,NaN
mle01,post,20181112,3,69,2,0,0,NaN,NaN,NaN,NaN
mle01,post,20181112,3,70,1,0,0,NaN,NaN,NaN,NaN
mle01,post,20181112,3,71,1,1,1,2.37040450624345,0.522593889462784,0.740596532899204,0.726910630217503
mle01,post,20181112,3,72,1,0,0,NaN,NaN,NaN,NaN
mle01,post,20181112,3,73,1,0,0,NaN,NaN,NaN,NaN
mle01,post,20181112,3,74,1,1,1,10.0350066622343,0.755482096849928,0.363191699884212,0.591617089224105
mle01,post,20181112,3,75,1,0,0,NaN,NaN,NaN,NaN
mle01,post,20181112,3,76,1,0,0,NaN,NaN,NaN,NaN
mle01,post,20181112,3,77,2,0,0,NaN,NaN,NaN,NaN
mle01,post,20181112,3,78,1,0,0,NaN,NaN,NaN,NaN
mle01,post,20181112,3,79,2,1,1,1.09840259564195,0.481250790034264,0.515497536100149,0.409928135225399
mle01,post,20181112,3,80,2,1,1,2.94221023815176,1.97411562631725,0.531682307952634,1.16953693893054
mle01,post,20181112,3,81,2,1,1,7.19707031460164,0.489874270498247,0.596088892237756,0.995588405742407
mle01,post,20181112,3,82,1,1,1,19.6036309823007,1.05891260379908,0.978732552150333,1.5634658595197
mle01,post,20181112,3,83,2,1,1,2.0324500003269,0.312559828497562,0.39886113637776,0.399656999405257
mle01,post,20181112,3,84,1,1,1,7.9449871691813,0.429830536593459,0.53764078728087,0.367495034998578
mle01,post,20181112,3,85,2,1,1,1.99562536523327,0.457579918064212,0.401683299072054,0.485796921098769
mle01,post,20181112,3,86,1,1,1,1.53919015943606,0.952487931661439,0.585825881556283,0.565940563414592
mle01,post,20181112,3,87,2,1,1,2.52834221465117,1.56048925883224,0.75750764878416,0.607781154395076
mle01,post,20181112,3,88,1,1,1,24.1675725809652,0.395371675253692,0.803540427302941,0.717210205459987
mle01,post,20181112,3,89,2,1,1,1.8310247990151,0.220117331470529,0.651654894642807,0.614799390683465
mle01,post,20181112,3,90,1,1,1,11.1976659752089,0.338037207388702,0.982492565808514,1.09794991101038
mle01,post,20181112,3,91,1,1,1,4.02622683307657,0.690659710998201,0.788037897205521,0.887242677169792
mle01,post,20181112,3,92,1,1,1,2.89104946445761,0.751388233596187,0.566723515574876,0.424261084953471
mle01,post,20181112,3,93,2,1,1,1.48652963604913,0.492880997374522,0.502357632408972,0.673276490618077
mle01,post,20181112,3,94,2,1,1,0.191063300380817,0.27716644649335,0.519031570817211,0.535006684322432
mle01,post,20181112,3,95,1,1,1,2.12123309135457,0.803830743354119,0.593600395353199,1.21531350543074
mle01,post,20181112,3,96,1,1,1,5.6064515494157,0.371950990148354,0.352316780392119,0.459986979199783
mle01,post,20181112,3,97,1,1,1,0.667332952997578,0.512651378537999,0.426362808029193,0.38278417738493
mle01,post,20181112,3,98,2,1,1,1.57781453079807,0.672250249965263,0.388385252612449,0.392114420454777
mle01,post,20181112,3,99,1,1,1,11.3577177761309,1.57131364612485,0.347339924989126,1.2882920641742
mle01,post,20181112,3,100,NaN,0,0,NaN,NaN,NaN,NaN
mle01,post,20181112,4,1,1,1,1,1.59657060830032,0.552062299224916,0.373669558426408,0.399522336606396
mle01,post,20181112,4,2,2,1,1,1.372700064433,0.800791492002322,0.965259904014655,1.08301711731333
mle01,post,20181112,4,3,2,1,1,2.23071064859916,1.68912033500974,0.697516158909525,0.787546827460415
mle01,post,20181112,4,4,2,1,1,0.411934678470091,0.485797448197506,0.639090438349124,0.629600576773015
mle01,post,20181112,4,5,1,1,1,4.49395448125889,0.434119151396792,0.306013076668159,0.437409412917984
mle01,post,20181112,4,6,2,0,0,NaN,NaN,NaN,NaN
mle01,post,20181112,4,7,1,0,0,NaN,NaN,NaN,NaN
mle01,post,20181112,4,8,2,0,0,NaN,NaN,NaN,NaN
mle01,post,20181112,4,9,1,1,1,2.09769119861971,0.481084759488826,0.446403880896351,0.446051776222506
mle01,post,20181112,4,10,2,1,1,8.67751566425317,0.451645872062202,0.597273006360821,0.534805109011864
mle01,post,20181112,4,11,1,1,1,2.68272261289491,0.433526384629445,0.353196089950241,0.459934104679435
mle01,post,20181112,4,12,1,1,1,2.82909994231038,0.298282225254326,0.2965840577557,0.324896788992724
mle01,post,20181112,4,13,2,0,0,NaN,NaN,NaN,NaN
mle01,post,20181112,4,14,2,1,1,13.6828739513516,2.29690220600515,0.784010650782819,1.6342969191852
mle01,post,20181112,4,15,1,0,0,NaN,NaN,NaN,NaN
mle01,post,20181112,4,16,1,0,0,NaN,NaN,NaN,NaN
mle01,post,20181112,4,17,2,1,1,11.7595495657168,0.783094536595739,0.445958231172642,0.510645015455573
mle01,post,20181112,4,18,1,1,1,10.1858992962789,1.12742224607702,0.706479862446978,1.0360688852898
mle01,post,20181112,4,19,2,0,0,NaN,NaN,NaN,NaN
mle01,post,20181112,4,20,1,1,1,3.25479075418142,0.296852367429194,0.390313036967788,0.405184414185448
mle01,post,20181112,4,21,1,0,0,NaN,NaN,NaN,NaN
mle01,post,20181112,4,22,NaN,0,0,NaN,NaN,NaN,NaN
mle01,post,20181112,4,23,1,0,0,NaN,NaN,NaN,NaN
mle01,post,20181112,4,24,2,0,0,NaN,NaN,NaN,NaN
mle01,post,20181112,4,25,1,1,1,1.26624519940927,0.288327654704347,0.279150391739923,0.392464618483316
mle01,post,20181112,4,26,1,1,1,2.84645198029632,0.976799843220752,0.580972974843659,0.600506452178088
mle01,post,20181112,4,27,2,1,1,2.47524616398428,0.708873128209461,0.528074673862281,0.533976054876352
mle01,post,20181112,4,28,1,1,1,11.1843083573042,0.534571728319712,0.560321336410808,0.583281814476289
mle01,post,20181112,4,29,1,0,0,NaN,NaN,NaN,NaN
mle01,post,20181112,4,30,1,0,0,NaN,NaN,NaN,NaN
mle01,post,20181112,4,31,1,1,1,35.8228987898426,2.67412640621339,0.689833949707892,2.56212885788147
mle01,post,20181112,4,32,1,1,1,9.88864101150362,0.52743087148251,0.454999110214537,0.677735133103579
mle01,post,20181112,4,33,2,0,0,NaN,NaN,NaN,NaN
mle01,post,20181112,4,34,1,1,1,18.9817880992419,0.26014412458459,0.91963680806189,2.22024156522996
mle01,post,20181112,4,35,2,1,1,7.02869228042397,0.404897609753334,0.338551628032482,0.446778182063109
mle01,post,20181112,4,36,2,1,1,0.49630817186789,0.425543230061922,0.404112484026155,0.397779086608783
mle01,post,20181112,4,37,2,1,1,1.31405524355504,0.341412978175933,0.539550932305846,0.502694091868647
mle01,post,20181112,4,38,1,0,0,NaN,NaN,NaN,NaN
mle01,post,20181112,4,39,2,0,0,NaN,NaN,NaN,NaN
mle01,post,20181112,4,40,1,1,1,8.06513218692754,1.0262565061241,0.619074204307875,0.872703895717326
mle01,post,20181112,4,41,1,1,1,2.6993576157201,0.336626496080262,0.980594974422489,0.333045472040105
mle01,post,20181112,4,42,1,1,1,1.29991664555728,0.876806241298874,0.567991577900855,0.5728682785537
mle01,post,20181112,4,43,1,0,0,NaN,NaN,NaN,NaN
mle01,post,20181112,4,44,1,0,0,NaN,NaN,NaN,NaN
mle01,post,20181112,4,45,1,1,1,6.57164754697415,0.346573069148879,1.32710479003666,1.94216582535801
mle01,post,20181112,4,46,2,0,0,NaN,NaN,NaN,NaN
mle01,post,20181112,4,47,1,0,0,NaN,NaN,NaN,NaN
mle01,post,20181112,4,48,1,0,0,NaN,NaN,NaN,NaN
mle01,post,20181112,4,49,1,0,0,NaN,NaN,NaN,NaN
mle01,post,20181112,4,50,1,0,0,NaN,NaN,NaN,NaN
mle01,post,20181112,4,51,1,0,0,NaN,NaN,NaN,NaN
mle01,post,20181112,4,52,1,0,0,NaN,NaN,NaN,NaN
mle01,post,20181112,4,53,2,0,0,NaN,NaN,NaN,NaN
mle01,post,20181112,4,54,1,0,0,NaN,NaN,NaN,NaN
mle01,post,20181112,4,55,2,1,1,0.806942945991646,0.419334122867827,0.345304708192022,0.344407919347269
mle01,post,20181112,4,56,2,1,1,6.87225474692266,0.654070651816752,0.462212405284442,0.475949533281703
mle01,post,20181112,4,57,1,1,1,0.758963227700511,0.514192317411109,0.699190025535203,0.657850842081797
mle01,post,20181112,4,58,1,0,0,NaN,NaN,NaN,NaN
mle01,post,20181112,4,59,1,0,0,NaN,NaN,NaN,NaN
mle01,post,20181112,4,60,1,1,1,1.94981535957057,0.51852659505896,0.666972699544155,0.540326072278974
mle01,post,20181112,4,61,1,1,1,5.25653022702881,1.14889674023103,0.708885230428551,0.617231820945796
mle01,post,20181112,4,62,2,0,0,NaN,NaN,NaN,NaN
mle01,post,20181112,4,63,1,1,1,12.3791654449462,0.83970666765998,0.58707974192496,0.662636011097524
mle01,post,20181112,4,64,2,0,0,NaN,NaN,NaN,NaN
mle01,post,20181112,4,65,1,1,1,20.8559159436568,3.05254987765575,1.8557107339244,2.05727449986309
mle01,post,20181112,4,66,1,0,0,NaN,NaN,NaN,NaN
mle01,post,20181112,4,67,1,0,0,NaN,NaN,NaN,NaN
mle01,post,20181112,4,68,1,1,1,3.22852133333555,1.40857905980877,0.746988938996294,1.52260195786432
mle01,post,20181112,4,69,2,0,0,NaN,NaN,NaN,NaN
mle01,post,20181112,4,70,1,0,0,NaN,NaN,NaN,NaN
mle01,post,20181112,4,71,1,1,1,19.6822352779339,0.689107586120588,0.525561814948671,1.01841780453728
mle01,post,20181112,4,72,2,0,0,NaN,NaN,NaN,NaN
mle01,post,20181112,4,73,1,1,1,10.0562652001639,0.925590550697986,1.68763641506314,0.865050186566137
mle01,post,20181112,4,74,1,0,0,NaN,NaN,NaN,NaN
mle01,post,20181112,4,75,2,0,0,NaN,NaN,NaN,NaN
mle01,post,20181112,4,76,1,0,0,NaN,NaN,NaN,NaN
mle01,post,20181112,4,77,1,0,0,NaN,NaN,NaN,NaN
mle01,post,20181112,4,78,1,0,0,NaN,NaN,NaN,NaN
mle01,post,20181112,4,79,1,1,1,7.27234074878313,0.215191611668472,0.341171758969344,0.28742630339113
mle01,post,20181112,4,80,2,1,1,5.16971001756777,3.05723360443251,1.26546205645061,1.25715140555443
mle01,post,20181112,4,81,1,1,1,5.36974730507503,0.669400463960998,0.398546334346905,0.225016116715497
mle01,post,20181112,4,82,2,1,1,0.177190711095514,0.585332275841169,0.620065453475533,0.641467616962096
mle01,post,20181112,4,83,1,1,1,0.395683295950804,0.436485843760932,0.459624424926427,0.558265763548517
mle01,post,20181112,4,84,1,1,1,1.63625676412155,0.321960733606214,0.309405148563574,0.485672153863656
mle01,post,20181112,4,85,2,1,1,6.17979029154427,0.123538733874261,0.676559994112905,0.546637640790749
mle01,post,20181112,4,86,1,1,1,0.5263700179301,0.960749683001986,0.426624188469057,0.52892324106076
mle01,post,20181112,4,87,1,1,1,7.42904265378097,0.323301644953382,0.321800558511213,0.562191820559078
mle01,post,20181112,4,88,2,1,1,2.53664616438432,0.90194048357014,0.559766442912579,0.665393434486814
mle01,post,20181112,4,89,1,1,1,3.62394884579233,0.201160361146955,0.38121630553545,0.484079243029196
mle01,post,20181112,4,90,1,1,1,1.4886034533961,0.604061274903253,0.39388438451831,0.406127705824674
mle01,post,20181112,4,91,1,1,1,5.72712531797921,0.309244618602537,0.417070862958214,0.397863105771442
mle01,post,20181112,4,92,2,1,1,6.17765475805671,0.282075793325631,0.339206012885485,0.287843630349546
mle01,post,20181112,4,93,1,1,1,8.05925121110397,0.0875102498801112,0.429356268546146,0.709455995670066
mle01,post,20181112,4,94,1,0,0,NaN,NaN,NaN,NaN
mle01,post,20181112,4,95,1,1,1,1.55993827143432,0.959812233241982,0.427176004623582,0.479490987232085
mle01,post,20181112,4,96,2,1,1,8.47619354386084,1.2514080724556,0.7338038521084,1.0383474620714
mle01,post,20181112,4,97,1,0,0,NaN,NaN,NaN,NaN
mle01,post,20181112,4,98,1,0,0,NaN,NaN,NaN,NaN
mle01,post,20181112,4,99,2,0,0,NaN,NaN,NaN,NaN
mle01,post,20181112,4,100,NaN,0,0,NaN,NaN,NaN,NaN
mle01,post,20181112,5,1,1,1,1,8.70698368391843,0.470094617388124,0.755519054756077,0.62940085299955
mle01,post,20181112,5,2,2,0,0,NaN,NaN,NaN,NaN
mle01,post,20181112,5,3,1,0,0,NaN,NaN,NaN,NaN
mle01,post,20181112,5,4,1,1,1,8.5098656530327,0.875226327600401,0.780513768318915,0.88813450338217
mle01,post,20181112,5,5,2,1,1,8.7144421040597,0.124065499963848,0.518554993438589,0.461153710176771
mle01,post,20181112,5,6,1,1,1,1.66187787705995,1.57251844063985,0.922883958131131,1.23117544022359
mle01,post,20181112,5,7,1,1,1,10.1501473603682,1.98656465732773,0.669460405239544,1.67214630000068
mle01,post,20181112,5,8,1,1,1,3.39748174286349,0.507328586013458,0.515315164579489,0.411197667607155
mle01,post,20181112,5,9,1,1,1,14.4185169762841,1.78680056161993,0.939623545185479,1.62666162753377
mle01,post,20181112,5,10,2,0,0,NaN,NaN,NaN,NaN
mle01,post,20181112,5,11,1,0,0,NaN,NaN,NaN,NaN
mle01,post,20181112,5,12,1,1,1,6.17408903822785,0.45865687101591,0.480424417471853,0.47399668965849
mle01,post,20181112,5,13,1,0,0,NaN,NaN,NaN,NaN
mle01,post,20181112,5,14,1,0,0,NaN,NaN,NaN,NaN
mle01,post,20181112,5,15,2,0,0,NaN,NaN,NaN,NaN
mle01,post,20181112,5,16,1,1,1,4.63861331751417,0.184107955808102,0.432453722366623,0.489753124136063
mle01,post,20181112,5,17,1,0,0,NaN,NaN,NaN,NaN
mle01,post,20181112,5,18,1,0,0,NaN,NaN,NaN,NaN
mle01,post,20181112,5,19,1,0,0,NaN,NaN,NaN,NaN
mle01,post,20181112,5,20,1,0,0,NaN,NaN,NaN,NaN
mle01,post,20181112,5,21,1,0,0,NaN,NaN,NaN,NaN
mle01,post,20181112,5,22,1,0,0,NaN,NaN,NaN,NaN
mle01,post,20181112,5,23,1,0,0,NaN,NaN,NaN,NaN
mle01,post,20181112,5,24,2,0,0,NaN,NaN,NaN,NaN
mle01,post,20181112,5,25,1,0,0,NaN,NaN,NaN,NaN
mle01,post,20181112,5,26,1,0,0,NaN,NaN,NaN,NaN
mle01,post,20181112,5,27,1,0,0,NaN,NaN,NaN,NaN
mle01,post,20181112,5,28,1,0,0,NaN,NaN,NaN,NaN
mle01,post,20181112,5,29,1,0,0,NaN,NaN,NaN,NaN
mle01,post,20181112,5,30,1,0,0,NaN,NaN,NaN,NaN
mle01,post,20181112,5,31,1,0,0,NaN,NaN,NaN,NaN
mle01,post,20181112,5,32,1,0,0,NaN,NaN,NaN,NaN
mle01,post,20181112,5,33,1,0,0,NaN,NaN,NaN,NaN
mle01,post,20181112,5,34,1,0,0,NaN,NaN,NaN,NaN
mle01,post,20181112,5,35,1,1,1,7.84104183074235,2.05019213206332,0.671460493230302,1.07681589113309
mle01,post,20181112,5,36,2,0,0,NaN,NaN,NaN,NaN
mle01,post,20181112,5,37,2,0,0,NaN,NaN,NaN,NaN
mle01,post,20181112,5,38,1,0,0,NaN,NaN,NaN,NaN
mle01,post,20181112,5,39,2,0,0,NaN,NaN,NaN,NaN
mle01,post,20181112,5,40,2,0,0,NaN,NaN,NaN,NaN
mle01,post,20181112,5,41,2,0,0,NaN,NaN,NaN,NaN
mle01,post,20181112,5,42,1,0,0,NaN,NaN,NaN,NaN
mle01,post,20181112,5,43,1,1,1,2.9533529942202,0.390775712202331,0.334414517403931,0.368217779430563
mle01,post,20181112,5,44,2,1,1,2.24142197061162,0.425071686480058,0.498429227831038,0.586766060558169
mle01,post,20181112,5,45,2,1,1,1.50121219803996,0.202226865002009,0.295190409693315,0.585146527431213
mle01,post,20181112,5,46,1,0,0,NaN,NaN,NaN,NaN
mle01,post,20181112,5,47,2,0,0,NaN,NaN,NaN,NaN
mle01,post,20181112,5,48,2,0,0,NaN,NaN,NaN,NaN
mle01,post,20181112,5,49,1,0,0,NaN,NaN,NaN,NaN
mle01,post,20181112,5,50,1,0,0,NaN,NaN,NaN,NaN
mle01,post,20181112,5,51,2,0,0,NaN,NaN,NaN,NaN
mle01,post,20181112,5,52,2,0,0,NaN,NaN,NaN,NaN
mle01,post,20181112,5,53,1,1,1,1.15816616139844,0.296056161582398,0.514245870399604,0.516654856645479
mle01,post,20181112,5,54,1,1,1,13.3977571212145,1.101337327527,0.562620603095085,2.10089384022679
mle01,post,20181112,5,55,2,0,0,NaN,NaN,NaN,NaN
mle01,post,20181112,5,56,2,0,0,NaN,NaN,NaN,NaN
mle01,post,20181112,5,57,2,0,0,NaN,NaN,NaN,NaN
mle01,post,20181112,5,58,1,0,0,NaN,NaN,NaN,NaN
mle01,post,20181112,5,59,1,0,0,NaN,NaN,NaN,NaN
mle01,post,20181112,5,60,1,0,0,NaN,NaN,NaN,NaN
mle01,post,20181112,5,61,1,0,0,NaN,NaN,NaN,NaN
mle01,post,20181112,5,62,1,0,0,NaN,NaN,NaN,NaN
mle01,post,20181112,5,63,1,0,0,NaN,NaN,NaN,NaN
mle01,post,20181112,5,64,2,0,0,NaN,NaN,NaN,NaN
mle01,post,20181112,5,65,1,0,0,NaN,NaN,NaN,NaN
mle01,post,20181112,5,66,1,0,0,NaN,NaN,NaN,NaN
mle01,post,20181112,5,67,1,0,0,NaN,NaN,NaN,NaN
mle01,post,20181112,5,68,2,0,0,NaN,NaN,NaN,NaN
mle01,post,20181112,5,69,2,1,1,0.628395946767813,0.494418176020067,0.584924955011317,0.39071859980553
mle01,post,20181112,5,70,2,1,1,11.3477638251878,1.07735594759628,0.952003082552406,0.895087178427008
mle01,post,20181112,5,71,2,1,1,5.24867807947844,0.638240106413237,0.503137168391155,0.45213536079163
mle01,post,20181112,5,72,2,1,1,1.36745805090536,0.340344554833941,0.634581112190224,0.642744206562197
mle01,post,20181112,5,73,2,1,1,4.60745746582585,0.315164024297725,0.406563569026508,0.405429051255252
mle01,post,20181112,5,74,1,1,1,7.55145593811547,0.287200463286084,0.463616386955395,0.509339250254834
mle01,post,20181112,5,75,2,1,1,1.26433675335805,0.241344241998327,0.281120869544844,0.284066237563749
mle01,post,20181112,5,76,1,0,0,NaN,NaN,NaN,NaN
mle01,post,20181112,5,77,1,1,1,3.3840383318456,1.04614212545475,0.583049779015764,0.674226985231375
mle01,post,20181112,5,78,1,0,0,NaN,NaN,NaN,NaN
mle01,post,20181112,5,79,2,1,1,4.48666609042212,2.0035532017327,0.71336776122426,0.85751624880092
mle01,post,20181112,5,80,1,1,1,10.7905798828539,0.423052570194451,1.21293377677903,0.881016349558372
mle01,post,20181112,5,81,1,1,1,5.93666233563865,1.46894098286069,1.10891246520171,1.63301014409573
mle01,post,20181112,5,82,1,1,1,1.4144721641378,1.48060692814472,1.25295026813118,0.955943444452839
mle01,post,20181112,5,83,2,1,1,23.4795474111509,1.59314546681028,1.40904849358773,1.45539953279154
mle01,post,20181112,5,84,1,1,1,15.0756827996023,0.330455954178686,0.566896670420133,0.406639208378245
mle01,post,20181112,5,85,1,0,0,NaN,NaN,NaN,NaN
mle01,post,20181112,5,86,1,0,0,NaN,NaN,NaN,NaN
mle01,post,20181112,5,87,2,0,0,NaN,NaN,NaN,NaN
mle01,post,20181112,5,88,1,1,1,9.2707578056141,1.24589846323663,0.845843974233957,1.07317481971708
mle01,post,20181112,5,89,2,1,1,1.07616627982857,0.100122981079041,0.475123546681556,0.471142017325716
mle01,post,20181112,5,90,2,1,1,8.76667292848316,0.209412325152353,0.414066444937543,0.355549985365091
mle01,post,20181112,5,91,1,1,1,8.203197605183,0.202515717329728,0.42938575375016,0.250997075553448
mle01,post,20181112,5,92,1,1,1,1.00418553541405,2.10123477011947,1.06080943114622,1.02132429280849
mle01,post,20181112,5,93,1,1,1,1.50712793612265,0.312549625694063,0.326846174847602,0.343373344708067
mle01,post,20181112,5,94,1,1,1,3.03729881923443,0.417908268518377,0.473409399014731,0.359575437760484
mle01,post,20181112,5,95,2,1,1,0.981598831243332,0.539238804648477,0.287230054112953,0.679616837861158
mle01,post,20181112,5,96,2,1,1,0.712916211323137,0.538160776065945,0.447934982067368,0.54472326026591
mle01,post,20181112,5,97,1,1,1,1.02951481293459,0.54965916252833,0.364237316598951,0.363799498877247
mle01,post,20181112,5,98,1,1,1,10.2124925555958,0.856575217297028,0.420354882405275,0.681750741820482
mle01,post,20181112,5,99,1,1,1,5.23778525226609,0.431815612818903,0.702164158257365,0.590592145540993
mle01,post,20181112,5,100,NaN,0,0,NaN,NaN,NaN,NaN
mle01,retest,20181113,1,1,1,0,0,NaN,NaN,NaN,NaN
mle01,retest,20181113,1,2,1,1,1,20.5786155420488,0.567977575743473,1.32918073905793,1.11166467402949
mle01,retest,20181113,1,3,1,0,1,NaN,0.370656526167675,NaN,0.66650574031267
mle01,retest,20181113,1,4,1,0,0,NaN,NaN,NaN,NaN
mle01,retest,20181113,1,5,2,1,1,13.341991538791,1.00622175836655,0.979804437040578,1.03806290229773
mle01,retest,20181113,1,6,2,0,0,NaN,NaN,NaN,NaN
mle01,retest,20181113,1,7,1,0,0,NaN,NaN,NaN,NaN
mle01,retest,20181113,1,8,2,0,0,NaN,NaN,NaN,NaN
mle01,retest,20181113,1,9,1,0,0,NaN,NaN,NaN,NaN
mle01,retest,20181113,1,10,2,1,1,9.24860764860181,0.249166525371074,0.617086809931143,1.1079336901023
mle01,retest,20181113,1,11,1,1,1,37.8276277957995,0.880876052896728,1.57332909920163,1.01746515768008
mle01,retest,20181113,1,12,1,1,1,15.4076922652239,0.519253561356908,0.682043993299697,0.445280988538995
mle01,retest,20181113,1,13,2,1,1,18.8818625307979,0.665920252442818,0.827111578112007,0.871352325352318
mle01,retest,20181113,1,14,2,0,0,NaN,NaN,NaN,NaN
mle01,retest,20181113,1,15,1,0,0,NaN,NaN,NaN,NaN
mle01,retest,20181113,1,16,1,0,0,NaN,NaN,NaN,NaN
mle01,retest,20181113,1,17,1,0,0,NaN,NaN,NaN,NaN
mle01,retest,20181113,1,18,1,0,0,NaN,NaN,NaN,NaN
mle01,retest,20181113,1,19,1,1,1,13.4572697848513,0.78729871809211,1.45929293289475,1.16755709332463
mle01,retest,20181113,1,20,2,1,1,4.65053190874009,0.244466692409139,0.368955109617742,0.430026887213605
mle01,retest,20181113,1,21,1,1,0,31.7614735814669,NaN,1.44691528662546,NaN
mle01,retest,20181113,1,22,1,1,1,4.70789652802915,1.78526444619873,0.852627478677124,0.978033540623368
mle01,retest,20181113,1,23,2,1,1,9.20140054192575,0.509298404710319,0.877273612657294,0.550510862697193
mle01,retest,20181113,1,24,1,0,0,NaN,NaN,NaN,NaN
mle01,retest,20181113,1,25,1,0,0,NaN,NaN,NaN,NaN
mle01,retest,20181113,1,26,1,0,0,NaN,NaN,NaN,NaN
mle01,retest,20181113,1,27,2,1,1,1.78964691926486,0.629121893081815,0.48420259431259,0.682731250592218
mle01,retest,20181113,1,28,1,1,1,8.36314065866487,0.811462710745572,0.59354911707006,1.05330090553645
mle01,retest,20181113,1,29,1,1,1,11.0613372384645,0.596415687346507,0.594704490134121,0.650782849959923
mle01,retest,20181113,1,30,1,1,1,1.90607025111729,0.355564499889888,0.3991327893526,0.282243917986094
mle01,retest,20181113,1,31,1,1,1,9.3545963037449,0.259296640340326,0.550685273141598,0.431732571024512
mle01,retest,20181113,1,32,1,0,0,NaN,NaN,NaN,NaN
mle01,retest,20181113,1,33,2,1,1,7.83582094902729,1.75562935705145,1.43745096682719,1.3943411867596
mle01,retest,20181113,1,34,2,1,1,12.4730050258578,1.1407577162686,0.77001565234523,0.573646233501718
mle01,retest,20181113,1,35,1,1,1,22.7545540684803,0.246946383529059,0.561623820006744,0.641983039338153
mle01,retest,20181113,1,36,1,1,1,4.30381319191921,1.61395122636786,1.03832595715999,0.94403231653791
mle01,retest,20181113,1,37,1,1,1,5.82482524560133,0.453382009280581,0.57068279227798,0.435460351062113
mle01,retest,20181113,1,38,2,1,1,8.62219347793453,0.250819077631466,0.375345028887355,0.336025517551191
mle01,retest,20181113,1,39,1,1,0,5.86993616917762,NaN,0.693699750731159,NaN
mle01,retest,20181113,1,40,2,1,1,46.2292398348236,0.601693604751947,1.41645740541922,1.18283100422783
mle01,retest,20181113,1,41,1,1,1,10.8906883046676,1.05149064887082,0.649140909451566,0.605745848463518
mle01,retest,20181113,1,42,2,1,1,19.1999510084033,0.891896418804092,0.583068770181186,0.650658846771554
mle01,retest,20181113,1,43,1,1,1,3.36017051002982,2.33963641488273,1.00108255327015,0.979278836479447
mle01,retest,20181113,1,44,1,0,0,NaN,NaN,NaN,NaN
mle01,retest,20181113,1,45,1,1,1,3.39000588846999,2.37382304715859,1.14334569784585,0.925532818700905
mle01,retest,20181113,1,46,1,1,1,7.84610672275157,0.639252682610282,0.359555867112097,0.780993788064514
mle01,retest,20181113,1,47,1,1,1,7.0568254609731,0.341927849773323,0.514343526107095,0.583736552082712
mle01,retest,20181113,1,48,1,1,1,5.44514494499121,1.13814506157892,0.599125790859922,0.751031831460544
mle01,retest,20181113,1,49,2,1,1,2.23512492934403,0.686809275830971,0.586378339935643,0.642432243853219
mle01,retest,20181113,1,50,1,1,1,7.81215999498868,0.189159233279538,0.529877412768486,0.458782587501673
mle01,retest,20181113,1,51,1,1,1,3.98884755778713,0.675719220562793,0.362065292570017,0.455087925321997
mle01,retest,20181113,1,52,1,1,1,7.16902553806315,0.13903985684219,0.546228361564074,0.569284459912045
mle01,retest,20181113,1,53,1,1,1,1.22172080389476,0.409135358860965,0.426262650235635,0.442473696189564
mle01,retest,20181113,1,54,1,1,1,5.92465050774956,1.98280539882364,1.12798698287209,1.23160164779413
mle01,retest,20181113,1,55,2,1,1,0.923970938681505,0.76750604284242,0.667267999896535,0.472125417152218
mle01,retest,20181113,1,56,1,1,1,5.45232786928781,1.47577150503725,1.08575128889036,1.0807866417316
mle01,retest,20181113,1,57,2,1,1,4.07777363559743,0.203374256167389,0.225884129087366,0.209600623646709
mle01,retest,20181113,1,58,1,1,1,9.78222134747762,0.256755017286459,0.432933390185647,0.458249360273541
mle01,retest,20181113,1,59,1,1,1,1.52534892122837,0.661088652988484,0.723796334471431,0.754753229048776
mle01,retest,20181113,1,60,2,1,1,1.20135238136013,0.51284876417191,0.983646541374017,0.939522170400433
mle01,retest,20181113,1,61,2,1,1,3.01253890739317,1.82082013569948,1.16358802460233,1.20206343071727
mle01,retest,20181113,1,62,1,1,1,1.6395407193022,0.249128317114353,0.441106518855145,0.470003140723735
mle01,retest,20181113,1,63,1,1,1,7.17915309778191,0.390409403655604,0.643739095890667,0.64862462722516
mle01,retest,20181113,1,64,1,1,1,7.41946877854531,0.290135032020324,0.657937148051925,0.736118798727698
mle01,retest,20181113,1,65,1,1,1,8.82695367001151,0.233866757891007,0.652959760832328,0.396279440329428
mle01,retest,20181113,1,66,2,1,1,1.42913084605755,0.428915227387714,0.58147290480252,0.645002217664351
mle01,retest,20181113,1,67,2,1,1,0.929673474079515,0.201999140211186,0.436779445826174,0.420378650512845
mle01,retest,20181113,1,68,1,1,1,2.13597582783682,0.231440380468906,0.528605736666836,0.798646758505824
mle01,retest,20181113,1,69,1,1,1,2.50053004740109,0.140158174709651,0.44459551077728,0.429704759379647
mle01,retest,20181113,1,70,2,1,1,0.338266740007531,0.882612049589562,0.835725039268485,0.831727570143448
mle01,retest,20181113,1,71,1,1,1,4.11522389170057,0.941200247590262,0.429623653510807,0.50213423438208
mle01,retest,20181113,1,72,2,1,1,3.12199998741829,0.625820344340998,0.375428393301169,0.294988074612212
mle01,retest,20181113,1,73,1,1,1,4.47613616615551,0.18526215895244,0.925280935472897,0.450026173771851
mle01,retest,20181113,1,74,2,1,1,1.62165210374017,0.813523185591245,0.298625648571099,0.446322903370552
mle01,retest,20181113,1,75,2,1,1,1.97349738557458,0.349106124427312,0.53228422660159,0.293389612586963
mle01,retest,20181113,1,76,1,1,1,1.10155868661934,1.2124436737382,0.545035465771998,0.812453153789107
mle01,retest,20181113,1,77,1,1,1,5.40953791974436,0.618437555115655,0.249082408434453,0.35809681366859
mle01,retest,20181113,1,78,1,1,1,6.10686161574613,0.90975973864674,0.472044493343999,0.484600938320508
mle01,retest,20181113,1,79,2,1,1,0.51811580098744,0.406975251445174,0.376001984973025,0.383112981152658
mle01,retest,20181113,1,80,1,1,1,6.45681218589504,1.27046057377631,0.848786466745483,1.11626976756639
mle01,retest,20181113,1,81,2,1,1,0.431332084887759,0.695946802837631,0.511145058072983,0.409548098002204
mle01,retest,20181113,1,82,1,1,1,2.26049234114127,0.149172786962926,0.423946677305181,0.44890024228274
mle01,retest,20181113,1,83,2,1,1,1.60251476317167,0.196995760530604,0.662042635007561,0.30872635415774
mle01,retest,20181113,1,84,1,1,1,1.40433584356616,0.871934683172756,0.342022815708962,0.407485756528336
mle01,retest,20181113,1,85,2,1,1,3.56500790739124,0.273974675889958,0.480629552771055,0.479147042277092
mle01,retest,20181113,1,86,2,1,1,0.815178984561525,1.10319568384387,0.431347648765512,0.475378392647091
mle01,retest,20181113,1,87,1,1,1,4.61377159600655,1.12214981089205,0.80564358179394,1.0185258913092
mle01,retest,20181113,1,88,2,1,1,1.361289481286,0.465304903185447,0.57874272377414,0.454887008651522
mle01,retest,20181113,1,89,1,1,1,6.8522867680043,0.392447694640534,0.415590801877435,0.327298962194325
mle01,retest,20181113,1,90,1,1,1,1.21671479683204,1.305634106332,0.638120514079972,0.787936277734621
mle01,retest,20181113,1,91,2,1,1,0.665590644667468,0.345933971822122,0.704233239308178,0.406394058035662
mle01,retest,20181113,1,92,1,1,1,8.61601990982222,0.956028796057737,0.389904857020602,0.55720009338102
mle01,retest,20181113,1,93,1,1,1,7.59911208241729,0.500375484007869,0.435925549962921,0.479347451434508
mle01,retest,20181113,1,94,1,1,1,1.51720718168149,0.639467060177761,0.475442488009942,0.457819188046547
mle01,retest,20181113,1,95,2,1,1,2.79490873297263,0.896911317131584,0.489039950683694,0.56440057317301
mle01,retest,20181113,1,96,1,1,1,1.70065279428344,1.15675471089017,0.610030078806286,0.606806236980512
mle01,retest,20181113,1,97,2,1,1,6.54332972642543,0.490347650089907,0.389419647609372,0.451296612130128
mle01,retest,20181113,1,98,1,1,1,4.50616804500496,0.655437230499061,0.673943257355296,0.768679608610781
mle01,retest,20181113,1,99,1,1,1,5.16540282431974,0.500977716225488,0.629814904195888,0.604970414110994
mle01,retest,20181113,1,100,NaN,0,0,NaN,NaN,NaN,NaN
mle01,retest,20181113,2,1,1,1,1,5.93320850888997,0.591536554751597,0.391091079421095,0.687415103271097
mle01,retest,20181113,2,2,2,1,1,7.73237972540143,2.27713181744113,0.628707974249762,1.43255454915677
mle01,retest,20181113,2,3,2,1,1,1.23999515086145,0.0823650737027296,0.349120570308315,0.348645710820615
mle01,retest,20181113,2,4,2,1,1,3.70465098405533,1.1748016472309,1.14183123757366,1.13468177771814
mle01,retest,20181113,2,5,1,1,1,0.637083107138856,0.122932705005841,0.195241713170626,0.277485714440802
mle01,retest,20181113,2,6,1,1,1,3.25599381064618,0.299494518876996,0.349787927411393,0.341669071162001
mle01,retest,20181113,2,7,2,1,1,1.82418303120347,0.649676145065933,0.391788513272792,0.618491035549591
mle01,retest,20181113,2,8,2,1,1,4.39711671357416,0.415542828309979,0.828001289339714,0.867550714604136
mle01,retest,20181113,2,9,2,1,1,1.64070759558852,0.601058406110916,0.641511857126207,0.568889311665261
mle01,retest,20181113,2,10,2,1,1,5.0998094400873,0.394592814963794,0.509599762967118,0.351113385780468
mle01,retest,20181113,2,11,1,1,1,2.17028373348731,0.666671699806024,0.423499402866681,0.5399159414617
mle01,retest,20181113,2,12,1,1,1,0.44444678499616,1.13270102092815,0.562161374387007,0.707797795845217
mle01,retest,20181113,2,13,2,1,1,1.72953726308709,1.16081445546551,0.778784721562462,0.812526942788206
mle01,retest,20181113,2,14,1,1,1,1.45634427310516,0.437404274137146,1.10680923446894,1.11334390755904
mle01,retest,20181113,2,15,1,1,1,2.82087664103053,0.317166432402022,0.612510317996759,0.682257105006992
mle01,retest,20181113,2,16,1,1,1,13.0188998205559,0.338558891928615,0.713193439907295,0.58818417856364
mle01,retest,20181113,2,17,2,1,1,0.625686423294054,1.68398432067629,0.783089567468445,0.854410347170292
mle01,retest,20181113,2,18,1,1,1,1.82706176372445,0.18200016711518,0.456858584050294,0.456164279327878
mle01,retest,20181113,2,19,1,1,1,5.35190060646813,0.445293376421521,0.630039830139752,0.717837649619254
mle01,retest,20181113,2,20,1,1,1,5.27480591028272,0.923432712877112,1.41039890686584,0.772614216875942
mle01,retest,20181113,2,21,1,1,1,16.4985877876503,0.933870413165482,0.51839250015814,0.659904599986774
mle01,retest,20181113,2,22,2,1,1,2.16484320786884,0.279005423721867,0.552802144587132,0.381730829777123
mle01,retest,20181113,2,23,1,1,1,2.70497791084455,0.178762314421589,0.682818884545608,0.66763257668185
mle01,retest,20181113,2,24,2,1,1,3.28812586256325,0.101111341118378,0.323331483684402,0.281393522040848
mle01,retest,20181113,2,25,1,1,1,1.2817930829654,0.759065506496048,0.460082014857808,0.567561012391763
mle01,retest,20181113,2,26,2,1,1,5.65375112787386,0.272258753186908,0.473134110694311,0.610127779076123
mle01,retest,20181113,2,27,2,1,1,2.42754493988537,0.90035176188178,1.39164453704447,1.20512666395498
mle01,retest,20181113,2,28,1,1,1,1.53604184462042,0.394746386032436,0.83709301889659,0.837507713948707
mle01,retest,20181113,2,29,2,1,1,2.48761895667661,0.507758176372175,0.467563876074497,0.687938624716874
mle01,retest,20181113,2,30,2,1,1,1.27136216652631,0.819185284509562,0.475864377311852,0.496745699621243
mle01,retest,20181113,2,31,2,1,1,6.57681057296579,0.773382851238635,0.612105947912248,0.438170320944211
mle01,retest,20181113,2,32,1,1,1,0.857001793947814,0.403439202497298,0.309527099329254,0.314643106539447
mle01,retest,20181113,2,33,1,1,1,3.16618601140095,2.21755630569793,1.23161206900784,1.1284581604308
mle01,retest,20181113,2,34,1,1,1,2.85950208051873,1.31595229330592,1.04391207430512,0.873677186676486
mle01,retest,20181113,2,35,2,1,1,2.36266129905817,0.371243123844939,0.385194656873324,0.365222987484228
mle01,retest,20181113,2,36,2,1,1,1.10881194871305,0.695500318870908,0.354452974339343,0.371154918510107
mle01,retest,20181113,2,37,1,1,1,3.16083337353315,1.74232260904966,0.916757147706437,0.893096104474074
mle01,retest,20181113,2,38,1,1,1,1.26053917712413,0.709539229364133,1.26139242389779,0.700287453367685
mle01,retest,20181113,2,39,2,1,1,0.531992901906215,0.546647036149601,0.439068768595293,0.625102260558702
mle01,retest,20181113,2,40,2,1,1,5.12271083483783,0.828532795954406,0.741640065677924,0.916329224020269
mle01,retest,20181113,2,41,1,1,1,3.50107509379284,0.331936147019254,0.545565844474954,0.713044480896141
mle01,retest,20181113,2,42,1,1,1,0.833616657689094,0.288047718127739,0.452417863189758,0.333770912025031
mle01,retest,20181113,2,43,1,0,0,NaN,NaN,NaN,NaN
mle01,retest,20181113,2,44,NaN,0,0,NaN,NaN,NaN,NaN
mle01,retest,20181113,2,45,1,1,1,3.04597344243103,0.445476143722201,0.76555442148278,0.614548076866654
mle01,retest,20181113,2,46,1,1,1,3.60104614940689,0.23914859396897,0.571344570309096,0.354467577733789
mle01,retest,20181113,2,47,1,1,1,0.861317986897335,0.416078699040125,0.539689313000537,0.52989431359686
mle01,retest,20181113,2,48,2,1,1,4.6064807155326,0.334607774558175,0.436092133582163,0.309896479591039
mle01,retest,20181113,2,49,1,1,1,0.634494275626364,0.934871921227814,0.662067653324966,0.661983350996427
mle01,retest,20181113,2,50,1,1,1,3.39945835592458,0.490294379348173,0.693352837280238,0.611721929083358
mle01,retest,20181113,2,51,2,1,1,11.7599443876144,0.293761452045225,0.619694410316995,0.593336272686393
mle01,retest,20181113,2,52,1,1,1,30.6264951556178,1.01982707388748,0.710156609375886,0.599280308237806
mle01,retest,20181113,2,53,1,0,0,NaN,NaN,NaN,NaN
mle01,retest,20181113,2,54,1,0,0,NaN,NaN,NaN,NaN
mle01,retest,20181113,2,55,1,0,0,NaN,NaN,NaN,NaN
mle01,retest,20181113,2,56,1,1,1,10.945113058508,0.682600887619704,0.68677222362769,0.747948353470942
mle01,retest,20181113,2,57,2,1,1,1.02955465617213,1.18654317355977,0.516542482689958,0.494335326674717
mle01,retest,20181113,2,58,1,1,1,11.3136412902355,0.67271444944439,0.528531122512979,0.714510111896939
mle01,retest,20181113,2,59,2,1,1,4.35915005770576,0.791557945340427,0.802202655929988,0.855775600375564
mle01,retest,20181113,2,60,1,1,1,2.77355903825494,0.254626072535828,0.247333458393203,0.354609110205797
mle01,retest,20181113,2,61,1,1,1,2.33407645048264,0.385982209337692,0.561606093271531,0.558145684964318
mle01,retest,20181113,2,62,2,1,1,1.42428586586841,0.245547899608006,0.323349825094788,0.326222121900927
mle01,retest,20181113,2,63,1,1,1,3.40322488227724,0.339135783867055,0.62939991935855,0.305734188764005
mle01,retest,20181113,2,64,1,1,1,4.66684998657271,1.5378299676796,0.641060811026254,0.675793042307006
mle01,retest,20181113,2,65,1,1,1,1.55269740788866,0.308038926397545,0.558123149011377,0.92237743993191
mle01,retest,20181113,2,66,1,1,1,9.42305001345293,0.942949768208646,0.793833635922971,0.945875331044794
mle01,retest,20181113,2,67,1,1,1,4.52954837910779,0.335117248374253,0.380556910017099,0.580731444482499
mle01,retest,20181113,2,68,2,1,1,7.53538499668096,0.189359149088969,0.631658519583881,0.597700376789676
mle01,retest,20181113,2,69,1,1,1,1.83229504331656,0.262083967545051,0.324597726792751,0.324233511755655
mle01,retest,20181113,2,70,2,1,1,7.69290325927621,0.699016505340019,0.362088739247633,0.767550028889777
mle01,retest,20181113,2,71,1,1,1,2.63585697358727,0.20718290073899,0.37085811333703,0.482386763021644
mle01,retest,20181113,2,72,2,1,1,1.33402610055235,0.153078908544568,0.427280166522759,0.274983430967185
mle01,retest,20181113,2,73,1,1,1,3.89040530984806,0.786699662829724,0.369755807534279,0.50940959291892
mle01,retest,20181113,2,74,2,1,1,14.9649799025807,0.934778686473081,0.998357586210164,0.561482944038405
mle01,retest,20181113,2,75,1,1,1,2.05867021214284,0.468417441902994,0.42433562324723,0.458725565192512
mle01,retest,20181113,2,76,2,1,1,2.97878336840765,0.273415796773976,0.425628832683988,0.401748676675576
mle01,retest,20181113,2,77,1,1,1,1.95918144733657,1.11294667287152,0.707779700265721,0.75913627359495
mle01,retest,20181113,2,78,1,1,1,0.9987156974155,1.28656071046598,0.991093067212455,0.860472834489612
mle01,retest,20181113,2,79,1,1,1,3.70053241729558,1.08164247861052,0.469886674926598,0.929000989909365
mle01,retest,20181113,2,80,1,1,1,1.21456234523764,0.30989748010944,0.912342832845316,0.780799655524367
mle01,retest,20181113,2,81,1,1,1,8.10020725799169,0.394554218271677,0.544225248001698,0.546648182625966
mle01,retest,20181113,2,82,1,0,0,NaN,NaN,NaN,NaN
mle01,retest,20181113,2,83,1,0,0,NaN,NaN,NaN,NaN
mle01,retest,20181113,2,84,1,0,0,NaN,NaN,NaN,NaN
mle01,retest,20181113,2,85,2,1,1,0.692893329146888,0.996631157778206,0.956357954027647,0.953611222120256
mle01,retest,20181113,2,86,2,1,1,2.87640402604407,0.525932531565364,1.12880578892424,1.11897804275496
mle01,retest,20181113,2,87,1,0,0,NaN,NaN,NaN,NaN
mle01,retest,20181113,2,88,2,1,1,0.979841403094829,0.608093428737616,0.417630000046662,0.444567472993204
mle01,retest,20181113,2,89,1,1,1,1.10370596437899,0.221419409257257,0.707916699538242,0.502692831398247
mle01,retest,20181113,2,90,1,1,1,1.90101601973643,1.53312529965323,0.93503621584394,0.988282896875765
mle01,retest,20181113,2,91,1,1,1,0.390986460129807,0.580075796630246,0.939291196171492,0.83705207745184
mle01,retest,20181113,2,92,1,1,1,2.04392312276577,0.471012272283583,0.443810145532947,0.429656498796663
mle01,retest,20181113,2,93,1,1,1,5.3405404553749,0.367856452377064,0.680677030846039,0.560022177284452
mle01,retest,20181113,2,94,2,0,0,NaN,NaN,NaN,NaN
mle01,retest,20181113,2,95,1,0,0,NaN,NaN,NaN,NaN
mle01,retest,20181113,2,96,1,0,0,NaN,NaN,NaN,NaN
mle01,retest,20181113,2,97,1,1,1,5.99893739674173,0.382015924566643,0.3555347121937,0.345085706236643
mle01,retest,20181113,2,98,1,1,1,4.01098909280429,0.506947557477261,0.452397091505603,0.32942668262316
mle01,retest,20181113,2,99,1,0,0,NaN,NaN,NaN,NaN
mle01,retest,20181113,2,100,NaN,0,0,NaN,NaN,NaN,NaN
mle01,retest,20181113,3,1,1,1,1,1.08961631698975,0.332025542092078,0.369338555853562,0.415463127828265
mle01,retest,20181113,3,2,1,1,1,4.22340142638884,1.43689248687662,0.476641253580483,0.495175811306795
mle01,retest,20181113,3,3,1,1,1,3.59253855893027,0.470771708013682,0.548295310491401,0.477472745329923
mle01,retest,20181113,3,4,2,1,1,2.37982906320225,0.964832326349114,0.465680568628848,0.724864726973778
mle01,retest,20181113,3,5,1,1,1,1.34650753716986,0.288105722697443,0.493338938324514,0.48433020605759
mle01,retest,20181113,3,6,1,1,1,0.60897678782511,0.769541488630158,0.566911904859753,0.584738162472968
mle01,retest,20181113,3,7,2,1,1,2.02432876019291,0.525045092106439,0.880729984623357,0.748899303993604
mle01,retest,20181113,3,8,1,1,1,4.79043740109168,0.647998553145131,0.543288334568589,0.632096744857386
mle01,retest,20181113,3,9,2,1,1,0.568474091772357,0.376219938505765,0.56103180677717,0.448169754498529
mle01,retest,20181113,3,10,2,1,1,11.4714633391023,0.472233214984914,0.462710343335913,0.348594173871682
mle01,retest,20181113,3,11,2,1,1,0.394455568164265,0.444609695320501,0.59952088768609,0.57053975281749
mle01,retest,20181113,3,12,1,1,1,2.2307450767824,0.353957205612074,0.465396300319127,0.379020928900192
mle01,retest,20181113,3,13,1,0,0,NaN,NaN,NaN,NaN
mle01,retest,20181113,3,14,1,1,1,2.45563554005256,0.304518595885083,0.576241259183156,0.572892863760742
mle01,retest,20181113,3,15,2,1,1,2.11382287841312,0.617603735692222,0.749932850840066,0.779176105854751
mle01,retest,20181113,3,16,1,1,1,1.18252483654722,0.55780180130076,0.539961387036022,0.5042540085083
mle01,retest,20181113,3,17,1,1,1,12.9059573696719,0.927341246707702,0.688897491290952,0.908336640123506
mle01,retest,20181113,3,18,1,1,1,1.47118227169638,0.195434633118075,0.369307911419133,0.372969565369838
mle01,retest,20181113,3,19,2,1,1,1.2945934307923,0.362662348795233,0.567775942071875,0.567907284731723
mle01,retest,20181113,3,20,2,1,1,3.54228354964618,1.40325872804413,0.685804129916676,0.893613790070187
mle01,retest,20181113,3,21,1,1,1,0.857166476563715,0.302997123567906,0.301647544221317,0.292709104114686
mle01,retest,20181113,3,22,1,1,1,4.14421276914665,0.949500627473041,0.580384958309858,0.646081143023334
mle01,retest,20181113,3,23,2,1,1,14.0955324299868,1.44937294952662,0.883278210545377,1.0239393478552
mle01,retest,20181113,3,24,1,0,0,NaN,NaN,NaN,NaN
mle01,retest,20181113,3,25,1,0,0,NaN,NaN,NaN,NaN
mle01,retest,20181113,3,26,1,0,0,NaN,NaN,NaN,NaN
mle01,retest,20181113,3,27,1,0,0,NaN,NaN,NaN,NaN
mle01,retest,20181113,3,28,1,1,1,3.68144543577438,0.789609791663567,0.863408347974964,0.827802990610907
mle01,retest,20181113,3,29,1,1,1,1.73690808845068,0.206940022728999,0.444452946889484,0.472611634205186
mle01,retest,20181113,3,30,1,0,0,NaN,NaN,NaN,NaN
mle01,retest,20181113,3,31,2,0,0,NaN,NaN,NaN,NaN
mle01,retest,20181113,3,32,2,0,0,NaN,NaN,NaN,NaN
mle01,retest,20181113,3,33,1,0,0,NaN,NaN,NaN,NaN
mle01,retest,20181113,3,34,2,1,1,11.9442549163602,0.582061237473177,0.956752825878187,0.578386427416548
mle01,retest,20181113,3,35,2,1,1,3.44496754903062,0.122868409199791,0.356076372057424,0.352168604012598
mle01,retest,20181113,3,36,1,0,0,NaN,NaN,NaN,NaN
mle01,retest,20181113,3,37,1,0,0,NaN,NaN,NaN,NaN
mle01,retest,20181113,3,38,1,0,0,NaN,NaN,NaN,NaN
mle01,retest,20181113,3,39,1,1,1,5.53825341082097,0.714639218315188,0.572265411560164,0.736445011692993
mle01,retest,20181113,3,40,1,0,0,NaN,NaN,NaN,NaN
mle01,retest,20181113,3,41,2,0,0,NaN,NaN,NaN,NaN
mle01,retest,20181113,3,42,1,0,0,NaN,NaN,NaN,NaN
mle01,retest,20181113,3,43,1,0,0,NaN,NaN,NaN,NaN
mle01,retest,20181113,3,44,1,1,1,2.63785038242914,1.3316065089749,0.743509514615076,0.717864027262432
mle01,retest,20181113,3,45,2,0,0,NaN,NaN,NaN,NaN
mle01,retest,20181113,3,46,2,0,0,NaN,NaN,NaN,NaN
mle01,retest,20181113,3,47,1,0,0,NaN,NaN,NaN,NaN
mle01,retest,20181113,3,48,1,0,0,NaN,NaN,NaN,NaN
mle01,retest,20181113,3,49,1,0,0,NaN,NaN,NaN,NaN
mle01,retest,20181113,3,50,1,1,1,7.0025571944299,8.20601819353359,1.82917802579232,3.6890424547898
mle01,retest,20181113,3,51,2,1,1,49.0768325096421,1.4597844718048,2.59917142610828,1.14524257775368
mle01,retest,20181113,3,52,2,0,0,NaN,NaN,NaN,NaN
mle01,retest,20181113,3,53,1,1,1,10.2707335264268,0.394706288637259,1.4986478163021,1.42141384978321
mle01,retest,20181113,3,54,1,1,1,9.81319651264133,0.24143966677171,1.26415402421397,1.26496112093191
mle01,retest,20181113,3,55,1,1,1,8.24687513520898,2.27360679385721,2.69882240465293,1.80280528512032
mle01,retest,20181113,3,56,1,0,0,NaN,NaN,NaN,NaN
mle01,retest,20181113,3,57,2,0,0,NaN,NaN,NaN,NaN
mle01,retest,20181113,3,58,2,0,0,NaN,NaN,NaN,NaN
mle01,retest,20181113,3,59,2,0,0,NaN,NaN,NaN,NaN
mle01,retest,20181113,3,60,1,0,0,NaN,NaN,NaN,NaN
mle01,retest,20181113,3,61,1,0,0,NaN,NaN,NaN,NaN
mle01,retest,20181113,3,62,2,0,0,NaN,NaN,NaN,NaN
mle01,retest,20181113,3,63,2,1,1,1.14632556021981,0.109960693144446,0.702708528286522,0.201290753263311
mle01,retest,20181113,3,64,2,1,1,8.14682614781011,0.405707071765668,0.389999835280497,0.439991792354363
mle01,retest,20181113,3,65,1,1,1,10.0108922269404,0.346947843197856,0.423568738945249,0.413103432978344
mle01,retest,20181113,3,66,1,0,0,NaN,NaN,NaN,NaN
mle01,retest,20181113,3,67,1,0,0,NaN,NaN,NaN,NaN
mle01,retest,20181113,3,68,2,1,1,11.3351422733381,1.56505471897888,1.31829648519398,0.711931280190564
mle01,retest,20181113,3,69,1,0,0,NaN,NaN,NaN,NaN
mle01,retest,20181113,3,70,2,0,0,NaN,NaN,NaN,NaN
mle01,retest,20181113,3,71,1,0,0,NaN,NaN,NaN,NaN
mle01,retest,20181113,3,72,1,0,0,NaN,NaN,NaN,NaN
mle01,retest,20181113,3,73,2,0,0,NaN,NaN,NaN,NaN
mle01,retest,20181113,3,74,2,0,0,NaN,NaN,NaN,NaN
mle01,retest,20181113,3,75,1,0,0,NaN,NaN,NaN,NaN
mle01,retest,20181113,3,76,2,0,0,NaN,NaN,NaN,NaN
mle01,retest,20181113,3,77,1,0,0,NaN,NaN,NaN,NaN
mle01,retest,20181113,3,78,2,0,0,NaN,NaN,NaN,NaN
mle01,retest,20181113,3,79,1,0,0,NaN,NaN,NaN,NaN
mle01,retest,20181113,3,80,2,0,0,NaN,NaN,NaN,NaN
mle01,retest,20181113,3,81,1,0,0,NaN,NaN,NaN,NaN
mle01,retest,20181113,3,82,1,0,0,NaN,NaN,NaN,NaN
mle01,retest,20181113,3,83,2,0,0,NaN,NaN,NaN,NaN
mle01,retest,20181113,3,84,1,1,0,7.14883369155815,NaN,1.42200259177448,NaN
mle01,retest,20181113,3,85,1,0,0,NaN,NaN,NaN,NaN
mle01,retest,20181113,3,86,1,0,0,NaN,NaN,NaN,NaN
mle01,retest,20181113,3,87,1,0,0,NaN,NaN,NaN,NaN
mle01,retest,20181113,3,88,2,0,0,NaN,NaN,NaN,NaN
mle01,retest,20181113,3,89,1,0,0,NaN,NaN,NaN,NaN
mle01,retest,20181113,3,90,1,0,0,NaN,NaN,NaN,NaN
mle01,retest,20181113,3,91,1,0,0,NaN,NaN,NaN,NaN
mle01,retest,20181113,3,92,2,0,0,NaN,NaN,NaN,NaN
mle01,retest,20181113,3,93,1,0,0,NaN,NaN,NaN,NaN
mle01,retest,20181113,3,94,1,0,0,NaN,NaN,NaN,NaN
mle01,retest,20181113,3,95,1,1,1,7.36205068080198,1.4069633679293,0.83999692906383,0.741958873421996
mle01,retest,20181113,3,96,1,1,1,2.67513962998025,0.247537341017261,1.10862134057022,0.52220753828703
mle01,retest,20181113,3,97,1,1,1,19.1724787963194,0.388835198994345,0.383855021125597,0.286066112384349
mle01,retest,20181113,3,98,1,0,0,NaN,NaN,NaN,NaN
mle01,retest,20181113,3,99,1,0,0,NaN,NaN,NaN,NaN
mle01,retest,20181113,3,100,NaN,0,0,NaN,NaN,NaN,NaN
mle01,retest,20181113,4,1,1,1,1,3.35688257247814,1.70711146576805,0.746664632395809,0.937654071253529
mle01,retest,20181113,4,2,2,1,1,12.3662746533777,0.716518473505221,0.729338573743162,0.442419063450607
mle01,retest,20181113,4,3,1,1,1,4.15394199008873,0.230245220220316,0.408700236444145,0.367612483167317
mle01,retest,20181113,4,4,2,1,1,7.72812559307211,0.70829436154859,0.728480495310291,0.622490316795091
mle01,retest,20181113,4,5,1,1,1,1.20957777532159,0.950945425798239,0.555330293881612,0.727875777709304
mle01,retest,20181113,4,6,2,1,1,3.88809066186078,0.946062418019228,0.640543152268929,0.58491263664744
mle01,retest,20181113,4,7,2,1,1,1.41732164678992,0.679165586505928,0.557583076322176,0.472354855603077
mle01,retest,20181113,4,8,2,1,1,4.59253397308589,0.920731861783191,0.617143489339516,0.520337619911819
mle01,retest,20181113,4,9,1,1,1,2.51715335359524,1.06769939767772,0.68507542477168,0.736431842715002
mle01,retest,20181113,4,10,1,1,1,4.67665064395086,0.619893440682413,0.676862074043926,0.619853499782484
mle01,retest,20181113,4,11,1,1,1,8.42905383368725,0.591026308823429,0.613386452489783,0.689998761977949
mle01,retest,20181113,4,12,1,1,1,1.35017597293662,0.856246339019878,0.54872885299053,0.805938101186058
mle01,retest,20181113,4,13,1,1,1,7.98317415119452,0.164989947907281,0.389437628860079,0.307432218033307
mle01,retest,20181113,4,14,2,1,1,2.25280854156221,0.162696493120464,0.443624442900969,0.37577718677911
mle01,retest,20181113,4,15,1,1,1,4.41274699577101,0.214521902637024,0.4761858432924,0.726165180257004
mle01,retest,20181113,4,16,2,1,1,9.20800165669248,0.713291436077256,0.700306775859622,0.795674202063508
mle01,retest,20181113,4,17,1,1,1,1.26443107747911,0.326159620880428,0.525804058060055,0.427198649097441
mle01,retest,20181113,4,18,1,1,1,1.67213342579276,0.407513337073913,0.607654600527258,0.670622574970994
mle01,retest,20181113,4,19,1,1,1,4.28639062325917,1.12524545026522,1.04045775601445,1.00328250379834
mle01,retest,20181113,4,20,1,1,1,0.630425838996008,0.486312554400871,0.609525167529314,0.57835047066499
mle01,retest,20181113,4,21,2,1,1,3.06263320307121,1.05761254282239,0.576607861193973,0.548557612445532
mle01,retest,20181113,4,22,1,1,1,1.8855269074967,0.271509041239653,0.390065506887353,0.545566921546418
mle01,retest,20181113,4,23,2,1,1,0.949024275888158,0.482711093246815,0.602321740011354,0.604273960907161
mle01,retest,20181113,4,24,1,1,1,0.765072347397247,0.507929799915905,0.600376377532924,0.619588890331228
mle01,retest,20181113,4,25,2,1,1,1.59318937507354,0.464418898460659,0.493635359146044,0.481788353378455
mle01,retest,20181113,4,26,1,1,1,15.1278820449936,0.359950265637827,0.587704494093321,0.327328972751967
mle01,retest,20181113,4,27,2,1,1,0.61230634612687,0.325316350381588,0.517538750449959,0.518405509720549
mle01,retest,20181113,4,28,2,1,1,14.4577274176744,0.255700003028671,0.269667871811061,0.422413562784097
mle01,retest,20181113,4,29,2,1,1,1.76217723871962,0.476122150803718,0.535082833722957,0.566948296699157
mle01,retest,20181113,4,30,1,1,1,3.50386891159835,1.43208429450087,1.15305374935643,1.08436187417171
mle01,retest,20181113,4,31,2,1,1,5.31139459107202,1.17523126357017,1.21411139070493,0.792142428990153
mle01,retest,20181113,4,32,2,1,1,2.78984157936947,0.800778473996659,0.360602106282362,0.342463215761374
mle01,retest,20181113,4,33,1,1,1,6.59268353411143,0.323274091023824,0.54578987957524,0.590695241549246
mle01,retest,20181113,4,34,2,1,1,5.0220718032558,0.37625090477127,0.516979783453052,0.543616026878337
mle01,retest,20181113,4,35,1,1,1,2.67988740115258,0.430956627996287,0.827331142908378,0.813756271571087
mle01,retest,20181113,4,36,1,1,1,1.11470251095507,0.509732075443968,0.494391536456331,0.482715338385749
mle01,retest,20181113,4,37,1,1,1,19.3748193806271,1.00948361226707,1.00578553767425,0.912370161088519
mle01,retest,20181113,4,38,1,1,1,1.74241462126167,0.484159268948145,0.584424438775898,0.588202700658575
mle01,retest,20181113,4,39,1,1,1,5.65126639534622,1.10072742634357,0.572241681187489,0.900031986143732
mle01,retest,20181113,4,40,1,1,1,2.06908197267961,0.358277669286226,0.421532570667887,0.542531460895508
mle01,retest,20181113,4,41,1,1,1,16.7601978110302,0.812897471397459,0.63155150356797,0.538095075684875
mle01,retest,20181113,4,42,2,1,1,10.8450132644952,0.580828821311698,0.505664673811668,0.515835889902168
mle01,retest,20181113,4,43,2,1,1,4.46163788416427,0.681246457901986,0.538249540415312,0.498792878460156
mle01,retest,20181113,4,44,1,1,1,2.1652959549443,0.700877523189007,0.38059496469766,0.537410348789296
mle01,retest,20181113,4,45,1,1,1,4.06259573255905,0.658861251458507,0.562545676478425,0.584010106914209
mle01,retest,20181113,4,46,1,1,1,11.0983539901663,0.462734062969656,0.694688666414182,0.826097466753439
mle01,retest,20181113,4,47,2,1,1,3.22623632508333,0.338827711912099,0.968381122626066,0.98116128665749
mle01,retest,20181113,4,48,1,1,1,1.12486849068319,0.829307130134828,0.589531292740911,0.621673916924824
mle01,retest,20181113,4,49,1,1,1,2.6399690894648,1.36319918739839,1.0550930529428,1.13696373960831
mle01,retest,20181113,4,50,1,1,1,7.24468525754494,0.30807882206661,0.520053450689716,0.499298263578264
mle01,retest,20181113,4,51,2,0,0,NaN,NaN,NaN,NaN
mle01,retest,20181113,4,52,1,0,0,NaN,NaN,NaN,NaN
mle01,retest,20181113,4,53,1,1,1,6.90378582753794,0.517272666585578,0.576487652439075,0.796552948903316
mle01,retest,20181113,4,54,2,1,1,6.93856089980496,0.405510130460694,0.487714945140379,0.451922165297953
mle01,retest,20181113,4,55,1,1,1,3.78284225443154,1.06786780123456,0.835499713568657,0.71148918645671
mle01,retest,20181113,4,56,1,1,1,15.5259816487614,1.566166049511,1.01513378863249,1.3249935314459
mle01,retest,20181113,4,57,2,1,1,14.0532594462679,0.566743420718876,0.751024722079591,0.760616483416467
mle01,retest,20181113,4,58,1,1,1,0.454834149241747,0.43977868367634,0.463144977732699,0.399047608587086
mle01,retest,20181113,4,59,1,0,0,NaN,NaN,NaN,NaN
mle01,retest,20181113,4,60,1,1,1,6.6718074712607,0.535696449092652,0.44561020011731,0.378503759744913
mle01,retest,20181113,4,61,2,1,1,3.47047848256603,0.702218162987878,1.15101143298861,0.872429554598027
mle01,retest,20181113,4,62,1,1,1,3.92406153146372,1.01599429175927,0.737889589526446,0.775282107424551
mle01,retest,20181113,4,63,1,1,1,1.02230812320644,0.559633269204062,0.544396105920166,0.697253449559276
mle01,retest,20181113,4,64,1,0,0,NaN,NaN,NaN,NaN
mle01,retest,20181113,4,65,2,0,0,NaN,NaN,NaN,NaN
mle01,retest,20181113,4,66,2,0,0,NaN,NaN,NaN,NaN
mle01,retest,20181113,4,67,2,0,0,NaN,NaN,NaN,NaN
mle01,retest,20181113,4,68,1,0,0,NaN,NaN,NaN,NaN
mle01,retest,20181113,4,69,1,0,0,NaN,NaN,NaN,NaN
mle01,retest,20181113,4,70,1,0,0,NaN,NaN,NaN,NaN
mle01,retest,20181113,4,71,1,1,1,1.56975629655239,0.762265882500267,0.622151533617623,0.620137127231434
mle01,retest,20181113,4,72,2,0,0,NaN,NaN,NaN,NaN
mle01,retest,20181113,4,73,1,0,0,NaN,NaN,NaN,NaN
mle01,retest,20181113,4,74,2,0,0,NaN,NaN,NaN,NaN
mle01,retest,20181113,4,75,2,0,0,NaN,NaN,NaN,NaN
mle01,retest,20181113,4,76,1,1,1,2.12838335021999,1.11218618945799,0.92339958010981,0.919239739973022
mle01,retest,20181113,4,77,1,1,1,1.04001664971971,0.67583393356097,0.515507849953084,0.546973178694167
mle01,retest,20181113,4,78,1,1,1,10.0546077438888,0.759299961084174,0.668867411484922,0.801142312098016
mle01,retest,20181113,4,79,1,1,1,3.30150110783028,0.371051596447497,0.595376456275242,0.4155030471411
mle01,retest,20181113,4,80,1,1,1,8.61614935439409,0.842779877075428,0.481754667546983,0.578377621618503
mle01,retest,20181113,4,81,1,1,1,6.08151083346761,0.56500876348141,0.531487460387901,0.557031973224152
mle01,retest,20181113,4,82,1,1,1,12.2632178783294,0.344554478321981,0.619064638232437,0.51739669032803
mle01,retest,20181113,4,83,1,1,1,5.13434389057355,0.567613352271118,0.695334459830288,0.672058012578006
mle01,retest,20181113,4,84,1,0,0,NaN,NaN,NaN,NaN
mle01,retest,20181113,4,85,1,1,1,1.85150050504204,0.739981144382033,0.59496058921855,0.611242203901848
mle01,retest,20181113,4,86,1,1,1,12.9670728312108,0.397697799885466,0.663923017611551,0.35105962340208
mle01,retest,20181113,4,87,1,1,1,3.38444346635148,0.522551121630103,0.877658374530101,0.88239651949871
mle01,retest,20181113,4,88,1,1,1,7.86448174751471,0.550937436479654,0.564044896605651,0.700022665533586
mle01,retest,20181113,4,89,1,1,1,5.47692635261606,0.466823703158115,0.534590051819955,0.444797356436935
mle01,retest,20181113,4,90,1,1,1,6.63666371604161,0.386101398856965,0.466703215323391,0.328207044595636
mle01,retest,20181113,4,91,1,1,1,7.901648975263,0.787125724653821,0.607405925103785,0.537878236089895
mle01,retest,20181113,4,92,1,1,1,3.33845391284782,0.675830327291043,0.45252359726688,0.643910953171449
mle01,retest,20181113,4,93,1,1,1,2.90012047679715,0.346458962394641,0.844140408945803,0.8995094541809
mle01,retest,20181113,4,94,2,1,1,8.64038513367688,0.45603685291,0.964451788251199,0.728303719662406
mle01,retest,20181113,4,95,2,1,1,6.4545769111517,1.1493943608568,0.616208440103676,0.718090369403158
mle01,retest,20181113,4,96,2,1,1,21.378591485689,2.14600706487137,1.47623803095864,1.37928465197556
mle01,retest,20181113,4,97,2,1,1,2.89724443283321,0.219035535205686,0.495077727726668,0.467171120630007
mle01,retest,20181113,4,98,1,1,1,7.17918113470806,0.281018619400092,0.821782753361551,0.744905176644028
mle01,retest,20181113,4,99,2,1,1,2.56558522735475,0.166814710961956,0.659135187043153,0.771127181233676
mle01,retest,20181113,4,100,NaN,0,0,NaN,NaN,NaN,NaN
mle01,retest,20181113,5,1,1,1,1,2.05199736581275,1.26075859194777,0.746326787065001,0.822873428889203
mle01,retest,20181113,5,2,2,1,1,3.68601051121347,1.05143478949405,0.818729199758271,0.819467100222598
mle01,retest,20181113,5,3,2,1,1,3.16902874055765,0.449065544398088,0.471818652158187,0.597179529305604
mle01,retest,20181113,5,4,1,1,1,8.49706505750592,1.02553953068864,0.849508893378022,0.840664589427413
mle01,retest,20181113,5,5,2,1,1,2.12611104167634,0.256286735775386,0.582292719650153,0.547014301717446
mle01,retest,20181113,5,6,1,1,1,7.99066218225394,0.418082142610181,0.629984062556696,0.636583159131823
mle01,retest,20181113,5,7,2,1,1,0.285309560298288,0.389332833659882,0.526843645900168,0.606160441610587
mle01,retest,20181113,5,8,2,1,1,2.30627916524683,0.734723561094404,0.586494021632094,0.591336053058698
mle01,retest,20181113,5,9,1,1,1,1.132944158158,0.454624026663229,0.51607455611416,0.508059290444559
mle01,retest,20181113,5,10,2,1,1,1.4785866756052,0.658276416279354,0.888713088584308,0.904671267095624
mle01,retest,20181113,5,11,1,1,1,8.50314107403036,0.45541052559246,0.685226600502226,0.622523719273631
mle01,retest,20181113,5,12,2,1,1,1.82914428929215,0.49672031146166,0.642505821715796,0.577648651199167
mle01,retest,20181113,5,13,1,1,1,11.8781921532538,0.781327829074732,0.905733884897877,0.79795639525512
mle01,retest,20181113,5,14,1,1,1,3.7823036009482,0.480919813557078,0.406390802813688,0.807409456505449
mle01,retest,20181113,5,15,2,1,1,1.76915562281985,0.399694658321426,0.793744696462618,0.80311694620984
mle01,retest,20181113,5,16,1,1,1,5.63215159879872,0.724961287533707,0.76769312755788,0.611603953938483
mle01,retest,20181113,5,17,1,1,1,2.25838718336635,0.584652539134417,0.798615341377704,0.711773377950942
mle01,retest,20181113,5,18,2,1,1,1.27605160612666,1.08695663531705,0.765447187852777,0.914289994442684
mle01,retest,20181113,5,19,2,1,1,2.92891074625272,2.70409153474665,1.38122203218122,1.22567039770429
mle01,retest,20181113,5,20,1,1,1,1.76340094892338,0.400288237969887,0.573812448705987,0.565329325599659
mle01,retest,20181113,5,21,1,1,1,4.17358552806044,0.346903069802928,0.375558357906365,0.422248949514219
mle01,retest,20181113,5,22,1,1,1,9.82595450913357,0.749261394390478,0.653464126663098,0.746222145174331
mle01,retest,20181113,5,23,2,1,1,5.345654190265,0.513893531613927,0.429076994830946,0.439997582573948
mle01,retest,20181113,5,24,1,1,1,3.08463341972503,0.746201940998747,0.445470368955657,0.536954720957439
mle01,retest,20181113,5,25,1,1,1,4.46320449118397,0.459288883309265,0.684047856800253,0.662787484202963
mle01,retest,20181113,5,26,1,1,1,4.89578737947719,0.58199224412297,0.553607801058698,0.640053164640817
mle01,retest,20181113,5,27,2,1,1,1.73711406908556,1.03574414407725,1.17192762835354,0.776517380375856
mle01,retest,20181113,5,28,1,1,1,5.00708757827939,0.625815869635571,0.597726431546678,0.414416294985259
mle01,retest,20181113,5,29,2,1,1,1.48354926042587,0.615396964514932,0.707406028629613,0.648205392231164
mle01,retest,20181113,5,30,1,0,0,NaN,NaN,NaN,NaN
mle01,retest,20181113,5,31,1,1,1,2.36990531094344,0.653559765352039,0.768191870762529,0.568203052022204
mle01,retest,20181113,5,32,2,1,1,4.32489041200282,1.62473566123846,1.07841900077979,1.16293556206527
mle01,retest,20181113,5,33,1,1,1,1.09405933336425,0.306697684326996,0.445102825430228,0.427749569726515
mle01,retest,20181113,5,34,2,1,1,3.66598760064883,0.236841860495475,0.440501688432766,0.416503691515721
mle01,retest,20181113,5,35,1,1,1,5.73001310975813,0.659129826222475,0.468100885929789,0.404405183634197
mle01,retest,20181113,5,36,1,1,1,11.8412146197602,0.587079980149773,0.875172485405868,0.580740760978713
mle01,retest,20181113,5,37,1,1,1,3.61805464321571,0.709652270708531,0.675719827177425,1.072360545059
mle01,retest,20181113,5,38,1,1,1,3.92800327793134,0.468543831901506,0.728504424410602,0.683242316179627
mle01,retest,20181113,5,39,1,1,1,2.84910848952545,0.773284627947874,0.740093624404127,0.447460659082017
mle01,retest,20181113,5,40,2,1,1,2.36507103878842,0.712587736497487,0.709938181148403,0.708742387545221
mle01,retest,20181113,5,41,2,1,1,1.42154509844178,1.13476656784505,0.63235815857316,0.649631772461322
mle01,retest,20181113,5,42,2,1,1,1.12950433546862,0.374391307917175,0.430206035483114,0.4573959540754
mle01,retest,20181113,5,43,1,1,1,4.67315031906587,0.748762469889638,0.730999051710351,0.715485705732147
mle01,retest,20181113,5,44,2,1,1,2.13921901184857,0.372036375979845,0.678534030749062,0.556075262335016
mle01,retest,20181113,5,45,1,1,1,2.40133012096508,0.6338386619126,0.574133287474067,0.495027549989221
mle01,retest,20181113,5,46,1,1,1,2.44540775548686,0.288366330283015,0.570509384384758,0.577608084699532
mle01,retest,20181113,5,47,2,1,1,2.19304276060811,0.260275854902831,0.342180454670259,0.455101709342893
mle01,retest,20181113,5,48,1,1,1,1.4938992440501,0.644047102561835,0.955430289794904,0.766461794389766
mle01,retest,20181113,5,49,2,1,1,1.75906921080718,0.398284626099714,0.630694420302808,0.452065649459471
mle01,retest,20181113,5,50,1,1,1,0.643766201661019,0.89725254127835,0.65104621158899,0.664925182958155
mle01,retest,20181113,5,51,1,1,1,10.699533978607,0.789474815389995,0.618238041242479,0.557565788630193
mle01,retest,20181113,5,52,1,1,1,8.68729400033806,1.25558644786517,0.848192858190289,0.880201038975537
mle01,retest,20181113,5,53,1,1,1,14.2315225748764,0.406431056401841,0.870083786733561,0.601456083131363
mle01,retest,20181113,5,54,2,1,1,6.55027047082429,0.663209522332407,0.637091615757394,0.62884822080021
mle01,retest,20181113,5,55,2,1,1,2.96734646249059,0.652586680672832,0.374318354431737,0.357883326389541
mle01,retest,20181113,5,56,1,1,1,19.9720740825772,0.873343456465339,0.752570956922896,0.693922144648361
mle01,retest,20181113,5,57,2,1,1,1.40483884852493,0.99386453509407,0.660120358482627,0.700122372726965
mle01,retest,20181113,5,58,2,1,1,2.15734457520026,0.533459692732459,0.881841333786077,0.445052547009919
mle01,retest,20181113,5,59,1,1,1,4.72076101276225,0.309105438889608,0.556443070812956,0.486365497157469
mle01,retest,20181113,5,60,1,1,1,0.555921894452136,0.756796968934484,0.604484577304334,0.599005032733334
mle01,retest,20181113,5,61,2,1,1,6.65922912707381,1.42956094047388,0.742910052423959,0.651716429227436
mle01,retest,20181113,5,62,1,1,1,1.53732373866625,0.405890814003098,0.595975350276973,0.581976866252022
mle01,retest,20181113,5,63,2,1,1,1.83915336212265,0.445618004237187,0.538265668662257,0.416383750667843
mle01,retest,20181113,5,64,2,1,1,1.44868187931269,0.365908801733427,0.439081834284553,0.487624627490448
mle01,retest,20181113,5,65,2,1,1,0.949329516093694,0.346623275558648,0.466163152112011,0.422406850820312
mle01,retest,20181113,5,66,2,1,1,5.1854333819037,0.527411426192185,1.01782645954268,0.993831114187918
mle01,retest,20181113,5,67,1,1,1,1.04707524628093,0.591355130306596,0.325433449335785,0.519453798932548
mle01,retest,20181113,5,68,1,1,1,4.63004819590483,0.461094363030352,0.741874708995669,0.44876529602752
mle01,retest,20181113,5,69,1,0,0,NaN,NaN,NaN,NaN
mle01,retest,20181113,5,70,1,1,1,2.60761198797768,1.58769049420153,0.984605251404786,0.931264770135548
mle01,retest,20181113,5,71,1,1,1,2.85201793040463,0.436482559764187,0.625703118005247,0.692872465237863
mle01,retest,20181113,5,72,1,1,1,8.97147626255181,0.142497457166446,0.549479735884566,0.633127842729959
mle01,retest,20181113,5,73,1,1,1,1.62207863527565,0.436938830660187,0.514146074416053,0.525434003154512
mle01,retest,20181113,5,74,1,1,1,1.44854077096868,0.201403993503128,0.481529017700399,0.359926033357026
mle01,retest,20181113,5,75,1,1,1,0.652780819635769,0.284214094560684,0.594234644537297,0.496899963522711
mle01,retest,20181113,5,76,1,1,1,2.14745038006799,0.36540058374397,0.442648080436208,0.474013555824404
mle01,retest,20181113,5,77,1,1,1,1.59424025524693,0.528221884435371,0.676851011273972,0.735566806891362
mle01,retest,20181113,5,78,1,1,1,0.669135970954799,0.536319983786953,0.783859134266859,0.789833081745171
mle01,retest,20181113,5,79,1,1,1,3.27118545930376,0.838070258480607,0.535104967755308,0.544353483756225
mle01,retest,20181113,5,80,1,1,1,5.1710156723174,0.923862906427896,0.534974688523274,0.607554236128392
mle01,retest,20181113,5,81,1,1,1,2.14174711010594,0.327886835867707,0.53939298789421,0.658827444484225
mle01,retest,20181113,5,82,1,1,1,2.55120847037404,0.318475126305588,0.33850123373721,0.357619481226627
mle01,retest,20181113,5,83,1,1,1,2.63680372042433,0.99696092093543,1.0887827734223,0.976141755239225
mle01,retest,20181113,5,84,1,1,1,8.96220836012906,0.53901162057538,0.376116526271441,0.355848223948657
mle01,retest,20181113,5,85,1,1,1,1.53769600074206,0.356681619759708,1.04092976809168,1.06065917870315
mle01,retest,20181113,5,86,2,1,1,8.77893843424659,0.679448697275602,0.807296736168643,0.86094444078507
mle01,retest,20181113,5,87,1,1,1,2.03072040198851,0.407865869706741,0.501504743187296,0.577687046631092
mle01,retest,20181113,5,88,1,1,1,1.5692244906441,1.0104934382792,0.780733883367297,0.789500581758299
mle01,retest,20181113,5,89,1,1,1,1.76046577370671,0.78195577427459,0.661592391120036,0.640688992781143
mle01,retest,20181113,5,90,1,1,1,7.44568314474903,0.956110671516138,0.949063820172222,1.063813682168
mle01,retest,20181113,5,91,1,1,1,7.4217137967737,0.890686915566752,0.88707011371693,0.888910196913262
mle01,retest,20181113,5,92,NaN,0,0,NaN,NaN,NaN,NaN
mle01,retest,20181113,5,93,1,0,0,NaN,NaN,NaN,NaN
mle01,retest,20181113,5,94,1,0,0,NaN,NaN,NaN,NaN
mle01,retest,20181113,5,95,1,1,1,1.60729131567754,0.766981536621369,0.393726974248851,0.401617922459188
mle01,retest,20181113,5,96,1,1,1,2.90276790230283,0.245304194973732,0.454941920050289,0.436294797001128
mle01,retest,20181113,5,97,1,1,1,2.14003884352742,0.963553378758965,0.684823594257515,0.631266620952397
mle01,retest,20181113,5,98,1,1,1,3.52660802261378,0.321049584833524,0.557911106652225,0.580196178329183
mle01,retest,20181113,5,99,2,1,1,0.928355418472719,0.278666179106856,0.768433811426989,0.779675511614246
mle01,retest,20181113,5,100,NaN,0,0,NaN,NaN,NaN,NaN
